combo,EA,HSINK,KAPPA,regime,step,J,V,Tmax,converged
0,3,0.5,0.02,monotone,0,0.116667,0.108348,1.02528,1
0,3,0.5,0.02,monotone,1,0.233333,0.184046,1.08589,1
0,3,0.5,0.02,monotone,2,0.35,0.23065,1.16145,1
0,3,0.5,0.02,monotone,3,0.466667,0.25984,1.24252,1
0,3,0.5,0.02,monotone,4,0.583333,0.279151,1.32568,1
0,3,0.5,0.02,monotone,5,0.7,0.292686,1.40976,1
0,3,0.5,0.02,monotone,6,0.816667,0.302695,1.4944,1
0,3,0.5,0.02,monotone,7,0.933333,0.310462,1.57953,1
0,3,0.5,0.02,monotone,8,1.05,0.316758,1.66519,1
0,3,0.5,0.02,monotone,9,1.16667,0.322062,1.75148,1
0,3,0.5,0.02,monotone,10,1.28333,0.326684,1.83849,1
0,3,0.5,0.02,monotone,11,1.4,0.330829,1.92632,1
0,3,0.5,0.02,monotone,12,1.51667,0.334639,2.01507,1
0,3,0.5,0.02,monotone,13,1.63333,0.338212,2.10483,1
0,3,0.5,0.02,monotone,14,1.75,0.34162,2.19567,1
0,3,0.5,0.02,monotone,15,1.86667,0.344911,2.28767,1
0,3,0.5,0.02,monotone,16,1.98333,0.348126,2.3809,1
0,3,0.5,0.02,monotone,17,2.1,0.351289,2.47542,1
0,3,0.5,0.02,monotone,18,2.21667,0.354424,2.57128,1
0,3,0.5,0.02,monotone,19,2.33333,0.357545,2.66854,1
0,3,0.5,0.02,monotone,20,2.45,0.360665,2.76726,1
0,3,0.5,0.02,monotone,21,2.56667,0.363792,2.86747,1
0,3,0.5,0.02,monotone,22,2.68333,0.366934,2.96921,1
0,3,0.5,0.02,monotone,23,2.8,0.370097,3.07254,1
0,3,0.5,0.02,monotone,24,2.91667,0.373284,3.17749,1
0,3,0.5,0.02,monotone,25,3.03333,0.376498,3.28409,1
0,3,0.5,0.02,monotone,26,3.15,0.379742,3.39238,1
0,3,0.5,0.02,monotone,27,3.26667,0.383019,3.50239,1
0,3,0.5,0.02,monotone,28,3.38333,0.386328,3.61415,1
0,3,0.5,0.02,monotone,29,3.5,0.389671,3.7277,1
0,3,0.5,0.02,monotone,30,3.61667,0.39305,3.84306,1
0,3,0.5,0.02,monotone,31,3.73333,0.396463,3.96026,1
0,3,0.5,0.02,monotone,32,3.85,0.399912,4.07932,1
0,3,0.5,0.02,monotone,33,3.96667,0.403396,4.20028,1
0,3,0.5,0.02,monotone,34,4.08333,0.406916,4.32315,1
0,3,0.5,0.02,monotone,35,4.2,0.410471,4.44796,1
0,3,0.5,0.02,monotone,36,4.31667,0.414062,4.57473,1
0,3,0.5,0.02,monotone,37,4.43333,0.417687,4.70349,1
0,3,0.5,0.02,monotone,38,4.55,0.421346,4.83425,1
0,3,0.5,0.02,monotone,39,4.66667,0.42504,4.96704,1
0,3,0.5,0.02,monotone,40,4.78333,0.428767,5.10187,1
0,3,0.5,0.02,monotone,41,4.9,0.432527,5.23876,1
0,3,0.5,0.02,monotone,42,5.01667,0.43632,5.37774,1
0,3,0.5,0.02,monotone,43,5.13333,0.440145,5.51882,1
0,3,0.5,0.02,monotone,44,5.25,0.444002,5.66202,1
0,3,0.5,0.02,monotone,45,5.36667,0.44789,5.80736,1
0,3,0.5,0.02,monotone,46,5.48333,0.451809,5.95484,1
0,3,0.5,0.02,monotone,47,5.6,0.455758,6.10449,1
0,3,0.5,0.02,monotone,48,5.71667,0.459737,6.25633,1
0,3,0.5,0.02,monotone,49,5.83333,0.463746,6.41036,1
0,3,0.5,0.02,monotone,50,5.95,0.467782,6.56661,1
0,3,0.5,0.02,monotone,51,6.06667,0.471847,6.72508,1
0,3,0.5,0.02,monotone,52,6.18333,0.47594,6.88579,1
0,3,0.5,0.02,monotone,53,6.3,0.48006,7.04876,1
0,3,0.5,0.02,monotone,54,6.41667,0.484207,7.21399,1
0,3,0.5,0.02,monotone,55,6.53333,0.48838,7.3815,1
0,3,0.5,0.02,monotone,56,6.65,0.492579,7.5513,1
0,3,0.5,0.02,monotone,57,6.76667,0.496803,7.7234,1
0,3,0.5,0.02,monotone,58,6.88333,0.501052,7.89782,1
0,3,0.5,0.02,monotone,59,7,0.505326,8.07456,1
1,5.429,0.5,0.02,NDR-fold,0,0.116667,0.102743,1.02397,1
1,5.429,0.5,0.02,NDR-fold,1,0.233333,0.160015,1.07467,1
1,5.429,0.5,0.02,NDR-fold,2,0.35,0.186817,1.13077,1
1,5.429,0.5,0.02,NDR-fold,3,0.466667,0.199229,1.18595,1
1,5.429,0.5,0.02,NDR-fold,4,0.583333,0.204778,1.23891,1
1,5.429,0.5,0.02,NDR-fold,5,0.7,0.206855,1.2896,1
1,5.429,0.5,0.02,NDR-fold,6,0.816667,0.207089,1.33824,1
1,5.429,0.5,0.02,NDR-fold,7,0.933333,0.206314,1.38512,1
1,5.429,0.5,0.02,NDR-fold,8,1.05,0.204985,1.43047,1
1,5.429,0.5,0.02,NDR-fold,9,1.16667,0.203358,1.4745,1
1,5.429,0.5,0.02,NDR-fold,10,1.28333,0.201583,1.5174,1
1,5.429,0.5,0.02,NDR-fold,11,1.4,0.19975,1.5593,1
1,5.429,0.5,0.02,NDR-fold,12,1.51667,0.197914,1.60034,1
1,5.429,0.5,0.02,NDR-fold,13,1.63333,0.196108,1.64062,1
1,5.429,0.5,0.02,NDR-fold,14,1.75,0.19435,1.68022,1
1,5.429,0.5,0.02,NDR-fold,15,1.86667,0.192652,1.71924,1
1,5.429,0.5,0.02,NDR-fold,16,1.98333,0.191021,1.75772,1
1,5.429,0.5,0.02,NDR-fold,17,2.1,0.189459,1.79573,1
1,5.429,0.5,0.02,NDR-fold,18,2.21667,0.187966,1.83331,1
1,5.429,0.5,0.02,NDR-fold,19,2.33333,0.186541,1.87052,1
1,5.429,0.5,0.02,NDR-fold,20,2.45,0.185182,1.90739,1
1,5.429,0.5,0.02,NDR-fold,21,2.56667,0.183888,1.94396,1
1,5.429,0.5,0.02,NDR-fold,22,2.68333,0.182655,1.98025,1
1,5.429,0.5,0.02,NDR-fold,23,2.8,0.181481,2.0163,1
1,5.429,0.5,0.02,NDR-fold,24,2.91667,0.180363,2.05212,1
1,5.429,0.5,0.02,NDR-fold,25,3.03333,0.179299,2.08775,1
1,5.429,0.5,0.02,NDR-fold,26,3.15,0.178285,2.12319,1
1,5.429,0.5,0.02,NDR-fold,27,3.26667,0.177319,2.15848,1
1,5.429,0.5,0.02,NDR-fold,28,3.38333,0.176398,2.19363,1
1,5.429,0.5,0.02,NDR-fold,29,3.5,0.175521,2.22865,1
1,5.429,0.5,0.02,NDR-fold,30,3.61667,0.174685,2.26356,1
1,5.429,0.5,0.02,NDR-fold,31,3.73333,0.173888,2.29837,1
1,5.429,0.5,0.02,NDR-fold,32,3.85,0.173128,2.33309,1
1,5.429,0.5,0.02,NDR-fold,33,3.96667,0.172404,2.36773,1
1,5.429,0.5,0.02,NDR-fold,34,4.08333,0.171712,2.40232,1
1,5.429,0.5,0.02,NDR-fold,35,4.2,0.171053,2.43684,1
1,5.429,0.5,0.02,NDR-fold,36,4.31667,0.170424,2.47133,1
1,5.429,0.5,0.02,NDR-fold,37,4.43333,0.169824,2.50577,1
1,5.429,0.5,0.02,NDR-fold,38,4.55,0.169251,2.54019,1
1,5.429,0.5,0.02,NDR-fold,39,4.66667,0.168705,2.57458,1
1,5.429,0.5,0.02,NDR-fold,40,4.78333,0.168184,2.60896,1
1,5.429,0.5,0.02,NDR-fold,41,4.9,0.167687,2.64334,1
1,5.429,0.5,0.02,NDR-fold,42,5.01667,0.167213,2.67771,1
1,5.429,0.5,0.02,NDR-fold,43,5.13333,0.166761,2.71208,1
1,5.429,0.5,0.02,NDR-fold,44,5.25,0.16633,2.74647,1
1,5.429,0.5,0.02,NDR-fold,45,5.36667,0.16592,2.78087,1
1,5.429,0.5,0.02,NDR-fold,46,5.48333,0.165528,2.81529,1
1,5.429,0.5,0.02,NDR-fold,47,5.6,0.165155,2.84974,1
1,5.429,0.5,0.02,NDR-fold,48,5.71667,0.1648,2.88422,1
1,5.429,0.5,0.02,NDR-fold,49,5.83333,0.164462,2.91873,1
1,5.429,0.5,0.02,NDR-fold,50,5.95,0.164141,2.95328,1
1,5.429,0.5,0.02,NDR-fold,51,6.06667,0.163835,2.98787,1
1,5.429,0.5,0.02,NDR-fold,52,6.18333,0.163545,3.02251,1
1,5.429,0.5,0.02,NDR-fold,53,6.3,0.16327,3.0572,1
1,5.429,0.5,0.02,NDR-fold,54,6.41667,0.163008,3.09194,1
1,5.429,0.5,0.02,NDR-fold,55,6.53333,0.16276,3.12674,1
1,5.429,0.5,0.02,NDR-fold,56,6.65,0.162526,3.16159,1
1,5.429,0.5,0.02,NDR-fold,57,6.76667,0.162304,3.19651,1
1,5.429,0.5,0.02,NDR-fold,58,6.88333,0.162094,3.2315,1
1,5.429,0.5,0.02,NDR-fold,59,7,0.161897,3.26655,1
2,7.857,0.5,0.02,NDR-fold,0,0.116667,0.0978916,1.02284,1
2,7.857,0.5,0.02,NDR-fold,1,0.233333,0.142813,1.06665,1
2,7.857,0.5,0.02,NDR-fold,2,0.35,0.159197,1.11144,1
2,7.857,0.5,0.02,NDR-fold,3,0.466667,0.164235,1.15329,1
2,7.857,0.5,0.02,NDR-fold,4,0.583333,0.164558,1.19198,1
2,7.857,0.5,0.02,NDR-fold,5,0.7,0.162812,1.22794,1
2,7.857,0.5,0.02,NDR-fold,6,0.816667,0.16015,1.26158,1
2,7.857,0.5,0.02,NDR-fold,7,0.933333,0.157115,1.29328,1
2,7.857,0.5,0.02,NDR-fold,8,1.05,0.153971,1.32334,1
2,7.857,0.5,0.02,NDR-fold,9,1.16667,0.150853,1.35199,1
2,7.857,0.5,0.02,NDR-fold,10,1.28333,0.147827,1.37942,1
2,7.857,0.5,0.02,NDR-fold,11,1.4,0.144925,1.40579,1
2,7.857,0.5,0.02,NDR-fold,12,1.51667,0.14216,1.43122,1
2,7.857,0.5,0.02,NDR-fold,13,1.63333,0.139535,1.45581,1
2,7.857,0.5,0.02,NDR-fold,14,1.75,0.137046,1.47966,1
2,7.857,0.5,0.02,NDR-fold,15,1.86667,0.134689,1.50284,1
2,7.857,0.5,0.02,NDR-fold,16,1.98333,0.132455,1.52541,1
2,7.857,0.5,0.02,NDR-fold,17,2.1,0.130338,1.54742,1
2,7.857,0.5,0.02,NDR-fold,18,2.21667,0.128329,1.56892,1
2,7.857,0.5,0.02,NDR-fold,19,2.33333,0.126421,1.58997,1
2,7.857,0.5,0.02,NDR-fold,20,2.45,0.124607,1.61058,1
2,7.857,0.5,0.02,NDR-fold,21,2.56667,0.122881,1.63079,1
2,7.857,0.5,0.02,NDR-fold,22,2.68333,0.121236,1.65064,1
2,7.857,0.5,0.02,NDR-fold,23,2.8,0.119668,1.67014,1
2,7.857,0.5,0.02,NDR-fold,24,2.91667,0.118169,1.68932,1
2,7.857,0.5,0.02,NDR-fold,25,3.03333,0.116737,1.7082,1
2,7.857,0.5,0.02,NDR-fold,26,3.15,0.115366,1.72681,1
2,7.857,0.5,0.02,NDR-fold,27,3.26667,0.114053,1.74515,1
2,7.857,0.5,0.02,NDR-fold,28,3.38333,0.112794,1.76324,1
2,7.857,0.5,0.02,NDR-fold,29,3.5,0.111585,1.7811,1
2,7.857,0.5,0.02,NDR-fold,30,3.61667,0.110424,1.79873,1
2,7.857,0.5,0.02,NDR-fold,31,3.73333,0.109307,1.81616,1
2,7.857,0.5,0.02,NDR-fold,32,3.85,0.108232,1.83339,1
2,7.857,0.5,0.02,NDR-fold,33,3.96667,0.107197,1.85043,1
2,7.857,0.5,0.02,NDR-fold,34,4.08333,0.106198,1.86729,1
2,7.857,0.5,0.02,NDR-fold,35,4.2,0.105236,1.88398,1
2,7.857,0.5,0.02,NDR-fold,36,4.31667,0.104306,1.90051,1
2,7.857,0.5,0.02,NDR-fold,37,4.43333,0.103408,1.91688,1
2,7.857,0.5,0.02,NDR-fold,38,4.55,0.10254,1.93311,1
2,7.857,0.5,0.02,NDR-fold,39,4.66667,0.1017,1.9492,1
2,7.857,0.5,0.02,NDR-fold,40,4.78333,0.100886,1.96515,1
2,7.857,0.5,0.02,NDR-fold,41,4.9,0.100099,1.98097,1
2,7.857,0.5,0.02,NDR-fold,42,5.01667,0.0993357,1.99667,1
2,7.857,0.5,0.02,NDR-fold,43,5.13333,0.0985956,2.01225,1
2,7.857,0.5,0.02,NDR-fold,44,5.25,0.0978776,2.02771,1
2,7.857,0.5,0.02,NDR-fold,45,5.36667,0.0971805,2.04307,1
2,7.857,0.5,0.02,NDR-fold,46,5.48333,0.0965036,2.05832,1
2,7.857,0.5,0.02,NDR-fold,47,5.6,0.0958459,2.07347,1
2,7.857,0.5,0.02,NDR-fold,48,5.71667,0.0952065,2.08853,1
2,7.857,0.5,0.02,NDR-fold,49,5.83333,0.0945846,2.10349,1
2,7.857,0.5,0.02,NDR-fold,50,5.95,0.0939796,2.11836,1
2,7.857,0.5,0.02,NDR-fold,51,6.06667,0.0933907,2.13314,1
2,7.857,0.5,0.02,NDR-fold,52,6.18333,0.0928172,2.14784,1
2,7.857,0.5,0.02,NDR-fold,53,6.3,0.0922585,2.16246,1
2,7.857,0.5,0.02,NDR-fold,54,6.41667,0.0917141,2.177,1
2,7.857,0.5,0.02,NDR-fold,55,6.53333,0.0911833,2.19146,1
2,7.857,0.5,0.02,NDR-fold,56,6.65,0.0906657,2.20585,1
2,7.857,0.5,0.02,NDR-fold,57,6.76667,0.0901608,2.22018,1
2,7.857,0.5,0.02,NDR-fold,58,6.88333,0.089668,2.23443,1
2,7.857,0.5,0.02,NDR-fold,59,7,0.0891869,2.24862,1
3,10.29,0.5,0.02,NDR-fold,0,0.116667,0.0936348,1.02185,1
3,10.29,0.5,0.02,NDR-fold,1,0.233333,0.129718,1.06054,1
3,10.29,0.5,0.02,NDR-fold,2,0.35,0.139867,1.09791,1
3,10.29,0.5,0.02,NDR-fold,3,0.466667,0.141046,1.13164,1
3,10.29,0.5,0.02,NDR-fold,4,0.583333,0.13894,1.1621,1
3,10.29,0.5,0.02,NDR-fold,5,0.7,0.135616,1.18986,1
3,10.29,0.5,0.02,NDR-fold,6,0.816667,0.131902,1.21544,1
3,10.29,0.5,0.02,NDR-fold,7,0.933333,0.128152,1.23922,1
3,10.29,0.5,0.02,NDR-fold,8,1.05,0.124519,1.26149,1
3,10.29,0.5,0.02,NDR-fold,9,1.16667,0.121065,1.28249,1
3,10.29,0.5,0.02,NDR-fold,10,1.28333,0.117813,1.30239,1
3,10.29,0.5,0.02,NDR-fold,11,1.4,0.114762,1.32133,1
3,10.29,0.5,0.02,NDR-fold,12,1.51667,0.111905,1.33944,1
3,10.29,0.5,0.02,NDR-fold,13,1.63333,0.109229,1.35681,1
3,10.29,0.5,0.02,NDR-fold,14,1.75,0.106721,1.37352,1
3,10.29,0.5,0.02,NDR-fold,15,1.86667,0.104367,1.38964,1
3,10.29,0.5,0.02,NDR-fold,16,1.98333,0.102155,1.40522,1
3,10.29,0.5,0.02,NDR-fold,17,2.1,0.100072,1.4203,1
3,10.29,0.5,0.02,NDR-fold,18,2.21667,0.0981078,1.43494,1
3,10.29,0.5,0.02,NDR-fold,19,2.33333,0.096252,1.44918,1
3,10.29,0.5,0.02,NDR-fold,20,2.45,0.0944957,1.46303,1
3,10.29,0.5,0.02,NDR-fold,21,2.56667,0.0928309,1.47653,1
3,10.29,0.5,0.02,NDR-fold,22,2.68333,0.0912504,1.48971,1
3,10.29,0.5,0.02,NDR-fold,23,2.8,0.0897475,1.50259,1
3,10.29,0.5,0.02,NDR-fold,24,2.91667,0.0883165,1.51518,1
3,10.29,0.5,0.02,NDR-fold,25,3.03333,0.086952,1.52751,1
3,10.29,0.5,0.02,NDR-fold,26,3.15,0.0856491,1.53959,1
3,10.29,0.5,0.02,NDR-fold,27,3.26667,0.0844036,1.55144,1
3,10.29,0.5,0.02,NDR-fold,28,3.38333,0.0832114,1.56306,1
3,10.29,0.5,0.02,NDR-fold,29,3.5,0.082069,1.57448,1
3,10.29,0.5,0.02,NDR-fold,30,3.61667,0.0809731,1.58571,1
3,10.29,0.5,0.02,NDR-fold,31,3.73333,0.0799207,1.59674,1
3,10.29,0.5,0.02,NDR-fold,32,3.85,0.078909,1.6076,1
3,10.29,0.5,0.02,NDR-fold,33,3.96667,0.0779357,1.61829,1
3,10.29,0.5,0.02,NDR-fold,34,4.08333,0.0769983,1.62882,1
3,10.29,0.5,0.02,NDR-fold,35,4.2,0.0760947,1.6392,1
3,10.29,0.5,0.02,NDR-fold,36,4.31667,0.0752231,1.64943,1
3,10.29,0.5,0.02,NDR-fold,37,4.43333,0.0743816,1.65952,1
3,10.29,0.5,0.02,NDR-fold,38,4.55,0.0735686,1.66947,1
3,10.29,0.5,0.02,NDR-fold,39,4.66667,0.0727825,1.6793,1
3,10.29,0.5,0.02,NDR-fold,40,4.78333,0.0720219,1.68901,1
3,10.29,0.5,0.02,NDR-fold,41,4.9,0.0712855,1.6986,1
3,10.29,0.5,0.02,NDR-fold,42,5.01667,0.070572,1.70807,1
3,10.29,0.5,0.02,NDR-fold,43,5.13333,0.0698803,1.71744,1
3,10.29,0.5,0.02,NDR-fold,44,5.25,0.0692094,1.7267,1
3,10.29,0.5,0.02,NDR-fold,45,5.36667,0.0685582,1.73586,1
3,10.29,0.5,0.02,NDR-fold,46,5.48333,0.0679258,1.74492,1
3,10.29,0.5,0.02,NDR-fold,47,5.6,0.0673114,1.75389,1
3,10.29,0.5,0.02,NDR-fold,48,5.71667,0.0667141,1.76276,1
3,10.29,0.5,0.02,NDR-fold,49,5.83333,0.0661332,1.77155,1
3,10.29,0.5,0.02,NDR-fold,50,5.95,0.0655679,1.78026,1
3,10.29,0.5,0.02,NDR-fold,51,6.06667,0.0650176,1.78888,1
3,10.29,0.5,0.02,NDR-fold,52,6.18333,0.0644816,1.79742,1
3,10.29,0.5,0.02,NDR-fold,53,6.3,0.0639593,1.80589,1
3,10.29,0.5,0.02,NDR-fold,54,6.41667,0.0634502,1.81428,1
3,10.29,0.5,0.02,NDR-fold,55,6.53333,0.0629538,1.8226,1
3,10.29,0.5,0.02,NDR-fold,56,6.65,0.0624694,1.83084,1
3,10.29,0.5,0.02,NDR-fold,57,6.76667,0.0619968,1.83902,1
3,10.29,0.5,0.02,NDR-fold,58,6.88333,0.0615353,1.84714,1
3,10.29,0.5,0.02,NDR-fold,59,7,0.0610846,1.85518,1
4,12.71,0.5,0.02,NDR-fold,0,0.116667,0.089857,1.02097,1
4,12.71,0.5,0.02,NDR-fold,1,0.233333,0.119323,1.05568,1
4,12.71,0.5,0.02,NDR-fold,2,0.35,0.125428,1.0878,1
4,12.71,0.5,0.02,NDR-fold,3,0.466667,0.12437,1.11608,1
4,12.71,0.5,0.02,NDR-fold,4,0.583333,0.121008,1.14118,1
4,12.71,0.5,0.02,NDR-fold,5,0.7,0.116973,1.16376,1
4,12.71,0.5,0.02,NDR-fold,6,0.816667,0.112866,1.18435,1
4,12.71,0.5,0.02,NDR-fold,7,0.933333,0.108916,1.20331,1
4,12.71,0.5,0.02,NDR-fold,8,1.05,0.105203,1.22093,1
4,12.71,0.5,0.02,NDR-fold,9,1.16667,0.101749,1.23741,1
4,12.71,0.5,0.02,NDR-fold,10,1.28333,0.0985464,1.25294,1
4,12.71,0.5,0.02,NDR-fold,11,1.4,0.0955797,1.26762,1
4,12.71,0.5,0.02,NDR-fold,12,1.51667,0.0928291,1.28158,1
4,12.71,0.5,0.02,NDR-fold,13,1.63333,0.0902746,1.2949,1
4,12.71,0.5,0.02,NDR-fold,14,1.75,0.087897,1.30764,1
4,12.71,0.5,0.02,NDR-fold,15,1.86667,0.0856793,1.31987,1
4,12.71,0.5,0.02,NDR-fold,16,1.98333,0.0836058,1.33164,1
4,12.71,0.5,0.02,NDR-fold,17,2.1,0.0816628,1.34298,1
4,12.71,0.5,0.02,NDR-fold,18,2.21667,0.079838,1.35395,1
4,12.71,0.5,0.02,NDR-fold,19,2.33333,0.0781204,1.36456,1
4,12.71,0.5,0.02,NDR-fold,20,2.45,0.0765006,1.37485,1
4,12.71,0.5,0.02,NDR-fold,21,2.56667,0.07497,1.38485,1
4,12.71,0.5,0.02,NDR-fold,22,2.68333,0.073521,1.39456,1
4,12.71,0.5,0.02,NDR-fold,23,2.8,0.0721469,1.40402,1
4,12.71,0.5,0.02,NDR-fold,24,2.91667,0.0708416,1.41324,1
4,12.71,0.5,0.02,NDR-fold,25,3.03333,0.0695998,1.42224,1
4,12.71,0.5,0.02,NDR-fold,26,3.15,0.0684166,1.43102,1
4,12.71,0.5,0.02,NDR-fold,27,3.26667,0.0672877,1.43961,1
4,12.71,0.5,0.02,NDR-fold,28,3.38333,0.0662092,1.44802,1
4,12.71,0.5,0.02,NDR-fold,29,3.5,0.0651776,1.45624,1
4,12.71,0.5,0.02,NDR-fold,30,3.61667,0.0641895,1.4643,1
4,12.71,0.5,0.02,NDR-fold,31,3.73333,0.0632422,1.47221,1
4,12.71,0.5,0.02,NDR-fold,32,3.85,0.0623329,1.47996,1
4,12.71,0.5,0.02,NDR-fold,33,3.96667,0.0614592,1.48758,1
4,12.71,0.5,0.02,NDR-fold,34,4.08333,0.060619,1.49506,1
4,12.71,0.5,0.02,NDR-fold,35,4.2,0.0598101,1.50241,1
4,12.71,0.5,0.02,NDR-fold,36,4.31667,0.0590308,1.50963,1
4,12.71,0.5,0.02,NDR-fold,37,4.43333,0.0582793,1.51674,1
4,12.71,0.5,0.02,NDR-fold,38,4.55,0.0575539,1.52374,1
4,12.71,0.5,0.02,NDR-fold,39,4.66667,0.0568534,1.53063,1
4,12.71,0.5,0.02,NDR-fold,40,4.78333,0.0561763,1.53742,1
4,12.71,0.5,0.02,NDR-fold,41,4.9,0.0555213,1.54411,1
4,12.71,0.5,0.02,NDR-fold,42,5.01667,0.0548873,1.5507,1
4,12.71,0.5,0.02,NDR-fold,43,5.13333,0.0542733,1.55721,1
4,12.71,0.5,0.02,NDR-fold,44,5.25,0.0536782,1.56362,1
4,12.71,0.5,0.02,NDR-fold,45,5.36667,0.0531011,1.56995,1
4,12.71,0.5,0.02,NDR-fold,46,5.48333,0.0525411,1.5762,1
4,12.71,0.5,0.02,NDR-fold,47,5.6,0.0519974,1.58237,1
4,12.71,0.5,0.02,NDR-fold,48,5.71667,0.0514693,1.58847,1
4,12.71,0.5,0.02,NDR-fold,49,5.83333,0.050956,1.59449,1
4,12.71,0.5,0.02,NDR-fold,50,5.95,0.0504569,1.60044,1
4,12.71,0.5,0.02,NDR-fold,51,6.06667,0.0499713,1.60632,1
4,12.71,0.5,0.02,NDR-fold,52,6.18333,0.0494987,1.61213,1
4,12.71,0.5,0.02,NDR-fold,53,6.3,0.0490385,1.61788,1
4,12.71,0.5,0.02,NDR-fold,54,6.41667,0.0485901,1.62357,1
4,12.71,0.5,0.02,NDR-fold,55,6.53333,0.0481532,1.6292,1
4,12.71,0.5,0.02,NDR-fold,56,6.65,0.0477271,1.63477,1
4,12.71,0.5,0.02,NDR-fold,57,6.76667,0.0473115,1.64028,1
4,12.71,0.5,0.02,NDR-fold,58,6.88333,0.046906,1.64574,1
4,12.71,0.5,0.02,NDR-fold,59,7,0.0465102,1.65114,1
5,15.14,0.5,0.02,NDR-fold,0,0.116667,0.0864726,1.02018,1
5,15.14,0.5,0.02,NDR-fold,1,0.233333,0.110816,1.05171,1
5,15.14,0.5,0.02,NDR-fold,2,0.35,0.114148,1.0799,1
5,15.14,0.5,0.02,NDR-fold,3,0.466667,0.111707,1.10426,1
5,15.14,0.5,0.02,NDR-fold,4,0.583333,0.107661,1.1256,1
5,15.14,0.5,0.02,NDR-fold,5,0.7,0.103307,1.14463,1
5,15.14,0.5,0.02,NDR-fold,6,0.816667,0.0990823,1.16183,1
5,15.14,0.5,0.02,NDR-fold,7,0.933333,0.0951302,1.17758,1
5,15.14,0.5,0.02,NDR-fold,8,1.05,0.0914847,1.19212,1
5,15.14,0.5,0.02,NDR-fold,9,1.16667,0.088138,1.20566,1
5,15.14,0.5,0.02,NDR-fold,10,1.28333,0.0850676,1.21834,1
5,15.14,0.5,0.02,NDR-fold,11,1.4,0.0822468,1.23029,1
5,15.14,0.5,0.02,NDR-fold,12,1.51667,0.0796492,1.2416,1
5,15.14,0.5,0.02,NDR-fold,13,1.63333,0.0772506,1.25235,1
5,15.14,0.5,0.02,NDR-fold,14,1.75,0.0750294,1.2626,1
5,15.14,0.5,0.02,NDR-fold,15,1.86667,0.0729664,1.27241,1
5,15.14,0.5,0.02,NDR-fold,16,1.98333,0.071045,1.28181,1
5,15.14,0.5,0.02,NDR-fold,17,2.1,0.0692506,1.29085,1
5,15.14,0.5,0.02,NDR-fold,18,2.21667,0.0675706,1.29956,1
5,15.14,0.5,0.02,NDR-fold,19,2.33333,0.0659938,1.30797,1
5,15.14,0.5,0.02,NDR-fold,20,2.45,0.0645105,1.3161,1
5,15.14,0.5,0.02,NDR-fold,21,2.56667,0.0631123,1.32398,1
5,15.14,0.5,0.02,NDR-fold,22,2.68333,0.0617914,1.33161,1
5,15.14,0.5,0.02,NDR-fold,23,2.8,0.0605414,1.33903,1
5,15.14,0.5,0.02,NDR-fold,24,2.91667,0.0593563,1.34624,1
5,15.14,0.5,0.02,NDR-fold,25,3.03333,0.0582308,1.35327,1
5,15.14,0.5,0.02,NDR-fold,26,3.15,0.0571602,1.36011,1
5,15.14,0.5,0.02,NDR-fold,27,3.26667,0.0561404,1.36678,1
5,15.14,0.5,0.02,NDR-fold,28,3.38333,0.0551676,1.3733,1
5,15.14,0.5,0.02,NDR-fold,29,3.5,0.0542383,1.37967,1
5,15.14,0.5,0.02,NDR-fold,30,3.61667,0.0533495,1.38589,1
5,15.14,0.5,0.02,NDR-fold,31,3.73333,0.0524984,1.39199,1
5,15.14,0.5,0.02,NDR-fold,32,3.85,0.0516825,1.39796,1
5,15.14,0.5,0.02,NDR-fold,33,3.96667,0.0508995,1.4038,1
5,15.14,0.5,0.02,NDR-fold,34,4.08333,0.0501472,1.40954,1
5,15.14,0.5,0.02,NDR-fold,35,4.2,0.0494239,1.41516,1
5,15.14,0.5,0.02,NDR-fold,36,4.31667,0.0487276,1.42068,1
5,15.14,0.5,0.02,NDR-fold,37,4.43333,0.0480569,1.4261,1
5,15.14,0.5,0.02,NDR-fold,38,4.55,0.0474102,1.43143,1
5,15.14,0.5,0.02,NDR-fold,39,4.66667,0.0467861,1.43667,1
5,15.14,0.5,0.02,NDR-fold,40,4.78333,0.0461835,1.44182,1
5,15.14,0.5,0.02,NDR-fold,41,4.9,0.045601,1.44689,1
5,15.14,0.5,0.02,NDR-fold,42,5.01667,0.0450377,1.45188,1
5,15.14,0.5,0.02,NDR-fold,43,5.13333,0.0444926,1.45679,1
5,15.14,0.5,0.02,NDR-fold,44,5.25,0.0439647,1.46163,1
5,15.14,0.5,0.02,NDR-fold,45,5.36667,0.0434531,1.4664,1
5,15.14,0.5,0.02,NDR-fold,46,5.48333,0.0429571,1.4711,1
5,15.14,0.5,0.02,NDR-fold,47,5.6,0.0424758,1.47573,1
5,15.14,0.5,0.02,NDR-fold,48,5.71667,0.0420087,1.4803,1
5,15.14,0.5,0.02,NDR-fold,49,5.83333,0.041555,1.48481,1
5,15.14,0.5,0.02,NDR-fold,50,5.95,0.041114,1.48926,1
5,15.14,0.5,0.02,NDR-fold,51,6.06667,0.0406854,1.49365,1
5,15.14,0.5,0.02,NDR-fold,52,6.18333,0.0402684,1.49799,1
5,15.14,0.5,0.02,NDR-fold,53,6.3,0.0398626,1.50227,1
5,15.14,0.5,0.02,NDR-fold,54,6.41667,0.0394675,1.5065,1
5,15.14,0.5,0.02,NDR-fold,55,6.53333,0.0390827,1.51068,1
5,15.14,0.5,0.02,NDR-fold,56,6.65,0.0387077,1.51481,1
5,15.14,0.5,0.02,NDR-fold,57,6.76667,0.0383421,1.5189,1
5,15.14,0.5,0.02,NDR-fold,58,6.88333,0.0379856,1.52294,1
5,15.14,0.5,0.02,NDR-fold,59,7,0.0376378,1.52693,1
6,17.57,0.5,0.02,NDR-fold,0,0.116667,0.0834163,1.01946,1
6,17.57,0.5,0.02,NDR-fold,1,0.233333,0.103693,1.04839,1
6,17.57,0.5,0.02,NDR-fold,2,0.35,0.105045,1.07353,1
6,17.57,0.5,0.02,NDR-fold,3,0.466667,0.101713,1.09493,1
6,17.57,0.5,0.02,NDR-fold,4,0.583333,0.0972871,1.1135,1
6,17.57,0.5,0.02,NDR-fold,5,0.7,0.0928081,1.12993,1
6,17.57,0.5,0.02,NDR-fold,6,0.816667,0.0885922,1.1447,1
6,17.57,0.5,0.02,NDR-fold,7,0.933333,0.0847211,1.15815,1
6,17.57,0.5,0.02,NDR-fold,8,1.05,0.081196,1.17051,1
6,17.57,0.5,0.02,NDR-fold,9,1.16667,0.0779908,1.18198,1
6,17.57,0.5,0.02,NDR-fold,10,1.28333,0.0750722,1.19269,1
6,17.57,0.5,0.02,NDR-fold,11,1.4,0.072407,1.20274,1
6,17.57,0.5,0.02,NDR-fold,12,1.51667,0.0699652,1.21223,1
6,17.57,0.5,0.02,NDR-fold,13,1.63333,0.0677201,1.22122,1
6,17.57,0.5,0.02,NDR-fold,14,1.75,0.0656488,1.22977,1
6,17.57,0.5,0.02,NDR-fold,15,1.86667,0.0637314,1.23793,1
6,17.57,0.5,0.02,NDR-fold,16,1.98333,0.0619508,1.24574,1
6,17.57,0.5,0.02,NDR-fold,17,2.1,0.0602923,1.25323,1
6,17.57,0.5,0.02,NDR-fold,18,2.21667,0.0587431,1.26043,1
6,17.57,0.5,0.02,NDR-fold,19,2.33333,0.0572924,1.26736,1
6,17.57,0.5,0.02,NDR-fold,20,2.45,0.0559304,1.27406,1
6,17.57,0.5,0.02,NDR-fold,21,2.56667,0.0546488,1.28053,1
6,17.57,0.5,0.02,NDR-fold,22,2.68333,0.0534403,1.2868,1
6,17.57,0.5,0.02,NDR-fold,23,2.8,0.0522983,1.29287,1
6,17.57,0.5,0.02,NDR-fold,24,2.91667,0.0512173,1.29877,1
6,17.57,0.5,0.02,NDR-fold,25,3.03333,0.0501921,1.3045,1
6,17.57,0.5,0.02,NDR-fold,26,3.15,0.0492183,1.31008,1
6,17.57,0.5,0.02,NDR-fold,27,3.26667,0.0482917,1.31551,1
6,17.57,0.5,0.02,NDR-fold,28,3.38333,0.0474089,1.3208,1
6,17.57,0.5,0.02,NDR-fold,29,3.5,0.0465666,1.32597,1
6,17.57,0.5,0.02,NDR-fold,30,3.61667,0.0457618,1.33101,1
6,17.57,0.5,0.02,NDR-fold,31,3.73333,0.044992,1.33594,1
6,17.57,0.5,0.02,NDR-fold,32,3.85,0.0442547,1.34076,1
6,17.57,0.5,0.02,NDR-fold,33,3.96667,0.0435478,1.34548,1
6,17.57,0.5,0.02,NDR-fold,34,4.08333,0.0428693,1.3501,1
6,17.57,0.5,0.02,NDR-fold,35,4.2,0.0422174,1.35463,1
6,17.57,0.5,0.02,NDR-fold,36,4.31667,0.0415905,1.35906,1
6,17.57,0.5,0.02,NDR-fold,37,4.43333,0.040987,1.36342,1
6,17.57,0.5,0.02,NDR-fold,38,4.55,0.0404056,1.36769,1
6,17.57,0.5,0.02,NDR-fold,39,4.66667,0.039845,1.37189,1
6,17.57,0.5,0.02,NDR-fold,40,4.78333,0.039304,1.37601,1
6,17.57,0.5,0.02,NDR-fold,41,4.9,0.0387815,1.38006,1
6,17.57,0.5,0.02,NDR-fold,42,5.01667,0.0382765,1.38404,1
6,17.57,0.5,0.02,NDR-fold,43,5.13333,0.0377881,1.38796,1
6,17.57,0.5,0.02,NDR-fold,44,5.25,0.0373155,1.39181,1
6,17.57,0.5,0.02,NDR-fold,45,5.36667,0.0368577,1.39561,1
6,17.57,0.5,0.02,NDR-fold,46,5.48333,0.0364142,1.39934,1
6,17.57,0.5,0.02,NDR-fold,47,5.6,0.0359841,1.40302,1
6,17.57,0.5,0.02,NDR-fold,48,5.71667,0.0355669,1.40665,1
6,17.57,0.5,0.02,NDR-fold,49,5.83333,0.0351619,1.41022,1
6,17.57,0.5,0.02,NDR-fold,50,5.95,0.0347685,1.41375,1
6,17.57,0.5,0.02,NDR-fold,51,6.06667,0.0343862,1.41722,1
6,17.57,0.5,0.02,NDR-fold,52,6.18333,0.0340146,1.42065,1
6,17.57,0.5,0.02,NDR-fold,53,6.3,0.0336531,1.42403,1
6,17.57,0.5,0.02,NDR-fold,54,6.41667,0.0333014,1.42737,1
6,17.57,0.5,0.02,NDR-fold,55,6.53333,0.0329589,1.43066,1
6,17.57,0.5,0.02,NDR-fold,56,6.65,0.0326253,1.43392,1
6,17.57,0.5,0.02,NDR-fold,57,6.76667,0.0323003,1.43713,1
6,17.57,0.5,0.02,NDR-fold,58,6.88333,0.0319835,1.44031,1
6,17.57,0.5,0.02,NDR-fold,59,7,0.0316745,1.44344,1
7,20,0.5,0.02,NDR-fold,0,0.116667,0.0806374,1.01882,1
7,20,0.5,0.02,NDR-fold,1,0.233333,0.0976181,1.04556,1
7,20,0.5,0.02,NDR-fold,2,0.35,0.0975129,1.06826,1
7,20,0.5,0.02,NDR-fold,3,0.466667,0.0935908,1.08735,1
7,20,0.5,0.02,NDR-fold,4,0.583333,0.0889605,1.10379,1
7,20,0.5,0.02,NDR-fold,5,0.7,0.0844596,1.11824,1
7,20,0.5,0.02,NDR-fold,6,0.816667,0.0803126,1.13118,1
7,20,0.5,0.02,NDR-fold,7,0.933333,0.0765563,1.14291,1
7,20,0.5,0.02,NDR-fold,8,1.05,0.0731686,1.15365,1
7,20,0.5,0.02,NDR-fold,9,1.16667,0.0701105,1.16359,1
7,20,0.5,0.02,NDR-fold,10,1.28333,0.0673418,1.17284,1
7,20,0.5,0.02,NDR-fold,11,1.4,0.0648255,1.18151,1
7,20,0.5,0.02,NDR-fold,12,1.51667,0.0625291,1.18967,1
7,20,0.5,0.02,NDR-fold,13,1.63333,0.0604249,1.19739,1
7,20,0.5,0.02,NDR-fold,14,1.75,0.0584893,1.20471,1
7,20,0.5,0.02,NDR-fold,15,1.86667,0.0567021,1.21169,1
7,20,0.5,0.02,NDR-fold,16,1.98333,0.0550463,1.21835,1
7,20,0.5,0.02,NDR-fold,17,2.1,0.0535072,1.22473,1
7,20,0.5,0.02,NDR-fold,18,2.21667,0.0520724,1.23085,1
7,20,0.5,0.02,NDR-fold,19,2.33333,0.050731,1.23674,1
7,20,0.5,0.02,NDR-fold,20,2.45,0.0494737,1.24242,1
7,20,0.5,0.02,NDR-fold,21,2.56667,0.0482924,1.2479,1
7,20,0.5,0.02,NDR-fold,22,2.68333,0.04718,1.2532,1
7,20,0.5,0.02,NDR-fold,23,2.8,0.0461302,1.25833,1
7,20,0.5,0.02,NDR-fold,24,2.91667,0.0451376,1.2633,1
7,20,0.5,0.02,NDR-fold,25,3.03333,0.0441973,1.26813,1
7,20,0.5,0.02,NDR-fold,26,3.15,0.0433051,1.27282,1
7,20,0.5,0.02,NDR-fold,27,3.26667,0.0424571,1.27739,1
7,20,0.5,0.02,NDR-fold,28,3.38333,0.0416499,1.28183,1
7,20,0.5,0.02,NDR-fold,29,3.5,0.0408804,1.28616,1
7,20,0.5,0.02,NDR-fold,30,3.61667,0.0401458,1.29039,1
7,20,0.5,0.02,NDR-fold,31,3.73333,0.0394438,1.29451,1
7,20,0.5,0.02,NDR-fold,32,3.85,0.0387719,1.29854,1
7,20,0.5,0.02,NDR-fold,33,3.96667,0.0381282,1.30248,1
7,20,0.5,0.02,NDR-fold,34,4.08333,0.0375109,1.30634,1
7,20,0.5,0.02,NDR-fold,35,4.2,0.0369182,1.31011,1
7,20,0.5,0.02,NDR-fold,36,4.31667,0.0363485,1.31381,1
7,20,0.5,0.02,NDR-fold,37,4.43333,0.0358005,1.31743,1
7,20,0.5,0.02,NDR-fold,38,4.55,0.0352729,1.32098,1
7,20,0.5,0.02,NDR-fold,39,4.66667,0.0347645,1.32447,1
7,20,0.5,0.02,NDR-fold,40,4.78333,0.0342741,1.32789,1
7,20,0.5,0.02,NDR-fold,41,4.9,0.0338008,1.33125,1
7,20,0.5,0.02,NDR-fold,42,5.01667,0.0333437,1.33455,1
7,20,0.5,0.02,NDR-fold,43,5.13333,0.0329017,1.33779,1
7,20,0.5,0.02,NDR-fold,44,5.25,0.0324743,1.34098,1
7,20,0.5,0.02,NDR-fold,45,5.36667,0.0320605,1.34412,1
7,20,0.5,0.02,NDR-fold,46,5.48333,0.0316598,1.3472,1
7,20,0.5,0.02,NDR-fold,47,5.6,0.0312714,1.35024,1
7,20,0.5,0.02,NDR-fold,48,5.71667,0.0308948,1.35323,1
7,20,0.5,0.02,NDR-fold,49,5.83333,0.0305294,1.35618,1
7,20,0.5,0.02,NDR-fold,50,5.95,0.0301746,1.35908,1
7,20,0.5,0.02,NDR-fold,51,6.06667,0.0298301,1.36194,1
7,20,0.5,0.02,NDR-fold,52,6.18333,0.0294952,1.36476,1
7,20,0.5,0.02,NDR-fold,53,6.3,0.0291697,1.36754,1
7,20,0.5,0.02,NDR-fold,54,6.41667,0.028853,1.37028,1
7,20,0.5,0.02,NDR-fold,55,6.53333,0.0285448,1.37299,1
7,20,0.5,0.02,NDR-fold,56,6.65,0.0282447,1.37565,1
7,20,0.5,0.02,NDR-fold,57,6.76667,0.0279524,1.37829,1
7,20,0.5,0.02,NDR-fold,58,6.88333,0.0276676,1.38089,1
7,20,0.5,0.02,NDR-fold,59,7,0.02739,1.38346,1
8,3,1,0.02,monotone,0,0.116667,0.11223,1.01309,1
8,3,1,0.02,monotone,1,0.233333,0.203646,1.04752,1
8,3,1,0.02,monotone,2,0.35,0.270107,1.09454,1
8,3,1,0.02,monotone,3,0.466667,0.317025,1.14795,1
8,3,1,0.02,monotone,4,0.583333,0.350536,1.20448,1
8,3,1,0.02,monotone,5,0.7,0.375098,1.26257,1
8,3,1,0.02,monotone,6,0.816667,0.393637,1.32147,1
8,3,1,0.02,monotone,7,0.933333,0.408038,1.38084,1
8,3,1,0.02,monotone,8,1.05,0.419533,1.44051,1
8,3,1,0.02,monotone,9,1.16667,0.428944,1.50043,1
8,3,1,0.02,monotone,10,1.28333,0.436833,1.5606,1
8,3,1,0.02,monotone,11,1.4,0.443592,1.62103,1
8,3,1,0.02,monotone,12,1.51667,0.4495,1.68174,1
8,3,1,0.02,monotone,13,1.63333,0.45476,1.74278,1
8,3,1,0.02,monotone,14,1.75,0.459523,1.80417,1
8,3,1,0.02,monotone,15,1.86667,0.463901,1.86595,1
8,3,1,0.02,monotone,16,1.98333,0.467979,1.92816,1
8,3,1,0.02,monotone,17,2.1,0.471823,1.99083,1
8,3,1,0.02,monotone,18,2.21667,0.475484,2.05399,1
8,3,1,0.02,monotone,19,2.33333,0.479002,2.11767,1
8,3,1,0.02,monotone,20,2.45,0.482408,2.1819,1
8,3,1,0.02,monotone,21,2.56667,0.485729,2.24671,1
8,3,1,0.02,monotone,22,2.68333,0.488985,2.31211,1
8,3,1,0.02,monotone,23,2.8,0.492191,2.37814,1
8,3,1,0.02,monotone,24,2.91667,0.495362,2.44481,1
8,3,1,0.02,monotone,25,3.03333,0.498508,2.51214,1
8,3,1,0.02,monotone,26,3.15,0.501637,2.58016,1
8,3,1,0.02,monotone,27,3.26667,0.504759,2.64888,1
8,3,1,0.02,monotone,28,3.38333,0.507877,2.71832,1
8,3,1,0.02,monotone,29,3.5,0.510999,2.7885,1
8,3,1,0.02,monotone,30,3.61667,0.514127,2.85943,1
8,3,1,0.02,monotone,31,3.73333,0.517265,2.93112,1
8,3,1,0.02,monotone,32,3.85,0.520416,3.0036,1
8,3,1,0.02,monotone,33,3.96667,0.523583,3.07688,1
8,3,1,0.02,monotone,34,4.08333,0.526767,3.15096,1
8,3,1,0.02,monotone,35,4.2,0.52997,3.22587,1
8,3,1,0.02,monotone,36,4.31667,0.533193,3.30162,1
8,3,1,0.02,monotone,37,4.43333,0.536438,3.37821,1
8,3,1,0.02,monotone,38,4.55,0.539705,3.45566,1
8,3,1,0.02,monotone,39,4.66667,0.542996,3.53398,1
8,3,1,0.02,monotone,40,4.78333,0.54631,3.61318,1
8,3,1,0.02,monotone,41,4.9,0.549648,3.69327,1
8,3,1,0.02,monotone,42,5.01667,0.55301,3.77427,1
8,3,1,0.02,monotone,43,5.13333,0.556398,3.85618,1
8,3,1,0.02,monotone,44,5.25,0.55981,3.939,1
8,3,1,0.02,monotone,45,5.36667,0.563247,4.02276,1
8,3,1,0.02,monotone,46,5.48333,0.56671,4.10746,1
8,3,1,0.02,monotone,47,5.6,0.570197,4.1931,1
8,3,1,0.02,monotone,48,5.71667,0.57371,4.27971,1
8,3,1,0.02,monotone,49,5.83333,0.577247,4.36728,1
8,3,1,0.02,monotone,50,5.95,0.58081,4.45582,1
8,3,1,0.02,monotone,51,6.06667,0.584397,4.54534,1
8,3,1,0.02,monotone,52,6.18333,0.588009,4.63586,1
8,3,1,0.02,monotone,53,6.3,0.591646,4.72737,1
8,3,1,0.02,monotone,54,6.41667,0.595306,4.81988,1
8,3,1,0.02,monotone,55,6.53333,0.598991,4.91341,1
8,3,1,0.02,monotone,56,6.65,0.6027,5.00795,1
8,3,1,0.02,monotone,57,6.76667,0.606432,5.10352,1
8,3,1,0.02,monotone,58,6.88333,0.610188,5.20013,1
8,3,1,0.02,monotone,59,7,0.613967,5.29777,1
9,5.429,1,0.02,NDR-fold,0,0.116667,0.10898,1.01271,1
9,5.429,1,0.02,NDR-fold,1,0.233333,0.186141,1.04343,1
9,5.429,1,0.02,NDR-fold,2,0.35,0.23259,1.08141,1
9,5.429,1,0.02,NDR-fold,3,0.466667,0.25958,1.12114,1
9,5.429,1,0.02,NDR-fold,4,0.583333,0.275257,1.16057,1
9,5.429,1,0.02,NDR-fold,5,0.7,0.284304,1.19901,1
9,5.429,1,0.02,NDR-fold,6,0.816667,0.289349,1.2363,1
9,5.429,1,0.02,NDR-fold,7,0.933333,0.291907,1.27245,1
9,5.429,1,0.02,NDR-fold,8,1.05,0.292881,1.30752,1
9,5.429,1,0.02,NDR-fold,9,1.16667,0.292827,1.34163,1
9,5.429,1,0.02,NDR-fold,10,1.28333,0.2921,1.37486,1
9,5.429,1,0.02,NDR-fold,11,1.4,0.290931,1.4073,1
9,5.429,1,0.02,NDR-fold,12,1.51667,0.289474,1.43904,1
9,5.429,1,0.02,NDR-fold,13,1.63333,0.287835,1.47013,1
9,5.429,1,0.02,NDR-fold,14,1.75,0.286084,1.50065,1
9,5.429,1,0.02,NDR-fold,15,1.86667,0.284273,1.53064,1
9,5.429,1,0.02,NDR-fold,16,1.98333,0.282436,1.56016,1
9,5.429,1,0.02,NDR-fold,17,2.1,0.280597,1.58925,1
9,5.429,1,0.02,NDR-fold,18,2.21667,0.278775,1.61795,1
9,5.429,1,0.02,NDR-fold,19,2.33333,0.27698,1.64629,1
9,5.429,1,0.02,NDR-fold,20,2.45,0.275222,1.67429,1
9,5.429,1,0.02,NDR-fold,21,2.56667,0.273505,1.702,1
9,5.429,1,0.02,NDR-fold,22,2.68333,0.271835,1.72942,1
9,5.429,1,0.02,NDR-fold,23,2.8,0.270211,1.75659,1
9,5.429,1,0.02,NDR-fold,24,2.91667,0.268637,1.78352,1
9,5.429,1,0.02,NDR-fold,25,3.03333,0.267111,1.81024,1
9,5.429,1,0.02,NDR-fold,26,3.15,0.265634,1.83675,1
9,5.429,1,0.02,NDR-fold,27,3.26667,0.264206,1.86307,1
9,5.429,1,0.02,NDR-fold,28,3.38333,0.262825,1.88922,1
9,5.429,1,0.02,NDR-fold,29,3.5,0.26149,1.91521,1
9,5.429,1,0.02,NDR-fold,30,3.61667,0.2602,1.94105,1
9,5.429,1,0.02,NDR-fold,31,3.73333,0.258953,1.96676,1
9,5.429,1,0.02,NDR-fold,32,3.85,0.257749,1.99233,1
9,5.429,1,0.02,NDR-fold,33,3.96667,0.256586,2.01779,1
9,5.429,1,0.02,NDR-fold,34,4.08333,0.255462,2.04314,1
9,5.429,1,0.02,NDR-fold,35,4.2,0.254377,2.06838,1
9,5.429,1,0.02,NDR-fold,36,4.31667,0.253328,2.09353,1
9,5.429,1,0.02,NDR-fold,37,4.43333,0.252315,2.1186,1
9,5.429,1,0.02,NDR-fold,38,4.55,0.251336,2.14358,1
9,5.429,1,0.02,NDR-fold,39,4.66667,0.25039,2.16849,1
9,5.429,1,0.02,NDR-fold,40,4.78333,0.249476,2.19333,1
9,5.429,1,0.02,NDR-fold,41,4.9,0.248592,2.2181,1
9,5.429,1,0.02,NDR-fold,42,5.01667,0.247738,2.24282,1
9,5.429,1,0.02,NDR-fold,43,5.13333,0.246912,2.26748,1
9,5.429,1,0.02,NDR-fold,44,5.25,0.246114,2.2921,1
9,5.429,1,0.02,NDR-fold,45,5.36667,0.245342,2.31667,1
9,5.429,1,0.02,NDR-fold,46,5.48333,0.244596,2.3412,1
9,5.429,1,0.02,NDR-fold,47,5.6,0.243874,2.3657,1
9,5.429,1,0.02,NDR-fold,48,5.71667,0.243176,2.39016,1
9,5.429,1,0.02,NDR-fold,49,5.83333,0.242501,2.41459,1
9,5.429,1,0.02,NDR-fold,50,5.95,0.241849,2.439,1
9,5.429,1,0.02,NDR-fold,51,6.06667,0.241217,2.46338,1
9,5.429,1,0.02,NDR-fold,52,6.18333,0.240606,2.48775,1
9,5.429,1,0.02,NDR-fold,53,6.3,0.240016,2.5121,1
9,5.429,1,0.02,NDR-fold,54,6.41667,0.239444,2.53643,1
9,5.429,1,0.02,NDR-fold,55,6.53333,0.238891,2.56076,1
9,5.429,1,0.02,NDR-fold,56,6.65,0.238357,2.58507,1
9,5.429,1,0.02,NDR-fold,57,6.76667,0.23784,2.60938,1
9,5.429,1,0.02,NDR-fold,58,6.88333,0.23734,2.63369,1
9,5.429,1,0.02,NDR-fold,59,7,0.236856,2.65799,1
10,7.857,1,0.02,NDR-fold,0,0.116667,0.105991,1.01237,1
10,7.857,1,0.02,NDR-fold,1,0.233333,0.172241,1.04019,1
10,7.857,1,0.02,NDR-fold,2,0.35,0.206228,1.07218,1
10,7.857,1,0.02,NDR-fold,3,0.466667,0.222713,1.10393,1
10,7.857,1,0.02,NDR-fold,4,0.583333,0.230154,1.13426,1
10,7.857,1,0.02,NDR-fold,5,0.7,0.23279,1.16295,1
10,7.857,1,0.02,NDR-fold,6,0.816667,0.232787,1.19011,1
10,7.857,1,0.02,NDR-fold,7,0.933333,0.231301,1.21588,1
10,7.857,1,0.02,NDR-fold,8,1.05,0.228978,1.24043,1
10,7.857,1,0.02,NDR-fold,9,1.16667,0.226193,1.26389,1
10,7.857,1,0.02,NDR-fold,10,1.28333,0.223169,1.2864,1
10,7.857,1,0.02,NDR-fold,11,1.4,0.220041,1.30806,1
10,7.857,1,0.02,NDR-fold,12,1.51667,0.216893,1.32895,1
10,7.857,1,0.02,NDR-fold,13,1.63333,0.213776,1.34917,1
10,7.857,1,0.02,NDR-fold,14,1.75,0.210723,1.36876,1
10,7.857,1,0.02,NDR-fold,15,1.86667,0.207751,1.3878,1
10,7.857,1,0.02,NDR-fold,16,1.98333,0.204871,1.40633,1
10,7.857,1,0.02,NDR-fold,17,2.1,0.202089,1.42439,1
10,7.857,1,0.02,NDR-fold,18,2.21667,0.199405,1.44202,1
10,7.857,1,0.02,NDR-fold,19,2.33333,0.19682,1.45925,1
10,7.857,1,0.02,NDR-fold,20,2.45,0.194331,1.47611,1
10,7.857,1,0.02,NDR-fold,21,2.56667,0.191936,1.49264,1
10,7.857,1,0.02,NDR-fold,22,2.68333,0.18963,1.50884,1
10,7.857,1,0.02,NDR-fold,23,2.8,0.187411,1.52475,1
10,7.857,1,0.02,NDR-fold,24,2.91667,0.185273,1.54038,1
10,7.857,1,0.02,NDR-fold,25,3.03333,0.183215,1.55575,1
10,7.857,1,0.02,NDR-fold,26,3.15,0.181231,1.57088,1
10,7.857,1,0.02,NDR-fold,27,3.26667,0.179318,1.58577,1
10,7.857,1,0.02,NDR-fold,28,3.38333,0.177472,1.60045,1
10,7.857,1,0.02,NDR-fold,29,3.5,0.175691,1.61492,1
10,7.857,1,0.02,NDR-fold,30,3.61667,0.17397,1.62919,1
10,7.857,1,0.02,NDR-fold,31,3.73333,0.172308,1.64328,1
10,7.857,1,0.02,NDR-fold,32,3.85,0.1707,1.6572,1
10,7.857,1,0.02,NDR-fold,33,3.96667,0.169145,1.67094,1
10,7.857,1,0.02,NDR-fold,34,4.08333,0.16764,1.68453,1
10,7.857,1,0.02,NDR-fold,35,4.2,0.166182,1.69797,1
10,7.857,1,0.02,NDR-fold,36,4.31667,0.164769,1.71125,1
10,7.857,1,0.02,NDR-fold,37,4.43333,0.1634,1.72441,1
10,7.857,1,0.02,NDR-fold,38,4.55,0.162071,1.73742,1
10,7.857,1,0.02,NDR-fold,39,4.66667,0.160782,1.75031,1
10,7.857,1,0.02,NDR-fold,40,4.78333,0.15953,1.76308,1
10,7.857,1,0.02,NDR-fold,41,4.9,0.158313,1.77573,1
10,7.857,1,0.02,NDR-fold,42,5.01667,0.157131,1.78827,1
10,7.857,1,0.02,NDR-fold,43,5.13333,0.155982,1.80071,1
10,7.857,1,0.02,NDR-fold,44,5.25,0.154863,1.81303,1
10,7.857,1,0.02,NDR-fold,45,5.36667,0.153775,1.82526,1
10,7.857,1,0.02,NDR-fold,46,5.48333,0.152716,1.83739,1
10,7.857,1,0.02,NDR-fold,47,5.6,0.151684,1.84943,1
10,7.857,1,0.02,NDR-fold,48,5.71667,0.150678,1.86138,1
10,7.857,1,0.02,NDR-fold,49,5.83333,0.149698,1.87324,1
10,7.857,1,0.02,NDR-fold,50,5.95,0.148742,1.88502,1
10,7.857,1,0.02,NDR-fold,51,6.06667,0.14781,1.89671,1
10,7.857,1,0.02,NDR-fold,52,6.18333,0.1469,1.90833,1
10,7.857,1,0.02,NDR-fold,53,6.3,0.146012,1.91988,1
10,7.857,1,0.02,NDR-fold,54,6.41667,0.145145,1.93135,1
10,7.857,1,0.02,NDR-fold,55,6.53333,0.144298,1.94275,1
10,7.857,1,0.02,NDR-fold,56,6.65,0.14347,1.95408,1
10,7.857,1,0.02,NDR-fold,57,6.76667,0.142661,1.96534,1
10,7.857,1,0.02,NDR-fold,58,6.88333,0.14187,1.97654,1
10,7.857,1,0.02,NDR-fold,59,7,0.141097,1.98768,1
11,10.29,1,0.02,NDR-fold,0,0.116667,0.103226,1.01204,1
11,10.29,1,0.02,NDR-fold,1,0.233333,0.160841,1.03753,1
11,10.29,1,0.02,NDR-fold,2,0.35,0.186411,1.06524,1
11,10.29,1,0.02,NDR-fold,3,0.466667,0.196607,1.09175,1
11,10.29,1,0.02,NDR-fold,4,0.583333,0.199574,1.11642,1
11,10.29,1,0.02,NDR-fold,5,0.7,0.199015,1.13931,1
11,10.29,1,0.02,NDR-fold,6,0.816667,0.196696,1.16064,1
11,10.29,1,0.02,NDR-fold,7,0.933333,0.193504,1.1806,1
11,10.29,1,0.02,NDR-fold,8,1.05,0.189907,1.1994,1
11,10.29,1,0.02,NDR-fold,9,1.16667,0.186159,1.21719,1
11,10.29,1,0.02,NDR-fold,10,1.28333,0.182402,1.23408,1
11,10.29,1,0.02,NDR-fold,11,1.4,0.178713,1.2502,1
11,10.29,1,0.02,NDR-fold,12,1.51667,0.175135,1.26562,1
11,10.29,1,0.02,NDR-fold,13,1.63333,0.17169,1.28043,1
11,10.29,1,0.02,NDR-fold,14,1.75,0.168388,1.29468,1
11,10.29,1,0.02,NDR-fold,15,1.86667,0.165228,1.30843,1
11,10.29,1,0.02,NDR-fold,16,1.98333,0.162211,1.32172,1
11,10.29,1,0.02,NDR-fold,17,2.1,0.15933,1.33459,1
11,10.29,1,0.02,NDR-fold,18,2.21667,0.15658,1.34709,1
11,10.29,1,0.02,NDR-fold,19,2.33333,0.153955,1.35923,1
11,10.29,1,0.02,NDR-fold,20,2.45,0.151447,1.37104,1
11,10.29,1,0.02,NDR-fold,21,2.56667,0.149049,1.38256,1
11,10.29,1,0.02,NDR-fold,22,2.68333,0.146755,1.39379,1
11,10.29,1,0.02,NDR-fold,23,2.8,0.144559,1.40476,1
11,10.29,1,0.02,NDR-fold,24,2.91667,0.142454,1.41549,1
11,10.29,1,0.02,NDR-fold,25,3.03333,0.140436,1.42599,1
11,10.29,1,0.02,NDR-fold,26,3.15,0.138498,1.43627,1
11,10.29,1,0.02,NDR-fold,27,3.26667,0.136637,1.44635,1
11,10.29,1,0.02,NDR-fold,28,3.38333,0.134847,1.45623,1
11,10.29,1,0.02,NDR-fold,29,3.5,0.133125,1.46594,1
11,10.29,1,0.02,NDR-fold,30,3.61667,0.131466,1.47547,1
11,10.29,1,0.02,NDR-fold,31,3.73333,0.129867,1.48484,1
11,10.29,1,0.02,NDR-fold,32,3.85,0.128325,1.49405,1
11,10.29,1,0.02,NDR-fold,33,3.96667,0.126836,1.50312,1
11,10.29,1,0.02,NDR-fold,34,4.08333,0.125398,1.51204,1
11,10.29,1,0.02,NDR-fold,35,4.2,0.124008,1.52083,1
11,10.29,1,0.02,NDR-fold,36,4.31667,0.122663,1.52949,1
11,10.29,1,0.02,NDR-fold,37,4.43333,0.121361,1.53803,1
11,10.29,1,0.02,NDR-fold,38,4.55,0.1201,1.54646,1
11,10.29,1,0.02,NDR-fold,39,4.66667,0.118878,1.55476,1
11,10.29,1,0.02,NDR-fold,40,4.78333,0.117693,1.56296,1
11,10.29,1,0.02,NDR-fold,41,4.9,0.116543,1.57106,1
11,10.29,1,0.02,NDR-fold,42,5.01667,0.115427,1.57906,1
11,10.29,1,0.02,NDR-fold,43,5.13333,0.114343,1.58696,1
11,10.29,1,0.02,NDR-fold,44,5.25,0.113289,1.59477,1
11,10.29,1,0.02,NDR-fold,45,5.36667,0.112264,1.60248,1
11,10.29,1,0.02,NDR-fold,46,5.48333,0.111267,1.61012,1
11,10.29,1,0.02,NDR-fold,47,5.6,0.110297,1.61766,1
11,10.29,1,0.02,NDR-fold,48,5.71667,0.109353,1.62513,1
11,10.29,1,0.02,NDR-fold,49,5.83333,0.108433,1.63252,1
11,10.29,1,0.02,NDR-fold,50,5.95,0.107536,1.63984,1
11,10.29,1,0.02,NDR-fold,51,6.06667,0.106662,1.64708,1
11,10.29,1,0.02,NDR-fold,52,6.18333,0.105809,1.65425,1
11,10.29,1,0.02,NDR-fold,53,6.3,0.104977,1.66136,1
11,10.29,1,0.02,NDR-fold,54,6.41667,0.104165,1.66839,1
11,10.29,1,0.02,NDR-fold,55,6.53333,0.103372,1.67537,1
11,10.29,1,0.02,NDR-fold,56,6.65,0.102598,1.68228,1
11,10.29,1,0.02,NDR-fold,57,6.76667,0.101841,1.68913,1
11,10.29,1,0.02,NDR-fold,58,6.88333,0.101102,1.69592,1
11,10.29,1,0.02,NDR-fold,59,7,0.100379,1.70265,1
12,12.71,1,0.02,NDR-fold,0,0.116667,0.100659,1.01174,1
12,12.71,1,0.02,NDR-fold,1,0.233333,0.151263,1.03529,1
12,12.71,1,0.02,NDR-fold,2,0.35,0.170826,1.05979,1
12,12.71,1,0.02,NDR-fold,3,0.466667,0.176943,1.08257,1
12,12.71,1,0.02,NDR-fold,4,0.583333,0.177231,1.10338,1
12,12.71,1,0.02,NDR-fold,5,0.7,0.174903,1.12243,1
12,12.71,1,0.02,NDR-fold,6,0.816667,0.171404,1.13998,1
12,12.71,1,0.02,NDR-fold,7,0.933333,0.167422,1.15626,1
12,12.71,1,0.02,NDR-fold,8,1.05,0.163299,1.17146,1
12,12.71,1,0.02,NDR-fold,9,1.16667,0.159211,1.18575,1
12,12.71,1,0.02,NDR-fold,10,1.28333,0.155243,1.19923,1
12,12.71,1,0.02,NDR-fold,11,1.4,0.151437,1.21201,1
12,12.71,1,0.02,NDR-fold,12,1.51667,0.147812,1.22418,1
12,12.71,1,0.02,NDR-fold,13,1.63333,0.144369,1.2358,1
12,12.71,1,0.02,NDR-fold,14,1.75,0.141106,1.24694,1
12,12.71,1,0.02,NDR-fold,15,1.86667,0.138015,1.25763,1
12,12.71,1,0.02,NDR-fold,16,1.98333,0.135086,1.26792,1
12,12.71,1,0.02,NDR-fold,17,2.1,0.13231,1.27785,1
12,12.71,1,0.02,NDR-fold,18,2.21667,0.129676,1.28745,1
12,12.71,1,0.02,NDR-fold,19,2.33333,0.127175,1.29674,1
12,12.71,1,0.02,NDR-fold,20,2.45,0.124797,1.30575,1
12,12.71,1,0.02,NDR-fold,21,2.56667,0.122534,1.3145,1
12,12.71,1,0.02,NDR-fold,22,2.68333,0.120377,1.32301,1
12,12.71,1,0.02,NDR-fold,23,2.8,0.11832,1.3313,1
12,12.71,1,0.02,NDR-fold,24,2.91667,0.116355,1.33937,1
12,12.71,1,0.02,NDR-fold,25,3.03333,0.114477,1.34725,1
12,12.71,1,0.02,NDR-fold,26,3.15,0.112679,1.35494,1
12,12.71,1,0.02,NDR-fold,27,3.26667,0.110956,1.36246,1
12,12.71,1,0.02,NDR-fold,28,3.38333,0.109303,1.36981,1
12,12.71,1,0.02,NDR-fold,29,3.5,0.107717,1.37701,1
12,12.71,1,0.02,NDR-fold,30,3.61667,0.106192,1.38406,1
12,12.71,1,0.02,NDR-fold,31,3.73333,0.104725,1.39097,1
12,12.71,1,0.02,NDR-fold,32,3.85,0.103313,1.39775,1
12,12.71,1,0.02,NDR-fold,33,3.96667,0.101952,1.40441,1
12,12.71,1,0.02,NDR-fold,34,4.08333,0.10064,1.41095,1
12,12.71,1,0.02,NDR-fold,35,4.2,0.0993739,1.41737,1
12,12.71,1,0.02,NDR-fold,36,4.31667,0.0981508,1.42368,1
12,12.71,1,0.02,NDR-fold,37,4.43333,0.0969686,1.42989,1
12,12.71,1,0.02,NDR-fold,38,4.55,0.0958252,1.436,1
12,12.71,1,0.02,NDR-fold,39,4.66667,0.0947186,1.44202,1
12,12.71,1,0.02,NDR-fold,40,4.78333,0.0936468,1.44794,1
12,12.71,1,0.02,NDR-fold,41,4.9,0.0926082,1.45378,1
12,12.71,1,0.02,NDR-fold,42,5.01667,0.0916011,1.45953,1
12,12.71,1,0.02,NDR-fold,43,5.13333,0.0906239,1.4652,1
12,12.71,1,0.02,NDR-fold,44,5.25,0.0896753,1.4708,1
12,12.71,1,0.02,NDR-fold,45,5.36667,0.0887539,1.47631,1
12,12.71,1,0.02,NDR-fold,46,5.48333,0.0878585,1.48176,1
12,12.71,1,0.02,NDR-fold,47,5.6,0.0869879,1.48713,1
12,12.71,1,0.02,NDR-fold,48,5.71667,0.086141,1.49244,1
12,12.71,1,0.02,NDR-fold,49,5.83333,0.0853168,1.49768,1
12,12.71,1,0.02,NDR-fold,50,5.95,0.0845143,1.50286,1
12,12.71,1,0.02,NDR-fold,51,6.06667,0.0837326,1.50798,1
12,12.71,1,0.02,NDR-fold,52,6.18333,0.0829708,1.51304,1
12,12.71,1,0.02,NDR-fold,53,6.3,0.0822281,1.51804,1
12,12.71,1,0.02,NDR-fold,54,6.41667,0.0815038,1.52298,1
12,12.71,1,0.02,NDR-fold,55,6.53333,0.080797,1.52787,1
12,12.71,1,0.02,NDR-fold,56,6.65,0.0801073,1.53271,1
12,12.71,1,0.02,NDR-fold,57,6.76667,0.0794337,1.5375,1
12,12.71,1,0.02,NDR-fold,58,6.88333,0.0787759,1.54224,1
12,12.71,1,0.02,NDR-fold,59,7,0.0781331,1.54693,1
13,15.14,1,0.02,NDR-fold,0,0.116667,0.0982666,1.01146,1
13,15.14,1,0.02,NDR-fold,1,0.233333,0.143065,1.03338,1
13,15.14,1,0.02,NDR-fold,2,0.35,0.158164,1.05536,1
13,15.14,1,0.02,NDR-fold,3,0.466667,0.161486,1.07536,1
13,15.14,1,0.02,NDR-fold,4,0.583333,0.160066,1.09337,1
13,15.14,1,0.02,NDR-fold,5,0.7,0.156694,1.10969,1
13,15.14,1,0.02,NDR-fold,6,0.816667,0.152562,1.12459,1
13,15.14,1,0.02,NDR-fold,7,0.933333,0.148209,1.13833,1
13,15.14,1,0.02,NDR-fold,8,1.05,0.143887,1.15108,1
13,15.14,1,0.02,NDR-fold,9,1.16667,0.139712,1.163,1
13,15.14,1,0.02,NDR-fold,10,1.28333,0.135737,1.1742,1
13,15.14,1,0.02,NDR-fold,11,1.4,0.131978,1.18477,1
13,15.14,1,0.02,NDR-fold,12,1.51667,0.128436,1.1948,1
13,15.14,1,0.02,NDR-fold,13,1.63333,0.125103,1.20434,1
13,15.14,1,0.02,NDR-fold,14,1.75,0.121968,1.21344,1
13,15.14,1,0.02,NDR-fold,15,1.86667,0.119016,1.22216,1
13,15.14,1,0.02,NDR-fold,16,1.98333,0.116235,1.23053,1
13,15.14,1,0.02,NDR-fold,17,2.1,0.113611,1.23858,1
13,15.14,1,0.02,NDR-fold,18,2.21667,0.111133,1.24634,1
13,15.14,1,0.02,NDR-fold,19,2.33333,0.108788,1.25384,1
13,15.14,1,0.02,NDR-fold,20,2.45,0.106566,1.26109,1
13,15.14,1,0.02,NDR-fold,21,2.56667,0.104458,1.26811,1
13,15.14,1,0.02,NDR-fold,22,2.68333,0.102456,1.27492,1
13,15.14,1,0.02,NDR-fold,23,2.8,0.10055,1.28154,1
13,15.14,1,0.02,NDR-fold,24,2.91667,0.0987346,1.28798,1
13,15.14,1,0.02,NDR-fold,25,3.03333,0.0970027,1.29424,1
13,15.14,1,0.02,NDR-fold,26,3.15,0.0953485,1.30035,1
13,15.14,1,0.02,NDR-fold,27,3.26667,0.0937665,1.3063,1
13,15.14,1,0.02,NDR-fold,28,3.38333,0.092252,1.31212,1
13,15.14,1,0.02,NDR-fold,29,3.5,0.0908004,1.3178,1
13,15.14,1,0.02,NDR-fold,30,3.61667,0.0894076,1.32336,1
13,15.14,1,0.02,NDR-fold,31,3.73333,0.0880701,1.32879,1
13,15.14,1,0.02,NDR-fold,32,3.85,0.0867842,1.33412,1
13,15.14,1,0.02,NDR-fold,33,3.96667,0.0855469,1.33934,1
13,15.14,1,0.02,NDR-fold,34,4.08333,0.0843554,1.34445,1
13,15.14,1,0.02,NDR-fold,35,4.2,0.0832068,1.34947,1
13,15.14,1,0.02,NDR-fold,36,4.31667,0.0820989,1.35439,1
13,15.14,1,0.02,NDR-fold,37,4.43333,0.0810293,1.35923,1
13,15.14,1,0.02,NDR-fold,38,4.55,0.079996,1.36398,1
13,15.14,1,0.02,NDR-fold,39,4.66667,0.0789969,1.36865,1
13,15.14,1,0.02,NDR-fold,40,4.78333,0.0780303,1.37324,1
13,15.14,1,0.02,NDR-fold,41,4.9,0.0770945,1.37776,1
13,15.14,1,0.02,NDR-fold,42,5.01667,0.076188,1.38221,1
13,15.14,1,0.02,NDR-fold,43,5.13333,0.0753093,1.38659,1
13,15.14,1,0.02,NDR-fold,44,5.25,0.0744571,1.3909,1
13,15.14,1,0.02,NDR-fold,45,5.36667,0.07363,1.39515,1
13,15.14,1,0.02,NDR-fold,46,5.48333,0.0728269,1.39933,1
13,15.14,1,0.02,NDR-fold,47,5.6,0.0720467,1.40346,1
13,15.14,1,0.02,NDR-fold,48,5.71667,0.0712883,1.40753,1
13,15.14,1,0.02,NDR-fold,49,5.83333,0.0705509,1.41155,1
13,15.14,1,0.02,NDR-fold,50,5.95,0.0698333,1.41551,1
13,15.14,1,0.02,NDR-fold,51,6.06667,0.0691349,1.41942,1
13,15.14,1,0.02,NDR-fold,52,6.18333,0.0684548,1.42328,1
13,15.14,1,0.02,NDR-fold,53,6.3,0.0677922,1.42709,1
13,15.14,1,0.02,NDR-fold,54,6.41667,0.0671463,1.43086,1
13,15.14,1,0.02,NDR-fold,55,6.53333,0.0665166,1.43458,1
13,15.14,1,0.02,NDR-fold,56,6.65,0.0659024,1.43825,1
13,15.14,1,0.02,NDR-fold,57,6.76667,0.0653031,1.44188,1
13,15.14,1,0.02,NDR-fold,58,6.88333,0.064718,1.44548,1
13,15.14,1,0.02,NDR-fold,59,7,0.0641467,1.44903,1
14,17.57,1,0.02,NDR-fold,0,0.116667,0.0960284,1.0112,1
14,17.57,1,0.02,NDR-fold,1,0.233333,0.135943,1.03172,1
14,17.57,1,0.02,NDR-fold,2,0.35,0.147623,1.05167,1
14,17.57,1,0.02,NDR-fold,3,0.466667,0.14895,1.06951,1
14,17.57,1,0.02,NDR-fold,4,0.583333,0.146393,1.0854,1
14,17.57,1,0.02,NDR-fold,5,0.7,0.142382,1.09967,1
14,17.57,1,0.02,NDR-fold,6,0.816667,0.137907,1.11262,1
14,17.57,1,0.02,NDR-fold,7,0.933333,0.133394,1.1245,1
14,17.57,1,0.02,NDR-fold,8,1.05,0.129027,1.13548,1
14,17.57,1,0.02,NDR-fold,9,1.16667,0.124883,1.1457,1
14,17.57,1,0.02,NDR-fold,10,1.28333,0.120985,1.15526,1
14,17.57,1,0.02,NDR-fold,11,1.4,0.117335,1.16427,1
14,17.57,1,0.02,NDR-fold,12,1.51667,0.113923,1.17278,1
14,17.57,1,0.02,NDR-fold,13,1.63333,0.110732,1.18086,1
14,17.57,1,0.02,NDR-fold,14,1.75,0.107747,1.18856,1
14,17.57,1,0.02,NDR-fold,15,1.86667,0.104949,1.19591,1
14,17.57,1,0.02,NDR-fold,16,1.98333,0.102324,1.20294,1
14,17.57,1,0.02,NDR-fold,17,2.1,0.0998562,1.2097,1
14,17.57,1,0.02,NDR-fold,18,2.21667,0.0975323,1.2162,1
14,17.57,1,0.02,NDR-fold,19,2.33333,0.0953401,1.22246,1
14,17.57,1,0.02,NDR-fold,20,2.45,0.0932685,1.22851,1
14,17.57,1,0.02,NDR-fold,21,2.56667,0.0913076,1.23436,1
14,17.57,1,0.02,NDR-fold,22,2.68333,0.0894485,1.24002,1
14,17.57,1,0.02,NDR-fold,23,2.8,0.0876832,1.24551,1
14,17.57,1,0.02,NDR-fold,24,2.91667,0.0860045,1.25085,1
14,17.57,1,0.02,NDR-fold,25,3.03333,0.0844058,1.25603,1
14,17.57,1,0.02,NDR-fold,26,3.15,0.0828813,1.26108,1
14,17.57,1,0.02,NDR-fold,27,3.26667,0.0814256,1.26599,1
14,17.57,1,0.02,NDR-fold,28,3.38333,0.0800339,1.27078,1
14,17.57,1,0.02,NDR-fold,29,3.5,0.0787019,1.27546,1
14,17.57,1,0.02,NDR-fold,30,3.61667,0.0774256,1.28002,1
14,17.57,1,0.02,NDR-fold,31,3.73333,0.0762012,1.28448,1
14,17.57,1,0.02,NDR-fold,32,3.85,0.0750256,1.28885,1
14,17.57,1,0.02,NDR-fold,33,3.96667,0.0738957,1.29312,1
14,17.57,1,0.02,NDR-fold,34,4.08333,0.0728086,1.2973,1
14,17.57,1,0.02,NDR-fold,35,4.2,0.0717619,1.3014,1
14,17.57,1,0.02,NDR-fold,36,4.31667,0.0707532,1.30542,1
14,17.57,1,0.02,NDR-fold,37,4.43333,0.0697802,1.30936,1
14,17.57,1,0.02,NDR-fold,38,4.55,0.068841,1.31323,1
14,17.57,1,0.02,NDR-fold,39,4.66667,0.0679338,1.31702,1
14,17.57,1,0.02,NDR-fold,40,4.78333,0.0670568,1.32076,1
14,17.57,1,0.02,NDR-fold,41,4.9,0.0662085,1.32442,1
14,17.57,1,0.02,NDR-fold,42,5.01667,0.0653873,1.32803,1
14,17.57,1,0.02,NDR-fold,43,5.13333,0.0645919,1.33157,1
14,17.57,1,0.02,NDR-fold,44,5.25,0.063821,1.33506,1
14,17.57,1,0.02,NDR-fold,45,5.36667,0.0630733,1.33849,1
14,17.57,1,0.02,NDR-fold,46,5.48333,0.0623479,1.34187,1
14,17.57,1,0.02,NDR-fold,47,5.6,0.0616436,1.3452,1
14,17.57,1,0.02,NDR-fold,48,5.71667,0.0609595,1.34848,1
14,17.57,1,0.02,NDR-fold,49,5.83333,0.0602946,1.35172,1
14,17.57,1,0.02,NDR-fold,50,5.95,0.0596481,1.35491,1
14,17.57,1,0.02,NDR-fold,51,6.06667,0.0590191,1.35805,1
14,17.57,1,0.02,NDR-fold,52,6.18333,0.058407,1.36115,1
14,17.57,1,0.02,NDR-fold,53,6.3,0.057811,1.36421,1
14,17.57,1,0.02,NDR-fold,54,6.41667,0.0572304,1.36723,1
14,17.57,1,0.02,NDR-fold,55,6.53333,0.0566646,1.37021,1
14,17.57,1,0.02,NDR-fold,56,6.65,0.056113,1.37315,1
14,17.57,1,0.02,NDR-fold,57,6.76667,0.055575,1.37606,1
14,17.57,1,0.02,NDR-fold,58,6.88333,0.0550501,1.37893,1
14,17.57,1,0.02,NDR-fold,59,7,0.0545378,1.38176,1
15,20,1,0.02,NDR-fold,0,0.116667,0.0939282,1.01096,1
15,20,1,0.02,NDR-fold,1,0.233333,0.12968,1.03026,1
15,20,1,0.02,NDR-fold,2,0.35,0.138676,1.04854,1
15,20,1,0.02,NDR-fold,3,0.466667,0.138536,1.06465,1
15,20,1,0.02,NDR-fold,4,0.583333,0.135199,1.07887,1
15,20,1,0.02,NDR-fold,5,0.7,0.13079,1.09155,1
15,20,1,0.02,NDR-fold,6,0.816667,0.126139,1.10301,1
15,20,1,0.02,NDR-fold,7,0.933333,0.121579,1.11347,1
15,20,1,0.02,NDR-fold,8,1.05,0.117246,1.12311,1
15,20,1,0.02,NDR-fold,9,1.16667,0.113184,1.13205,1
15,20,1,0.02,NDR-fold,10,1.28333,0.109399,1.1404,1
15,20,1,0.02,NDR-fold,11,1.4,0.10588,1.14823,1
15,20,1,0.02,NDR-fold,12,1.51667,0.10261,1.15562,1
15,20,1,0.02,NDR-fold,13,1.63333,0.0995665,1.16263,1
15,20,1,0.02,NDR-fold,14,1.75,0.0967308,1.16928,1
15,20,1,0.02,NDR-fold,15,1.86667,0.0940832,1.17562,1
15,20,1,0.02,NDR-fold,16,1.98333,0.0916065,1.18169,1
15,20,1,0.02,NDR-fold,17,2.1,0.0892847,1.1875,1
15,20,1,0.02,NDR-fold,18,2.21667,0.0871036,1.19308,1
15,20,1,0.02,NDR-fold,19,2.33333,0.0850508,1.19845,1
15,20,1,0.02,NDR-fold,20,2.45,0.0831149,1.20363,1
15,20,1,0.02,NDR-fold,21,2.56667,0.0812859,1.20863,1
15,20,1,0.02,NDR-fold,22,2.68333,0.0795548,1.21347,1
15,20,1,0.02,NDR-fold,23,2.8,0.0779137,1.21816,1
15,20,1,0.02,NDR-fold,24,2.91667,0.0763553,1.2227,1
15,20,1,0.02,NDR-fold,25,3.03333,0.0748733,1.22712,1
15,20,1,0.02,NDR-fold,26,3.15,0.0734619,1.23141,1
15,20,1,0.02,NDR-fold,27,3.26667,0.0721159,1.23558,1
15,20,1,0.02,NDR-fold,28,3.38333,0.0708305,1.23964,1
15,20,1,0.02,NDR-fold,29,3.5,0.0696016,1.24361,1
15,20,1,0.02,NDR-fold,30,3.61667,0.0684252,1.24747,1
15,20,1,0.02,NDR-fold,31,3.73333,0.0672979,1.25125,1
15,20,1,0.02,NDR-fold,32,3.85,0.0662165,1.25493,1
15,20,1,0.02,NDR-fold,33,3.96667,0.065178,1.25854,1
15,20,1,0.02,NDR-fold,34,4.08333,0.0641797,1.26207,1
15,20,1,0.02,NDR-fold,35,4.2,0.0632193,1.26552,1
15,20,1,0.02,NDR-fold,36,4.31667,0.0622944,1.2689,1
15,20,1,0.02,NDR-fold,37,4.43333,0.061403,1.27222,1
15,20,1,0.02,NDR-fold,38,4.55,0.0605432,1.27547,1
15,20,1,0.02,NDR-fold,39,4.66667,0.0597132,1.27866,1
15,20,1,0.02,NDR-fold,40,4.78333,0.0589114,1.28179,1
15,20,1,0.02,NDR-fold,41,4.9,0.0581363,1.28487,1
15,20,1,0.02,NDR-fold,42,5.01667,0.0573865,1.28789,1
15,20,1,0.02,NDR-fold,43,5.13333,0.0566607,1.29086,1
15,20,1,0.02,NDR-fold,44,5.25,0.0559576,1.29378,1
15,20,1,0.02,NDR-fold,45,5.36667,0.0552761,1.29665,1
15,20,1,0.02,NDR-fold,46,5.48333,0.0546153,1.29947,1
15,20,1,0.02,NDR-fold,47,5.6,0.053974,1.30225,1
15,20,1,0.02,NDR-fold,48,5.71667,0.0533514,1.30499,1
15,20,1,0.02,NDR-fold,49,5.83333,0.0527467,1.30769,1
15,20,1,0.02,NDR-fold,50,5.95,0.0521589,1.31035,1
15,20,1,0.02,NDR-fold,51,6.06667,0.0515874,1.31296,1
15,20,1,0.02,NDR-fold,52,6.18333,0.0510315,1.31554,1
15,20,1,0.02,NDR-fold,53,6.3,0.0504904,1.31809,1
15,20,1,0.02,NDR-fold,54,6.41667,0.0499635,1.3206,1
15,20,1,0.02,NDR-fold,55,6.53333,0.0494503,1.32308,1
15,20,1,0.02,NDR-fold,56,6.65,0.0489502,1.32552,1
15,20,1,0.02,NDR-fold,57,6.76667,0.0484626,1.32793,1
15,20,1,0.02,NDR-fold,58,6.88333,0.0479871,1.33031,1
15,20,1,0.02,NDR-fold,59,7,0.0475232,1.33266,1
16,3,2,0.02,monotone,0,0.116667,0.11437,1.00667,1
16,3,2,0.02,monotone,1,0.233333,0.216696,1.02528,1
16,3,2,0.02,monotone,2,0.35,0.301186,1.05271,1
16,3,2,0.02,monotone,3,0.466667,0.368091,1.08589,1
16,3,2,0.02,monotone,4,0.583333,0.420361,1.12261,1
16,3,2,0.02,monotone,5,0.7,0.4613,1.16145,1
16,3,2,0.02,monotone,6,0.816667,0.493695,1.20159,1
16,3,2,0.02,monotone,7,0.933333,0.519681,1.24252,1
16,3,2,0.02,monotone,8,1.05,0.540832,1.28394,1
16,3,2,0.02,monotone,9,1.16667,0.558303,1.32568,1
16,3,2,0.02,monotone,10,1.28333,0.57294,1.36764,1
16,3,2,0.02,monotone,11,1.4,0.585372,1.40976,1
16,3,2,0.02,monotone,12,1.51667,0.59607,1.45202,1
16,3,2,0.02,monotone,13,1.63333,0.605389,1.4944,1
16,3,2,0.02,monotone,14,1.75,0.613603,1.5369,1
16,3,2,0.02,monotone,15,1.86667,0.620924,1.57953,1
16,3,2,0.02,monotone,16,1.98333,0.627518,1.62229,1
16,3,2,0.02,monotone,17,2.1,0.633517,1.66519,1
16,3,2,0.02,monotone,18,2.21667,0.639024,1.70825,1
16,3,2,0.02,monotone,19,2.33333,0.644124,1.75148,1
16,3,2,0.02,monotone,20,2.45,0.648887,1.79489,1
16,3,2,0.02,monotone,21,2.56667,0.653367,1.83849,1
16,3,2,0.02,monotone,22,2.68333,0.657611,1.8823,1
16,3,2,0.02,monotone,23,2.8,0.661657,1.92632,1
16,3,2,0.02,monotone,24,2.91667,0.665537,1.97058,1
16,3,2,0.02,monotone,25,3.03333,0.669278,2.01507,1
16,3,2,0.02,monotone,26,3.15,0.6729,2.05982,1
16,3,2,0.02,monotone,27,3.26667,0.676425,2.10483,1
16,3,2,0.02,monotone,28,3.38333,0.679866,2.15011,1
16,3,2,0.02,monotone,29,3.5,0.683239,2.19567,1
16,3,2,0.02,monotone,30,3.61667,0.686555,2.24152,1
16,3,2,0.02,monotone,31,3.73333,0.689823,2.28767,1
16,3,2,0.02,monotone,32,3.85,0.693053,2.33413,1
16,3,2,0.02,monotone,33,3.96667,0.696251,2.3809,1
16,3,2,0.02,monotone,34,4.08333,0.699425,2.42799,1
16,3,2,0.02,monotone,35,4.2,0.702579,2.47542,1
16,3,2,0.02,monotone,36,4.31667,0.705719,2.52318,1
16,3,2,0.02,monotone,37,4.43333,0.708848,2.57128,1
16,3,2,0.02,monotone,38,4.55,0.711971,2.61973,1
16,3,2,0.02,monotone,39,4.66667,0.71509,2.66854,1
16,3,2,0.02,monotone,40,4.78333,0.718209,2.71772,1
16,3,2,0.02,monotone,41,4.9,0.72133,2.76726,1
16,3,2,0.02,monotone,42,5.01667,0.724454,2.81717,1
16,3,2,0.02,monotone,43,5.13333,0.727584,2.86747,1
16,3,2,0.02,monotone,44,5.25,0.730722,2.91815,1
16,3,2,0.02,monotone,45,5.36667,0.733869,2.96921,1
16,3,2,0.02,monotone,46,5.48333,0.737026,3.02068,1
16,3,2,0.02,monotone,47,5.6,0.740194,3.07254,1
16,3,2,0.02,monotone,48,5.71667,0.743374,3.12481,1
16,3,2,0.02,monotone,49,5.83333,0.746567,3.17749,1
16,3,2,0.02,monotone,50,5.95,0.749775,3.23058,1
16,3,2,0.02,monotone,51,6.06667,0.752996,3.28409,1
16,3,2,0.02,monotone,52,6.18333,0.756233,3.33802,1
16,3,2,0.02,monotone,53,6.3,0.759485,3.39238,1
16,3,2,0.02,monotone,54,6.41667,0.762753,3.44717,1
16,3,2,0.02,monotone,55,6.53333,0.766037,3.50239,1
16,3,2,0.02,monotone,56,6.65,0.769338,3.55805,1
16,3,2,0.02,monotone,57,6.76667,0.772656,3.61415,1
16,3,2,0.02,monotone,58,6.88333,0.775991,3.6707,1
16,3,2,0.02,monotone,59,7,0.779343,3.7277,1
17,5.429,2,0.02,NDR-fold,0,0.116667,0.112606,1.00657,1
17,5.429,2,0.02,NDR-fold,1,0.233333,0.205485,1.02397,1
17,5.429,2,0.02,NDR-fold,2,0.35,0.273207,1.04781,1
17,5.429,2,0.02,NDR-fold,3,0.466667,0.320029,1.07467,1
17,5.429,2,0.02,NDR-fold,4,0.583333,0.351924,1.10264,1
17,5.429,2,0.02,NDR-fold,5,0.7,0.373634,1.13077,1
17,5.429,2,0.02,NDR-fold,6,0.816667,0.388423,1.15861,1
17,5.429,2,0.02,NDR-fold,7,0.933333,0.398459,1.18595,1
17,5.429,2,0.02,NDR-fold,8,1.05,0.405181,1.21272,1
17,5.429,2,0.02,NDR-fold,9,1.16667,0.409556,1.23891,1
17,5.429,2,0.02,NDR-fold,10,1.28333,0.412246,1.26452,1
17,5.429,2,0.02,NDR-fold,11,1.4,0.41371,1.2896,1
17,5.429,2,0.02,NDR-fold,12,1.51667,0.414276,1.31416,1
17,5.429,2,0.02,NDR-fold,13,1.63333,0.414177,1.33824,1
17,5.429,2,0.02,NDR-fold,14,1.75,0.413586,1.36189,1
17,5.429,2,0.02,NDR-fold,15,1.86667,0.412628,1.38512,1
17,5.429,2,0.02,NDR-fold,16,1.98333,0.411399,1.40797,1
17,5.429,2,0.02,NDR-fold,17,2.1,0.40997,1.43047,1
17,5.429,2,0.02,NDR-fold,18,2.21667,0.408395,1.45264,1
17,5.429,2,0.02,NDR-fold,19,2.33333,0.406715,1.4745,1
17,5.429,2,0.02,NDR-fold,20,2.45,0.404964,1.49608,1
17,5.429,2,0.02,NDR-fold,21,2.56667,0.403166,1.5174,1
17,5.429,2,0.02,NDR-fold,22,2.68333,0.40134,1.53846,1
17,5.429,2,0.02,NDR-fold,23,2.8,0.399501,1.5593,1
17,5.429,2,0.02,NDR-fold,24,2.91667,0.397661,1.57992,1
17,5.429,2,0.02,NDR-fold,25,3.03333,0.395829,1.60034,1
17,5.429,2,0.02,NDR-fold,26,3.15,0.394012,1.62057,1
17,5.429,2,0.02,NDR-fold,27,3.26667,0.392215,1.64062,1
17,5.429,2,0.02,NDR-fold,28,3.38333,0.390444,1.6605,1
17,5.429,2,0.02,NDR-fold,29,3.5,0.3887,1.68022,1
17,5.429,2,0.02,NDR-fold,30,3.61667,0.386986,1.6998,1
17,5.429,2,0.02,NDR-fold,31,3.73333,0.385305,1.71924,1
17,5.429,2,0.02,NDR-fold,32,3.85,0.383657,1.73854,1
17,5.429,2,0.02,NDR-fold,33,3.96667,0.382042,1.75772,1
17,5.429,2,0.02,NDR-fold,34,4.08333,0.380463,1.77678,1
17,5.429,2,0.02,NDR-fold,35,4.2,0.378917,1.79573,1
17,5.429,2,0.02,NDR-fold,36,4.31667,0.377407,1.81457,1
17,5.429,2,0.02,NDR-fold,37,4.43333,0.375931,1.83331,1
17,5.429,2,0.02,NDR-fold,38,4.55,0.374489,1.85196,1
17,5.429,2,0.02,NDR-fold,39,4.66667,0.373081,1.87052,1
17,5.429,2,0.02,NDR-fold,40,4.78333,0.371707,1.889,1
17,5.429,2,0.02,NDR-fold,41,4.9,0.370365,1.90739,1
17,5.429,2,0.02,NDR-fold,42,5.01667,0.369055,1.92571,1
17,5.429,2,0.02,NDR-fold,43,5.13333,0.367776,1.94396,1
17,5.429,2,0.02,NDR-fold,44,5.25,0.366528,1.96214,1
17,5.429,2,0.02,NDR-fold,45,5.36667,0.36531,1.98025,1
17,5.429,2,0.02,NDR-fold,46,5.48333,0.364122,1.9983,1
17,5.429,2,0.02,NDR-fold,47,5.6,0.362963,2.0163,1
17,5.429,2,0.02,NDR-fold,48,5.71667,0.361831,2.03423,1
17,5.429,2,0.02,NDR-fold,49,5.83333,0.360727,2.05212,1
17,5.429,2,0.02,NDR-fold,50,5.95,0.359649,2.06996,1
17,5.429,2,0.02,NDR-fold,51,6.06667,0.358597,2.08775,1
17,5.429,2,0.02,NDR-fold,52,6.18333,0.357571,2.10549,1
17,5.429,2,0.02,NDR-fold,53,6.3,0.356569,2.12319,1
17,5.429,2,0.02,NDR-fold,54,6.41667,0.355592,2.14086,1
17,5.429,2,0.02,NDR-fold,55,6.53333,0.354637,2.15848,1
17,5.429,2,0.02,NDR-fold,56,6.65,0.353706,2.17607,1
17,5.429,2,0.02,NDR-fold,57,6.76667,0.352797,2.19363,1
17,5.429,2,0.02,NDR-fold,58,6.88333,0.351909,2.21115,1
17,5.429,2,0.02,NDR-fold,59,7,0.351042,2.22865,1
18,7.857,2,0.02,NDR-fold,0,0.116667,0.11092,1.00647,1
18,7.857,2,0.02,NDR-fold,1,0.233333,0.195783,1.02284,1
18,7.857,2,0.02,NDR-fold,2,0.35,0.251358,1.04399,1
18,7.857,2,0.02,NDR-fold,3,0.466667,0.285627,1.06665,1
18,7.857,2,0.02,NDR-fold,4,0.583333,0.306266,1.08933,1
18,7.857,2,0.02,NDR-fold,5,0.7,0.318393,1.11144,1
18,7.857,2,0.02,NDR-fold,6,0.816667,0.325154,1.13277,1
18,7.857,2,0.02,NDR-fold,7,0.933333,0.328471,1.15329,1
18,7.857,2,0.02,NDR-fold,8,1.05,0.329538,1.17301,1
18,7.857,2,0.02,NDR-fold,9,1.16667,0.329116,1.19198,1
18,7.857,2,0.02,NDR-fold,10,1.28333,0.327702,1.21028,1
18,7.857,2,0.02,NDR-fold,11,1.4,0.325623,1.22794,1
18,7.857,2,0.02,NDR-fold,12,1.51667,0.323105,1.24502,1
18,7.857,2,0.02,NDR-fold,13,1.63333,0.3203,1.26158,1
18,7.857,2,0.02,NDR-fold,14,1.75,0.317317,1.27765,1
18,7.857,2,0.02,NDR-fold,15,1.86667,0.31423,1.29328,1
18,7.857,2,0.02,NDR-fold,16,1.98333,0.311092,1.3085,1
18,7.857,2,0.02,NDR-fold,17,2.1,0.307942,1.32334,1
18,7.857,2,0.02,NDR-fold,18,2.21667,0.304807,1.33783,1
18,7.857,2,0.02,NDR-fold,19,2.33333,0.301705,1.35199,1
18,7.857,2,0.02,NDR-fold,20,2.45,0.298651,1.36585,1
18,7.857,2,0.02,NDR-fold,21,2.56667,0.295653,1.37942,1
18,7.857,2,0.02,NDR-fold,22,2.68333,0.292718,1.39273,1
18,7.857,2,0.02,NDR-fold,23,2.8,0.28985,1.40579,1
18,7.857,2,0.02,NDR-fold,24,2.91667,0.28705,1.41861,1
18,7.857,2,0.02,NDR-fold,25,3.03333,0.28432,1.43122,1
18,7.857,2,0.02,NDR-fold,26,3.15,0.28166,1.44361,1
18,7.857,2,0.02,NDR-fold,27,3.26667,0.27907,1.45581,1
18,7.857,2,0.02,NDR-fold,28,3.38333,0.276548,1.46783,1
18,7.857,2,0.02,NDR-fold,29,3.5,0.274093,1.47966,1
18,7.857,2,0.02,NDR-fold,30,3.61667,0.271703,1.49133,1
18,7.857,2,0.02,NDR-fold,31,3.73333,0.269378,1.50284,1
18,7.857,2,0.02,NDR-fold,32,3.85,0.267114,1.51419,1
18,7.857,2,0.02,NDR-fold,33,3.96667,0.264911,1.52541,1
18,7.857,2,0.02,NDR-fold,34,4.08333,0.262765,1.53648,1
18,7.857,2,0.02,NDR-fold,35,4.2,0.260676,1.54742,1
18,7.857,2,0.02,NDR-fold,36,4.31667,0.258641,1.55823,1
18,7.857,2,0.02,NDR-fold,37,4.43333,0.256658,1.56892,1
18,7.857,2,0.02,NDR-fold,38,4.55,0.254726,1.5795,1
18,7.857,2,0.02,NDR-fold,39,4.66667,0.252842,1.58997,1
18,7.857,2,0.02,NDR-fold,40,4.78333,0.251006,1.60032,1
18,7.857,2,0.02,NDR-fold,41,4.9,0.249215,1.61058,1
18,7.857,2,0.02,NDR-fold,42,5.01667,0.247467,1.62073,1
18,7.857,2,0.02,NDR-fold,43,5.13333,0.245762,1.63079,1
18,7.857,2,0.02,NDR-fold,44,5.25,0.244098,1.64076,1
18,7.857,2,0.02,NDR-fold,45,5.36667,0.242473,1.65064,1
18,7.857,2,0.02,NDR-fold,46,5.48333,0.240886,1.66043,1
18,7.857,2,0.02,NDR-fold,47,5.6,0.239335,1.67014,1
18,7.857,2,0.02,NDR-fold,48,5.71667,0.23782,1.67977,1
18,7.857,2,0.02,NDR-fold,49,5.83333,0.236339,1.68932,1
18,7.857,2,0.02,NDR-fold,50,5.95,0.23489,1.6988,1
18,7.857,2,0.02,NDR-fold,51,6.06667,0.233474,1.7082,1
18,7.857,2,0.02,NDR-fold,52,6.18333,0.232088,1.71754,1
18,7.857,2,0.02,NDR-fold,53,6.3,0.230733,1.72681,1
18,7.857,2,0.02,NDR-fold,54,6.41667,0.229405,1.73601,1
18,7.857,2,0.02,NDR-fold,55,6.53333,0.228106,1.74515,1
18,7.857,2,0.02,NDR-fold,56,6.65,0.226834,1.75422,1
18,7.857,2,0.02,NDR-fold,57,6.76667,0.225588,1.76324,1
18,7.857,2,0.02,NDR-fold,58,6.88333,0.224367,1.77219,1
18,7.857,2,0.02,NDR-fold,59,7,0.22317,1.7811,1
19,10.29,2,0.02,NDR-fold,0,0.116667,0.109306,1.00638,1
19,10.29,2,0.02,NDR-fold,1,0.233333,0.18727,1.02185,1
19,10.29,2,0.02,NDR-fold,2,0.35,0.23366,1.04089,1
19,10.29,2,0.02,NDR-fold,3,0.466667,0.259436,1.06054,1
19,10.29,2,0.02,NDR-fold,4,0.583333,0.273111,1.07966,1
19,10.29,2,0.02,NDR-fold,5,0.7,0.279734,1.09791,1
19,10.29,2,0.02,NDR-fold,6,0.816667,0.282177,1.11522,1
19,10.29,2,0.02,NDR-fold,7,0.933333,0.282092,1.13164,1
19,10.29,2,0.02,NDR-fold,8,1.05,0.280461,1.14724,1
19,10.29,2,0.02,NDR-fold,9,1.16667,0.27788,1.1621,1
19,10.29,2,0.02,NDR-fold,10,1.28333,0.274724,1.17628,1
19,10.29,2,0.02,NDR-fold,11,1.4,0.271232,1.18986,1
19,10.29,2,0.02,NDR-fold,12,1.51667,0.267558,1.2029,1
19,10.29,2,0.02,NDR-fold,13,1.63333,0.263804,1.21544,1
19,10.29,2,0.02,NDR-fold,14,1.75,0.260038,1.22753,1
19,10.29,2,0.02,NDR-fold,15,1.86667,0.256304,1.23922,1
19,10.29,2,0.02,NDR-fold,16,1.98333,0.252631,1.25053,1
19,10.29,2,0.02,NDR-fold,17,2.1,0.249038,1.26149,1
19,10.29,2,0.02,NDR-fold,18,2.21667,0.245535,1.27213,1
19,10.29,2,0.02,NDR-fold,19,2.33333,0.242131,1.28249,1
19,10.29,2,0.02,NDR-fold,20,2.45,0.238827,1.29256,1
19,10.29,2,0.02,NDR-fold,21,2.56667,0.235625,1.30239,1
19,10.29,2,0.02,NDR-fold,22,2.68333,0.232525,1.31197,1
19,10.29,2,0.02,NDR-fold,23,2.8,0.229524,1.32133,1
19,10.29,2,0.02,NDR-fold,24,2.91667,0.22662,1.33049,1
19,10.29,2,0.02,NDR-fold,25,3.03333,0.223809,1.33944,1
19,10.29,2,0.02,NDR-fold,26,3.15,0.22109,1.34822,1
19,10.29,2,0.02,NDR-fold,27,3.26667,0.218458,1.35681,1
19,10.29,2,0.02,NDR-fold,28,3.38333,0.21591,1.36525,1
19,10.29,2,0.02,NDR-fold,29,3.5,0.213442,1.37352,1
19,10.29,2,0.02,NDR-fold,30,3.61667,0.211051,1.38165,1
19,10.29,2,0.02,NDR-fold,31,3.73333,0.208735,1.38964,1
19,10.29,2,0.02,NDR-fold,32,3.85,0.206489,1.39749,1
19,10.29,2,0.02,NDR-fold,33,3.96667,0.20431,1.40522,1
19,10.29,2,0.02,NDR-fold,34,4.08333,0.202196,1.41282,1
19,10.29,2,0.02,NDR-fold,35,4.2,0.200144,1.4203,1
19,10.29,2,0.02,NDR-fold,36,4.31667,0.198152,1.42768,1
19,10.29,2,0.02,NDR-fold,37,4.43333,0.196216,1.43494,1
19,10.29,2,0.02,NDR-fold,38,4.55,0.194334,1.44211,1
19,10.29,2,0.02,NDR-fold,39,4.66667,0.192504,1.44918,1
19,10.29,2,0.02,NDR-fold,40,4.78333,0.190724,1.45615,1
19,10.29,2,0.02,NDR-fold,41,4.9,0.188991,1.46303,1
19,10.29,2,0.02,NDR-fold,42,5.01667,0.187305,1.46982,1
19,10.29,2,0.02,NDR-fold,43,5.13333,0.185662,1.47653,1
19,10.29,2,0.02,NDR-fold,44,5.25,0.184061,1.48316,1
19,10.29,2,0.02,NDR-fold,45,5.36667,0.182501,1.48971,1
19,10.29,2,0.02,NDR-fold,46,5.48333,0.180979,1.49618,1
19,10.29,2,0.02,NDR-fold,47,5.6,0.179495,1.50259,1
19,10.29,2,0.02,NDR-fold,48,5.71667,0.178047,1.50892,1
19,10.29,2,0.02,NDR-fold,49,5.83333,0.176633,1.51518,1
19,10.29,2,0.02,NDR-fold,50,5.95,0.175253,1.52138,1
19,10.29,2,0.02,NDR-fold,51,6.06667,0.173904,1.52751,1
19,10.29,2,0.02,NDR-fold,52,6.18333,0.172586,1.53358,1
19,10.29,2,0.02,NDR-fold,53,6.3,0.171298,1.53959,1
19,10.29,2,0.02,NDR-fold,54,6.41667,0.170039,1.54554,1
19,10.29,2,0.02,NDR-fold,55,6.53333,0.168807,1.55144,1
19,10.29,2,0.02,NDR-fold,56,6.65,0.167602,1.55728,1
19,10.29,2,0.02,NDR-fold,57,6.76667,0.166423,1.56306,1
19,10.29,2,0.02,NDR-fold,58,6.88333,0.165268,1.5688,1
19,10.29,2,0.02,NDR-fold,59,7,0.164138,1.57448,1
20,12.71,2,0.02,NDR-fold,0,0.116667,0.107759,1.00629,1
20,12.71,2,0.02,NDR-fold,1,0.233333,0.179714,1.02097,1
20,12.71,2,0.02,NDR-fold,2,0.35,0.218935,1.03831,1
20,12.71,2,0.02,NDR-fold,3,0.466667,0.238645,1.05568,1
20,12.71,2,0.02,NDR-fold,4,0.583333,0.247683,1.07224,1
20,12.71,2,0.02,NDR-fold,5,0.7,0.250855,1.0878,1
20,12.71,2,0.02,NDR-fold,6,0.816667,0.250735,1.10238,1
20,12.71,2,0.02,NDR-fold,7,0.933333,0.248739,1.11608,1
20,12.71,2,0.02,NDR-fold,8,1.05,0.245675,1.12898,1
20,12.71,2,0.02,NDR-fold,9,1.16667,0.242017,1.14118,1
20,12.71,2,0.02,NDR-fold,10,1.28333,0.238049,1.15275,1
20,12.71,2,0.02,NDR-fold,11,1.4,0.233947,1.16376,1
20,12.71,2,0.02,NDR-fold,12,1.51667,0.229819,1.17428,1
20,12.71,2,0.02,NDR-fold,13,1.63333,0.225733,1.18435,1
20,12.71,2,0.02,NDR-fold,14,1.75,0.221729,1.19401,1
20,12.71,2,0.02,NDR-fold,15,1.86667,0.217832,1.20331,1
20,12.71,2,0.02,NDR-fold,16,1.98333,0.214055,1.21227,1
20,12.71,2,0.02,NDR-fold,17,2.1,0.210407,1.22093,1
20,12.71,2,0.02,NDR-fold,18,2.21667,0.206888,1.2293,1
20,12.71,2,0.02,NDR-fold,19,2.33333,0.203498,1.23741,1
20,12.71,2,0.02,NDR-fold,20,2.45,0.200234,1.24529,1
20,12.71,2,0.02,NDR-fold,21,2.56667,0.197093,1.25294,1
20,12.71,2,0.02,NDR-fold,22,2.68333,0.19407,1.26038,1
20,12.71,2,0.02,NDR-fold,23,2.8,0.191159,1.26762,1
20,12.71,2,0.02,NDR-fold,24,2.91667,0.188357,1.27469,1
20,12.71,2,0.02,NDR-fold,25,3.03333,0.185658,1.28158,1
20,12.71,2,0.02,NDR-fold,26,3.15,0.183057,1.28831,1
20,12.71,2,0.02,NDR-fold,27,3.26667,0.180549,1.2949,1
20,12.71,2,0.02,NDR-fold,28,3.38333,0.17813,1.30134,1
20,12.71,2,0.02,NDR-fold,29,3.5,0.175794,1.30764,1
20,12.71,2,0.02,NDR-fold,30,3.61667,0.173538,1.31382,1
20,12.71,2,0.02,NDR-fold,31,3.73333,0.171359,1.31987,1
20,12.71,2,0.02,NDR-fold,32,3.85,0.169251,1.32581,1
20,12.71,2,0.02,NDR-fold,33,3.96667,0.167212,1.33164,1
20,12.71,2,0.02,NDR-fold,34,4.08333,0.165238,1.33736,1
20,12.71,2,0.02,NDR-fold,35,4.2,0.163326,1.34298,1
20,12.71,2,0.02,NDR-fold,36,4.31667,0.161473,1.34851,1
20,12.71,2,0.02,NDR-fold,37,4.43333,0.159676,1.35395,1
20,12.71,2,0.02,NDR-fold,38,4.55,0.157933,1.3593,1
20,12.71,2,0.02,NDR-fold,39,4.66667,0.156241,1.36456,1
20,12.71,2,0.02,NDR-fold,40,4.78333,0.154598,1.36975,1
20,12.71,2,0.02,NDR-fold,41,4.9,0.153001,1.37485,1
20,12.71,2,0.02,NDR-fold,42,5.01667,0.151449,1.37989,1
20,12.71,2,0.02,NDR-fold,43,5.13333,0.14994,1.38485,1
20,12.71,2,0.02,NDR-fold,44,5.25,0.148471,1.38974,1
20,12.71,2,0.02,NDR-fold,45,5.36667,0.147042,1.39456,1
20,12.71,2,0.02,NDR-fold,46,5.48333,0.14565,1.39932,1
20,12.71,2,0.02,NDR-fold,47,5.6,0.144294,1.40402,1
20,12.71,2,0.02,NDR-fold,48,5.71667,0.142972,1.40866,1
20,12.71,2,0.02,NDR-fold,49,5.83333,0.141683,1.41324,1
20,12.71,2,0.02,NDR-fold,50,5.95,0.140426,1.41777,1
20,12.71,2,0.02,NDR-fold,51,6.06667,0.1392,1.42224,1
20,12.71,2,0.02,NDR-fold,52,6.18333,0.138002,1.42666,1
20,12.71,2,0.02,NDR-fold,53,6.3,0.136833,1.43102,1
20,12.71,2,0.02,NDR-fold,54,6.41667,0.135691,1.43534,1
20,12.71,2,0.02,NDR-fold,55,6.53333,0.134575,1.43961,1
20,12.71,2,0.02,NDR-fold,56,6.65,0.133485,1.44384,1
20,12.71,2,0.02,NDR-fold,57,6.76667,0.132418,1.44802,1
20,12.71,2,0.02,NDR-fold,58,6.88333,0.131375,1.45215,1
20,12.71,2,0.02,NDR-fold,59,7,0.130355,1.45624,1
21,15.14,2,0.02,NDR-fold,0,0.116667,0.106274,1.0062,1
21,15.14,2,0.02,NDR-fold,1,0.233333,0.172945,1.02018,1
21,15.14,2,0.02,NDR-fold,2,0.35,0.206431,1.03613,1
21,15.14,2,0.02,NDR-fold,3,0.466667,0.221632,1.05171,1
21,15.14,2,0.02,NDR-fold,4,0.583333,0.22742,1.06633,1
21,15.14,2,0.02,NDR-fold,5,0.7,0.228296,1.0799,1
21,15.14,2,0.02,NDR-fold,6,0.816667,0.226555,1.09251,1
21,15.14,2,0.02,NDR-fold,7,0.933333,0.223415,1.10426,1
21,15.14,2,0.02,NDR-fold,8,1.05,0.219544,1.11526,1
21,15.14,2,0.02,NDR-fold,9,1.16667,0.215322,1.1256,1
21,15.14,2,0.02,NDR-fold,10,1.28333,0.210969,1.13537,1
21,15.14,2,0.02,NDR-fold,11,1.4,0.206614,1.14463,1
21,15.14,2,0.02,NDR-fold,12,1.51667,0.202331,1.15343,1
21,15.14,2,0.02,NDR-fold,13,1.63333,0.198165,1.16183,1
21,15.14,2,0.02,NDR-fold,14,1.75,0.194137,1.16987,1
21,15.14,2,0.02,NDR-fold,15,1.86667,0.19026,1.17758,1
21,15.14,2,0.02,NDR-fold,16,1.98333,0.186538,1.18498,1
21,15.14,2,0.02,NDR-fold,17,2.1,0.182969,1.19212,1
21,15.14,2,0.02,NDR-fold,18,2.21667,0.17955,1.199,1
21,15.14,2,0.02,NDR-fold,19,2.33333,0.176276,1.20566,1
21,15.14,2,0.02,NDR-fold,20,2.45,0.17314,1.2121,1
21,15.14,2,0.02,NDR-fold,21,2.56667,0.170135,1.21834,1
21,15.14,2,0.02,NDR-fold,22,2.68333,0.167255,1.2244,1
21,15.14,2,0.02,NDR-fold,23,2.8,0.164494,1.23029,1
21,15.14,2,0.02,NDR-fold,24,2.91667,0.161843,1.23602,1
21,15.14,2,0.02,NDR-fold,25,3.03333,0.159298,1.2416,1
21,15.14,2,0.02,NDR-fold,26,3.15,0.156853,1.24704,1
21,15.14,2,0.02,NDR-fold,27,3.26667,0.154501,1.25235,1
21,15.14,2,0.02,NDR-fold,28,3.38333,0.152238,1.25754,1
21,15.14,2,0.02,NDR-fold,29,3.5,0.150059,1.2626,1
21,15.14,2,0.02,NDR-fold,30,3.61667,0.147958,1.26756,1
21,15.14,2,0.02,NDR-fold,31,3.73333,0.145933,1.27241,1
21,15.14,2,0.02,NDR-fold,32,3.85,0.143978,1.27716,1
21,15.14,2,0.02,NDR-fold,33,3.96667,0.14209,1.28181,1
21,15.14,2,0.02,NDR-fold,34,4.08333,0.140265,1.28638,1
21,15.14,2,0.02,NDR-fold,35,4.2,0.138501,1.29085,1
21,15.14,2,0.02,NDR-fold,36,4.31667,0.136794,1.29525,1
21,15.14,2,0.02,NDR-fold,37,4.43333,0.135141,1.29956,1
21,15.14,2,0.02,NDR-fold,38,4.55,0.13354,1.3038,1
21,15.14,2,0.02,NDR-fold,39,4.66667,0.131988,1.30797,1
21,15.14,2,0.02,NDR-fold,40,4.78333,0.130482,1.31207,1
21,15.14,2,0.02,NDR-fold,41,4.9,0.129021,1.3161,1
21,15.14,2,0.02,NDR-fold,42,5.01667,0.127603,1.32007,1
21,15.14,2,0.02,NDR-fold,43,5.13333,0.126225,1.32398,1
21,15.14,2,0.02,NDR-fold,44,5.25,0.124885,1.32782,1
21,15.14,2,0.02,NDR-fold,45,5.36667,0.123583,1.33161,1
21,15.14,2,0.02,NDR-fold,46,5.48333,0.122316,1.33535,1
21,15.14,2,0.02,NDR-fold,47,5.6,0.121083,1.33903,1
21,15.14,2,0.02,NDR-fold,48,5.71667,0.119882,1.34266,1
21,15.14,2,0.02,NDR-fold,49,5.83333,0.118713,1.34624,1
21,15.14,2,0.02,NDR-fold,50,5.95,0.117573,1.34978,1
21,15.14,2,0.02,NDR-fold,51,6.06667,0.116462,1.35327,1
21,15.14,2,0.02,NDR-fold,52,6.18333,0.115378,1.35671,1
21,15.14,2,0.02,NDR-fold,53,6.3,0.11432,1.36011,1
21,15.14,2,0.02,NDR-fold,54,6.41667,0.113288,1.36347,1
21,15.14,2,0.02,NDR-fold,55,6.53333,0.112281,1.36678,1
21,15.14,2,0.02,NDR-fold,56,6.65,0.111297,1.37006,1
21,15.14,2,0.02,NDR-fold,57,6.76667,0.110335,1.3733,1
21,15.14,2,0.02,NDR-fold,58,6.88333,0.109395,1.3765,1
21,15.14,2,0.02,NDR-fold,59,7,0.108477,1.37967,1
22,17.57,2,0.02,NDR-fold,0,0.116667,0.104847,1.00612,1
22,17.57,2,0.02,NDR-fold,1,0.233333,0.166833,1.01946,1
22,17.57,2,0.02,NDR-fold,2,0.35,0.195637,1.03424,1
22,17.57,2,0.02,NDR-fold,3,0.466667,0.207386,1.04839,1
22,17.57,2,0.02,NDR-fold,4,0.583333,0.210808,1.06149,1
22,17.57,2,0.02,NDR-fold,5,0.7,0.210089,1.07353,1
22,17.57,2,0.02,NDR-fold,6,0.816667,0.207278,1.08464,1
22,17.57,2,0.02,NDR-fold,7,0.933333,0.203425,1.09493,1
22,17.57,2,0.02,NDR-fold,8,1.05,0.199089,1.10452,1
22,17.57,2,0.02,NDR-fold,9,1.16667,0.194574,1.1135,1
22,17.57,2,0.02,NDR-fold,10,1.28333,0.190052,1.12195,1
22,17.57,2,0.02,NDR-fold,11,1.4,0.185616,1.12993,1
22,17.57,2,0.02,NDR-fold,12,1.51667,0.181318,1.1375,1
22,17.57,2,0.02,NDR-fold,13,1.63333,0.177184,1.1447,1
22,17.57,2,0.02,NDR-fold,14,1.75,0.173225,1.15157,1
22,17.57,2,0.02,NDR-fold,15,1.86667,0.169442,1.15815,1
22,17.57,2,0.02,NDR-fold,16,1.98333,0.165833,1.16445,1
22,17.57,2,0.02,NDR-fold,17,2.1,0.162392,1.17051,1
22,17.57,2,0.02,NDR-fold,18,2.21667,0.159111,1.17635,1
22,17.57,2,0.02,NDR-fold,19,2.33333,0.155982,1.18198,1
22,17.57,2,0.02,NDR-fold,20,2.45,0.152996,1.18742,1
22,17.57,2,0.02,NDR-fold,21,2.56667,0.150144,1.19269,1
22,17.57,2,0.02,NDR-fold,22,2.68333,0.14742,1.19779,1
22,17.57,2,0.02,NDR-fold,23,2.8,0.144814,1.20274,1
22,17.57,2,0.02,NDR-fold,24,2.91667,0.14232,1.20755,1
22,17.57,2,0.02,NDR-fold,25,3.03333,0.13993,1.21223,1
22,17.57,2,0.02,NDR-fold,26,3.15,0.137639,1.21678,1
22,17.57,2,0.02,NDR-fold,27,3.26667,0.13544,1.22122,1
22,17.57,2,0.02,NDR-fold,28,3.38333,0.133328,1.22555,1
22,17.57,2,0.02,NDR-fold,29,3.5,0.131298,1.22977,1
22,17.57,2,0.02,NDR-fold,30,3.61667,0.129344,1.2339,1
22,17.57,2,0.02,NDR-fold,31,3.73333,0.127463,1.23793,1
22,17.57,2,0.02,NDR-fold,32,3.85,0.12565,1.24188,1
22,17.57,2,0.02,NDR-fold,33,3.96667,0.123902,1.24574,1
22,17.57,2,0.02,NDR-fold,34,4.08333,0.122214,1.24952,1
22,17.57,2,0.02,NDR-fold,35,4.2,0.120585,1.25323,1
22,17.57,2,0.02,NDR-fold,36,4.31667,0.11901,1.25686,1
22,17.57,2,0.02,NDR-fold,37,4.43333,0.117486,1.26043,1
22,17.57,2,0.02,NDR-fold,38,4.55,0.116012,1.26393,1
22,17.57,2,0.02,NDR-fold,39,4.66667,0.114585,1.26736,1
22,17.57,2,0.02,NDR-fold,40,4.78333,0.113202,1.27074,1
22,17.57,2,0.02,NDR-fold,41,4.9,0.111861,1.27406,1
22,17.57,2,0.02,NDR-fold,42,5.01667,0.11056,1.27732,1
22,17.57,2,0.02,NDR-fold,43,5.13333,0.109298,1.28053,1
22,17.57,2,0.02,NDR-fold,44,5.25,0.108072,1.28369,1
22,17.57,2,0.02,NDR-fold,45,5.36667,0.106881,1.2868,1
22,17.57,2,0.02,NDR-fold,46,5.48333,0.105723,1.28986,1
22,17.57,2,0.02,NDR-fold,47,5.6,0.104597,1.29287,1
22,17.57,2,0.02,NDR-fold,48,5.71667,0.103501,1.29584,1
22,17.57,2,0.02,NDR-fold,49,5.83333,0.102435,1.29877,1
22,17.57,2,0.02,NDR-fold,50,5.95,0.101396,1.30165,1
22,17.57,2,0.02,NDR-fold,51,6.06667,0.100384,1.3045,1
22,17.57,2,0.02,NDR-fold,52,6.18333,0.0993981,1.30731,1
22,17.57,2,0.02,NDR-fold,53,6.3,0.0984365,1.31008,1
22,17.57,2,0.02,NDR-fold,54,6.41667,0.0974986,1.31281,1
22,17.57,2,0.02,NDR-fold,55,6.53333,0.0965835,1.31551,1
22,17.57,2,0.02,NDR-fold,56,6.65,0.0956901,1.31817,1
22,17.57,2,0.02,NDR-fold,57,6.76667,0.0948178,1.3208,1
22,17.57,2,0.02,NDR-fold,58,6.88333,0.0939658,1.3234,1
22,17.57,2,0.02,NDR-fold,59,7,0.0931332,1.32597,1
23,20,2,0.02,NDR-fold,0,0.116667,0.103474,1.00604,1
23,20,2,0.02,NDR-fold,1,0.233333,0.161275,1.01882,1
23,20,2,0.02,NDR-fold,2,0.35,0.186197,1.03258,1
23,20,2,0.02,NDR-fold,3,0.466667,0.195236,1.04556,1
23,20,2,0.02,NDR-fold,4,0.583333,0.196886,1.05743,1
23,20,2,0.02,NDR-fold,5,0.7,0.195026,1.06826,1
23,20,2,0.02,NDR-fold,6,0.816667,0.191488,1.07819,1
23,20,2,0.02,NDR-fold,7,0.933333,0.187182,1.08735,1
23,20,2,0.02,NDR-fold,8,1.05,0.182577,1.09585,1
23,20,2,0.02,NDR-fold,9,1.16667,0.177921,1.10379,1
23,20,2,0.02,NDR-fold,10,1.28333,0.173346,1.11123,1
23,20,2,0.02,NDR-fold,11,1.4,0.168919,1.11824,1
23,20,2,0.02,NDR-fold,12,1.51667,0.164675,1.12488,1
23,20,2,0.02,NDR-fold,13,1.63333,0.160625,1.13118,1
23,20,2,0.02,NDR-fold,14,1.75,0.156773,1.13718,1
23,20,2,0.02,NDR-fold,15,1.86667,0.153113,1.14291,1
23,20,2,0.02,NDR-fold,16,1.98333,0.149637,1.14839,1
23,20,2,0.02,NDR-fold,17,2.1,0.146337,1.15365,1
23,20,2,0.02,NDR-fold,18,2.21667,0.143202,1.15872,1
23,20,2,0.02,NDR-fold,19,2.33333,0.140221,1.16359,1
23,20,2,0.02,NDR-fold,20,2.45,0.137385,1.1683,1
23,20,2,0.02,NDR-fold,21,2.56667,0.134684,1.17284,1
23,20,2,0.02,NDR-fold,22,2.68333,0.132109,1.17725,1
23,20,2,0.02,NDR-fold,23,2.8,0.129651,1.18151,1
23,20,2,0.02,NDR-fold,24,2.91667,0.127303,1.18565,1
23,20,2,0.02,NDR-fold,25,3.03333,0.125058,1.18967,1
23,20,2,0.02,NDR-fold,26,3.15,0.122909,1.19358,1
23,20,2,0.02,NDR-fold,27,3.26667,0.12085,1.19739,1
23,20,2,0.02,NDR-fold,28,3.38333,0.118875,1.2011,1
23,20,2,0.02,NDR-fold,29,3.5,0.116979,1.20471,1
23,20,2,0.02,NDR-fold,30,3.61667,0.115157,1.20824,1
23,20,2,0.02,NDR-fold,31,3.73333,0.113404,1.21169,1
23,20,2,0.02,NDR-fold,32,3.85,0.111717,1.21506,1
23,20,2,0.02,NDR-fold,33,3.96667,0.110093,1.21835,1
23,20,2,0.02,NDR-fold,34,4.08333,0.108526,1.22157,1
23,20,2,0.02,NDR-fold,35,4.2,0.107014,1.22473,1
23,20,2,0.02,NDR-fold,36,4.31667,0.105555,1.22782,1
23,20,2,0.02,NDR-fold,37,4.43333,0.104145,1.23085,1
23,20,2,0.02,NDR-fold,38,4.55,0.102781,1.23383,1
23,20,2,0.02,NDR-fold,39,4.66667,0.101462,1.23674,1
23,20,2,0.02,NDR-fold,40,4.78333,0.100185,1.23961,1
23,20,2,0.02,NDR-fold,41,4.9,0.0989475,1.24242,1
23,20,2,0.02,NDR-fold,42,5.01667,0.0977481,1.24518,1
23,20,2,0.02,NDR-fold,43,5.13333,0.0965848,1.2479,1
23,20,2,0.02,NDR-fold,44,5.25,0.095456,1.25057,1
23,20,2,0.02,NDR-fold,45,5.36667,0.09436,1.2532,1
23,20,2,0.02,NDR-fold,46,5.48333,0.0932952,1.25578,1
23,20,2,0.02,NDR-fold,47,5.6,0.0922604,1.25833,1
23,20,2,0.02,NDR-fold,48,5.71667,0.0912541,1.26083,1
23,20,2,0.02,NDR-fold,49,5.83333,0.0902752,1.2633,1
23,20,2,0.02,NDR-fold,50,5.95,0.0893224,1.26573,1
23,20,2,0.02,NDR-fold,51,6.06667,0.0883947,1.26813,1
23,20,2,0.02,NDR-fold,52,6.18333,0.0874909,1.27049,1
23,20,2,0.02,NDR-fold,53,6.3,0.0866102,1.27282,1
23,20,2,0.02,NDR-fold,54,6.41667,0.0857516,1.27512,1
23,20,2,0.02,NDR-fold,55,6.53333,0.0849142,1.27739,1
23,20,2,0.02,NDR-fold,56,6.65,0.0840972,1.27962,1
23,20,2,0.02,NDR-fold,57,6.76667,0.0832998,1.28183,1
23,20,2,0.02,NDR-fold,58,6.88333,0.0825212,1.28401,1
23,20,2,0.02,NDR-fold,59,7,0.0817608,1.28616,1
24,3,4,0.02,monotone,0,0.116667,0.115497,1.00337,1
24,3,4,0.02,monotone,1,0.233333,0.22446,1.01309,1
24,3,4,0.02,monotone,2,0.35,0.32235,1.02821,1
24,3,4,0.02,monotone,3,0.466667,0.407292,1.04752,1
24,3,4,0.02,monotone,4,0.583333,0.479477,1.06992,1
24,3,4,0.02,monotone,5,0.7,0.540213,1.09454,1
24,3,4,0.02,monotone,6,0.816667,0.591185,1.1207,1
24,3,4,0.02,monotone,7,0.933333,0.63405,1.14795,1
24,3,4,0.02,monotone,8,1.05,0.670271,1.17595,1
24,3,4,0.02,monotone,9,1.16667,0.701071,1.20448,1
24,3,4,0.02,monotone,10,1.28333,0.727446,1.23339,1
24,3,4,0.02,monotone,11,1.4,0.750197,1.26257,1
24,3,4,0.02,monotone,12,1.51667,0.769968,1.29195,1
24,3,4,0.02,monotone,13,1.63333,0.787274,1.32147,1
24,3,4,0.02,monotone,14,1.75,0.802532,1.35111,1
24,3,4,0.02,monotone,15,1.86667,0.816076,1.38084,1
24,3,4,0.02,monotone,16,1.98333,0.82818,1.41064,1
24,3,4,0.02,monotone,17,2.1,0.839066,1.44051,1
24,3,4,0.02,monotone,18,2.21667,0.848918,1.47044,1
24,3,4,0.02,monotone,19,2.33333,0.857888,1.50043,1
24,3,4,0.02,monotone,20,2.45,0.866102,1.53049,1
24,3,4,0.02,monotone,21,2.56667,0.873666,1.5606,1
24,3,4,0.02,monotone,22,2.68333,0.880668,1.59078,1
24,3,4,0.02,monotone,23,2.8,0.887183,1.62103,1
24,3,4,0.02,monotone,24,2.91667,0.893276,1.65135,1
24,3,4,0.02,monotone,25,3.03333,0.899,1.68174,1
24,3,4,0.02,monotone,26,3.15,0.904401,1.71222,1
24,3,4,0.02,monotone,27,3.26667,0.909521,1.74278,1
24,3,4,0.02,monotone,28,3.38333,0.914392,1.77342,1
24,3,4,0.02,monotone,29,3.5,0.919046,1.80417,1
24,3,4,0.02,monotone,30,3.61667,0.923509,1.83501,1
24,3,4,0.02,monotone,31,3.73333,0.927802,1.86595,1
24,3,4,0.02,monotone,32,3.85,0.931946,1.897,1
24,3,4,0.02,monotone,33,3.96667,0.935958,1.92816,1
24,3,4,0.02,monotone,34,4.08333,0.939853,1.95943,1
24,3,4,0.02,monotone,35,4.2,0.943646,1.99083,1
24,3,4,0.02,monotone,36,4.31667,0.947347,2.02235,1
24,3,4,0.02,monotone,37,4.43333,0.950967,2.05399,1
24,3,4,0.02,monotone,38,4.55,0.954517,2.08576,1
24,3,4,0.02,monotone,39,4.66667,0.958003,2.11767,1
24,3,4,0.02,monotone,40,4.78333,0.961435,2.14972,1
24,3,4,0.02,monotone,41,4.9,0.964817,2.1819,1
24,3,4,0.02,monotone,42,5.01667,0.968157,2.21423,1
24,3,4,0.02,monotone,43,5.13333,0.971459,2.24671,1
24,3,4,0.02,monotone,44,5.25,0.974728,2.27933,1
24,3,4,0.02,monotone,45,5.36667,0.97797,2.31211,1
24,3,4,0.02,monotone,46,5.48333,0.981187,2.34504,1
24,3,4,0.02,monotone,47,5.6,0.984382,2.37814,1
24,3,4,0.02,monotone,48,5.71667,0.98756,2.41139,1
24,3,4,0.02,monotone,49,5.83333,0.990724,2.44481,1
24,3,4,0.02,monotone,50,5.95,0.993874,2.47839,1
24,3,4,0.02,monotone,51,6.06667,0.997015,2.51214,1
24,3,4,0.02,monotone,52,6.18333,1.00015,2.54606,1
24,3,4,0.02,monotone,53,6.3,1.00327,2.58016,1
24,3,4,0.02,monotone,54,6.41667,1.0064,2.61443,1
24,3,4,0.02,monotone,55,6.53333,1.00952,2.64888,1
24,3,4,0.02,monotone,56,6.65,1.01264,2.68351,1
24,3,4,0.02,monotone,57,6.76667,1.01575,2.71832,1
24,3,4,0.02,monotone,58,6.88333,1.01887,2.75331,1
24,3,4,0.02,monotone,59,7,1.022,2.7885,1
25,5.429,4,0.02,NDR-fold,0,0.116667,0.114576,1.00334,1
25,5.429,4,0.02,NDR-fold,1,0.233333,0.21796,1.01271,1
25,5.429,4,0.02,NDR-fold,2,0.35,0.304066,1.02661,1
25,5.429,4,0.02,NDR-fold,3,0.466667,0.372282,1.04343,1
25,5.429,4,0.02,NDR-fold,4,0.583333,0.42495,1.06197,1
25,5.429,4,0.02,NDR-fold,5,0.7,0.465181,1.08141,1
25,5.429,4,0.02,NDR-fold,6,0.816667,0.49582,1.10123,1
25,5.429,4,0.02,NDR-fold,7,0.933333,0.51916,1.12114,1
25,5.429,4,0.02,NDR-fold,8,1.05,0.536954,1.14095,1
25,5.429,4,0.02,NDR-fold,9,1.16667,0.550514,1.16057,1
25,5.429,4,0.02,NDR-fold,10,1.28333,0.560821,1.17993,1
25,5.429,4,0.02,NDR-fold,11,1.4,0.568608,1.19901,1
25,5.429,4,0.02,NDR-fold,12,1.51667,0.574427,1.2178,1
25,5.429,4,0.02,NDR-fold,13,1.63333,0.578699,1.2363,1
25,5.429,4,0.02,NDR-fold,14,1.75,0.581745,1.25451,1
25,5.429,4,0.02,NDR-fold,15,1.86667,0.583815,1.27245,1
25,5.429,4,0.02,NDR-fold,16,1.98333,0.585103,1.29011,1
25,5.429,4,0.02,NDR-fold,17,2.1,0.585762,1.30752,1
25,5.429,4,0.02,NDR-fold,18,2.21667,0.585913,1.32469,1
25,5.429,4,0.02,NDR-fold,19,2.33333,0.585654,1.34163,1
25,5.429,4,0.02,NDR-fold,20,2.45,0.585061,1.35835,1
25,5.429,4,0.02,NDR-fold,21,2.56667,0.584199,1.37486,1
25,5.429,4,0.02,NDR-fold,22,2.68333,0.583119,1.39118,1
25,5.429,4,0.02,NDR-fold,23,2.8,0.581861,1.4073,1
25,5.429,4,0.02,NDR-fold,24,2.91667,0.580462,1.42325,1
25,5.429,4,0.02,NDR-fold,25,3.03333,0.578948,1.43904,1
25,5.429,4,0.02,NDR-fold,26,3.15,0.577344,1.45466,1
25,5.429,4,0.02,NDR-fold,27,3.26667,0.575669,1.47013,1
25,5.429,4,0.02,NDR-fold,28,3.38333,0.573939,1.48546,1
25,5.429,4,0.02,NDR-fold,29,3.5,0.572168,1.50065,1
25,5.429,4,0.02,NDR-fold,30,3.61667,0.570367,1.51571,1
25,5.429,4,0.02,NDR-fold,31,3.73333,0.568546,1.53064,1
25,5.429,4,0.02,NDR-fold,32,3.85,0.566711,1.54546,1
25,5.429,4,0.02,NDR-fold,33,3.96667,0.564871,1.56016,1
25,5.429,4,0.02,NDR-fold,34,4.08333,0.563031,1.57476,1
25,5.429,4,0.02,NDR-fold,35,4.2,0.561194,1.58925,1
25,5.429,4,0.02,NDR-fold,36,4.31667,0.559366,1.60365,1
25,5.429,4,0.02,NDR-fold,37,4.43333,0.557549,1.61795,1
25,5.429,4,0.02,NDR-fold,38,4.55,0.555746,1.63216,1
25,5.429,4,0.02,NDR-fold,39,4.66667,0.55396,1.64629,1
25,5.429,4,0.02,NDR-fold,40,4.78333,0.552192,1.66033,1
25,5.429,4,0.02,NDR-fold,41,4.9,0.550444,1.67429,1
25,5.429,4,0.02,NDR-fold,42,5.01667,0.548716,1.68818,1
25,5.429,4,0.02,NDR-fold,43,5.13333,0.547011,1.702,1
25,5.429,4,0.02,NDR-fold,44,5.25,0.545328,1.71574,1
25,5.429,4,0.02,NDR-fold,45,5.36667,0.543669,1.72942,1
25,5.429,4,0.02,NDR-fold,46,5.48333,0.542034,1.74304,1
25,5.429,4,0.02,NDR-fold,47,5.6,0.540422,1.75659,1
25,5.429,4,0.02,NDR-fold,48,5.71667,0.538836,1.77009,1
25,5.429,4,0.02,NDR-fold,49,5.83333,0.537273,1.78352,1
25,5.429,4,0.02,NDR-fold,50,5.95,0.535735,1.79691,1
25,5.429,4,0.02,NDR-fold,51,6.06667,0.534222,1.81024,1
25,5.429,4,0.02,NDR-fold,52,6.18333,0.532733,1.82352,1
25,5.429,4,0.02,NDR-fold,53,6.3,0.531269,1.83675,1
25,5.429,4,0.02,NDR-fold,54,6.41667,0.529828,1.84993,1
25,5.429,4,0.02,NDR-fold,55,6.53333,0.528411,1.86307,1
25,5.429,4,0.02,NDR-fold,56,6.65,0.527019,1.87617,1
25,5.429,4,0.02,NDR-fold,57,6.76667,0.525649,1.88922,1
25,5.429,4,0.02,NDR-fold,58,6.88333,0.524303,1.90224,1
25,5.429,4,0.02,NDR-fold,59,7,0.522979,1.91521,1
26,7.857,4,0.02,NDR-fold,0,0.116667,0.113676,1.00332,1
26,7.857,4,0.02,NDR-fold,1,0.233333,0.211981,1.01237,1
26,7.857,4,0.02,NDR-fold,2,0.35,0.288446,1.02524,1
26,7.857,4,0.02,NDR-fold,3,0.466667,0.344482,1.04019,1
26,7.857,4,0.02,NDR-fold,4,0.583333,0.384399,1.05606,1
26,7.857,4,0.02,NDR-fold,5,0.7,0.412457,1.07218,1
26,7.857,4,0.02,NDR-fold,6,0.816667,0.431993,1.0882,1
26,7.857,4,0.02,NDR-fold,7,0.933333,0.445426,1.10393,1
26,7.857,4,0.02,NDR-fold,8,1.05,0.454463,1.1193,1
26,7.857,4,0.02,NDR-fold,9,1.16667,0.460307,1.13426,1
26,7.857,4,0.02,NDR-fold,10,1.28333,0.46381,1.14881,1
26,7.857,4,0.02,NDR-fold,11,1.4,0.46558,1.16295,1
26,7.857,4,0.02,NDR-fold,12,1.51667,0.46606,1.17671,1
26,7.857,4,0.02,NDR-fold,13,1.63333,0.465574,1.19011,1
26,7.857,4,0.02,NDR-fold,14,1.75,0.464361,1.20316,1
26,7.857,4,0.02,NDR-fold,15,1.86667,0.462602,1.21588,1
26,7.857,4,0.02,NDR-fold,16,1.98333,0.460432,1.2283,1
26,7.857,4,0.02,NDR-fold,17,2.1,0.457956,1.24043,1
26,7.857,4,0.02,NDR-fold,18,2.21667,0.455254,1.25229,1
26,7.857,4,0.02,NDR-fold,19,2.33333,0.452386,1.26389,1
26,7.857,4,0.02,NDR-fold,20,2.45,0.449401,1.27526,1
26,7.857,4,0.02,NDR-fold,21,2.56667,0.446337,1.2864,1
26,7.857,4,0.02,NDR-fold,22,2.68333,0.443223,1.29733,1
26,7.857,4,0.02,NDR-fold,23,2.8,0.440081,1.30806,1
26,7.857,4,0.02,NDR-fold,24,2.91667,0.436931,1.3186,1
26,7.857,4,0.02,NDR-fold,25,3.03333,0.433786,1.32895,1
26,7.857,4,0.02,NDR-fold,26,3.15,0.430657,1.33914,1
26,7.857,4,0.02,NDR-fold,27,3.26667,0.427553,1.34917,1
26,7.857,4,0.02,NDR-fold,28,3.38333,0.424481,1.35904,1
26,7.857,4,0.02,NDR-fold,29,3.5,0.421446,1.36876,1
26,7.857,4,0.02,NDR-fold,30,3.61667,0.418452,1.37835,1
26,7.857,4,0.02,NDR-fold,31,3.73333,0.415502,1.3878,1
26,7.857,4,0.02,NDR-fold,32,3.85,0.412599,1.39713,1
26,7.857,4,0.02,NDR-fold,33,3.96667,0.409743,1.40633,1
26,7.857,4,0.02,NDR-fold,34,4.08333,0.406936,1.41541,1
26,7.857,4,0.02,NDR-fold,35,4.2,0.404178,1.42439,1
26,7.857,4,0.02,NDR-fold,36,4.31667,0.40147,1.43325,1
26,7.857,4,0.02,NDR-fold,37,4.43333,0.398811,1.44202,1
26,7.857,4,0.02,NDR-fold,38,4.55,0.396201,1.45068,1
26,7.857,4,0.02,NDR-fold,39,4.66667,0.393641,1.45925,1
26,7.857,4,0.02,NDR-fold,40,4.78333,0.391128,1.46772,1
26,7.857,4,0.02,NDR-fold,41,4.9,0.388663,1.47611,1
26,7.857,4,0.02,NDR-fold,42,5.01667,0.386244,1.48441,1
26,7.857,4,0.02,NDR-fold,43,5.13333,0.383872,1.49264,1
26,7.857,4,0.02,NDR-fold,44,5.25,0.381544,1.50078,1
26,7.857,4,0.02,NDR-fold,45,5.36667,0.37926,1.50884,1
26,7.857,4,0.02,NDR-fold,46,5.48333,0.37702,1.51683,1
26,7.857,4,0.02,NDR-fold,47,5.6,0.374821,1.52475,1
26,7.857,4,0.02,NDR-fold,48,5.71667,0.372664,1.5326,1
26,7.857,4,0.02,NDR-fold,49,5.83333,0.370547,1.54038,1
26,7.857,4,0.02,NDR-fold,50,5.95,0.368469,1.5481,1
26,7.857,4,0.02,NDR-fold,51,6.06667,0.36643,1.55575,1
26,7.857,4,0.02,NDR-fold,52,6.18333,0.364427,1.56334,1
26,7.857,4,0.02,NDR-fold,53,6.3,0.362461,1.57088,1
26,7.857,4,0.02,NDR-fold,54,6.41667,0.360531,1.57835,1
26,7.857,4,0.02,NDR-fold,55,6.53333,0.358635,1.58577,1
26,7.857,4,0.02,NDR-fold,56,6.65,0.356774,1.59314,1
26,7.857,4,0.02,NDR-fold,57,6.76667,0.354944,1.60045,1
26,7.857,4,0.02,NDR-fold,58,6.88333,0.353148,1.60771,1
26,7.857,4,0.02,NDR-fold,59,7,0.351382,1.61492,1
27,10.29,4,0.02,NDR-fold,0,0.116667,0.112797,1.00329,1
27,10.29,4,0.02,NDR-fold,1,0.233333,0.206453,1.01204,1
27,10.29,4,0.02,NDR-fold,2,0.35,0.274884,1.02405,1
27,10.29,4,0.02,NDR-fold,3,0.466667,0.321681,1.03753,1
27,10.29,4,0.02,NDR-fold,4,0.583333,0.352693,1.05143,1
27,10.29,4,0.02,NDR-fold,5,0.7,0.372822,1.06524,1
27,10.29,4,0.02,NDR-fold,6,0.816667,0.385547,1.07872,1
27,10.29,4,0.02,NDR-fold,7,0.933333,0.393215,1.09175,1
27,10.29,4,0.02,NDR-fold,8,1.05,0.397396,1.10432,1
27,10.29,4,0.02,NDR-fold,9,1.16667,0.399147,1.11642,1
27,10.29,4,0.02,NDR-fold,10,1.28333,0.399192,1.12807,1
27,10.29,4,0.02,NDR-fold,11,1.4,0.39803,1.13931,1
27,10.29,4,0.02,NDR-fold,12,1.51667,0.396014,1.15016,1
27,10.29,4,0.02,NDR-fold,13,1.63333,0.393392,1.16064,1
27,10.29,4,0.02,NDR-fold,14,1.75,0.390346,1.17078,1
27,10.29,4,0.02,NDR-fold,15,1.86667,0.387008,1.1806,1
27,10.29,4,0.02,NDR-fold,16,1.98333,0.383473,1.19014,1
27,10.29,4,0.02,NDR-fold,17,2.1,0.379813,1.1994,1
27,10.29,4,0.02,NDR-fold,18,2.21667,0.376082,1.20841,1
27,10.29,4,0.02,NDR-fold,19,2.33333,0.372318,1.21719,1
27,10.29,4,0.02,NDR-fold,20,2.45,0.368551,1.22574,1
27,10.29,4,0.02,NDR-fold,21,2.56667,0.364803,1.23408,1
27,10.29,4,0.02,NDR-fold,22,2.68333,0.361091,1.24223,1
27,10.29,4,0.02,NDR-fold,23,2.8,0.357426,1.2502,1
27,10.29,4,0.02,NDR-fold,24,2.91667,0.353817,1.25799,1
27,10.29,4,0.02,NDR-fold,25,3.03333,0.350271,1.26562,1
27,10.29,4,0.02,NDR-fold,26,3.15,0.346791,1.2731,1
27,10.29,4,0.02,NDR-fold,27,3.26667,0.343381,1.28043,1
27,10.29,4,0.02,NDR-fold,28,3.38333,0.340042,1.28762,1
27,10.29,4,0.02,NDR-fold,29,3.5,0.336775,1.29468,1
27,10.29,4,0.02,NDR-fold,30,3.61667,0.33358,1.30161,1
27,10.29,4,0.02,NDR-fold,31,3.73333,0.330457,1.30843,1
27,10.29,4,0.02,NDR-fold,32,3.85,0.327404,1.31513,1
27,10.29,4,0.02,NDR-fold,33,3.96667,0.324422,1.32172,1
27,10.29,4,0.02,NDR-fold,34,4.08333,0.321508,1.32821,1
27,10.29,4,0.02,NDR-fold,35,4.2,0.318661,1.33459,1
27,10.29,4,0.02,NDR-fold,36,4.31667,0.315879,1.34089,1
27,10.29,4,0.02,NDR-fold,37,4.43333,0.313161,1.34709,1
27,10.29,4,0.02,NDR-fold,38,4.55,0.310505,1.3532,1
27,10.29,4,0.02,NDR-fold,39,4.66667,0.30791,1.35923,1
27,10.29,4,0.02,NDR-fold,40,4.78333,0.305373,1.36518,1
27,10.29,4,0.02,NDR-fold,41,4.9,0.302893,1.37104,1
27,10.29,4,0.02,NDR-fold,42,5.01667,0.300468,1.37684,1
27,10.29,4,0.02,NDR-fold,43,5.13333,0.298097,1.38256,1
27,10.29,4,0.02,NDR-fold,44,5.25,0.295778,1.38821,1
27,10.29,4,0.02,NDR-fold,45,5.36667,0.29351,1.39379,1
27,10.29,4,0.02,NDR-fold,46,5.48333,0.29129,1.39931,1
27,10.29,4,0.02,NDR-fold,47,5.6,0.289117,1.40476,1
27,10.29,4,0.02,NDR-fold,48,5.71667,0.28699,1.41016,1
27,10.29,4,0.02,NDR-fold,49,5.83333,0.284908,1.41549,1
27,10.29,4,0.02,NDR-fold,50,5.95,0.282869,1.42077,1
27,10.29,4,0.02,NDR-fold,51,6.06667,0.280871,1.42599,1
27,10.29,4,0.02,NDR-fold,52,6.18333,0.278914,1.43115,1
27,10.29,4,0.02,NDR-fold,53,6.3,0.276996,1.43627,1
27,10.29,4,0.02,NDR-fold,54,6.41667,0.275116,1.44133,1
27,10.29,4,0.02,NDR-fold,55,6.53333,0.273273,1.44635,1
27,10.29,4,0.02,NDR-fold,56,6.65,0.271466,1.45131,1
27,10.29,4,0.02,NDR-fold,57,6.76667,0.269694,1.45623,1
27,10.29,4,0.02,NDR-fold,58,6.88333,0.267955,1.46111,1
27,10.29,4,0.02,NDR-fold,59,7,0.266249,1.46594,1
28,12.71,4,0.02,NDR-fold,0,0.116667,0.111938,1.00326,1
28,12.71,4,0.02,NDR-fold,1,0.233333,0.201319,1.01174,1
28,12.71,4,0.02,NDR-fold,2,0.35,0.262953,1.02301,1
28,12.71,4,0.02,NDR-fold,3,0.466667,0.302526,1.03529,1
28,12.71,4,0.02,NDR-fold,4,0.583333,0.327018,1.04769,1
28,12.71,4,0.02,NDR-fold,5,0.7,0.341652,1.05979,1
28,12.71,4,0.02,NDR-fold,6,0.816667,0.349873,1.07143,1
28,12.71,4,0.02,NDR-fold,7,0.933333,0.353887,1.08257,1
28,12.71,4,0.02,NDR-fold,8,1.05,0.355109,1.09322,1
28,12.71,4,0.02,NDR-fold,9,1.16667,0.354463,1.10338,1
28,12.71,4,0.02,NDR-fold,10,1.28333,0.352558,1.11311,1
28,12.71,4,0.02,NDR-fold,11,1.4,0.349807,1.12243,1
28,12.71,4,0.02,NDR-fold,12,1.51667,0.346492,1.13138,1
28,12.71,4,0.02,NDR-fold,13,1.63333,0.342808,1.13998,1
28,12.71,4,0.02,NDR-fold,14,1.75,0.338893,1.14827,1
28,12.71,4,0.02,NDR-fold,15,1.86667,0.334844,1.15626,1
28,12.71,4,0.02,NDR-fold,16,1.98333,0.330729,1.16399,1
28,12.71,4,0.02,NDR-fold,17,2.1,0.326599,1.17146,1
28,12.71,4,0.02,NDR-fold,18,2.21667,0.322488,1.17871,1
28,12.71,4,0.02,NDR-fold,19,2.33333,0.318421,1.18575,1
28,12.71,4,0.02,NDR-fold,20,2.45,0.314416,1.19258,1
28,12.71,4,0.02,NDR-fold,21,2.56667,0.310485,1.19923,1
28,12.71,4,0.02,NDR-fold,22,2.68333,0.306636,1.2057,1
28,12.71,4,0.02,NDR-fold,23,2.8,0.302875,1.21201,1
28,12.71,4,0.02,NDR-fold,24,2.91667,0.299203,1.21817,1
28,12.71,4,0.02,NDR-fold,25,3.03333,0.295623,1.22418,1
28,12.71,4,0.02,NDR-fold,26,3.15,0.292135,1.23006,1
28,12.71,4,0.02,NDR-fold,27,3.26667,0.288738,1.2358,1
28,12.71,4,0.02,NDR-fold,28,3.38333,0.285431,1.24143,1
28,12.71,4,0.02,NDR-fold,29,3.5,0.282212,1.24694,1
28,12.71,4,0.02,NDR-fold,30,3.61667,0.279079,1.25233,1
28,12.71,4,0.02,NDR-fold,31,3.73333,0.27603,1.25763,1
28,12.71,4,0.02,NDR-fold,32,3.85,0.273062,1.26282,1
28,12.71,4,0.02,NDR-fold,33,3.96667,0.270172,1.26792,1
28,12.71,4,0.02,NDR-fold,34,4.08333,0.267359,1.27293,1
28,12.71,4,0.02,NDR-fold,35,4.2,0.26462,1.27785,1
28,12.71,4,0.02,NDR-fold,36,4.31667,0.261952,1.28269,1
28,12.71,4,0.02,NDR-fold,37,4.43333,0.259352,1.28745,1
28,12.71,4,0.02,NDR-fold,38,4.55,0.256819,1.29213,1
28,12.71,4,0.02,NDR-fold,39,4.66667,0.25435,1.29674,1
28,12.71,4,0.02,NDR-fold,40,4.78333,0.251942,1.30128,1
28,12.71,4,0.02,NDR-fold,41,4.9,0.249594,1.30575,1
28,12.71,4,0.02,NDR-fold,42,5.01667,0.247303,1.31016,1
28,12.71,4,0.02,NDR-fold,43,5.13333,0.245068,1.3145,1
28,12.71,4,0.02,NDR-fold,44,5.25,0.242885,1.31879,1
28,12.71,4,0.02,NDR-fold,45,5.36667,0.240755,1.32301,1
28,12.71,4,0.02,NDR-fold,46,5.48333,0.238674,1.32718,1
28,12.71,4,0.02,NDR-fold,47,5.6,0.23664,1.3313,1
28,12.71,4,0.02,NDR-fold,48,5.71667,0.234653,1.33536,1
28,12.71,4,0.02,NDR-fold,49,5.83333,0.232711,1.33937,1
28,12.71,4,0.02,NDR-fold,50,5.95,0.230811,1.34333,1
28,12.71,4,0.02,NDR-fold,51,6.06667,0.228954,1.34725,1
28,12.71,4,0.02,NDR-fold,52,6.18333,0.227136,1.35111,1
28,12.71,4,0.02,NDR-fold,53,6.3,0.225357,1.35494,1
28,12.71,4,0.02,NDR-fold,54,6.41667,0.223616,1.35872,1
28,12.71,4,0.02,NDR-fold,55,6.53333,0.221911,1.36246,1
28,12.71,4,0.02,NDR-fold,56,6.65,0.220242,1.36615,1
28,12.71,4,0.02,NDR-fold,57,6.76667,0.218606,1.36981,1
28,12.71,4,0.02,NDR-fold,58,6.88333,0.217004,1.37343,1
28,12.71,4,0.02,NDR-fold,59,7,0.215433,1.37701,1
29,15.14,4,0.02,NDR-fold,0,0.116667,0.111098,1.00324,1
29,15.14,4,0.02,NDR-fold,1,0.233333,0.196533,1.01146,1
29,15.14,4,0.02,NDR-fold,2,0.35,0.252345,1.02208,1
29,15.14,4,0.02,NDR-fold,3,0.466667,0.28613,1.03338,1
29,15.14,4,0.02,NDR-fold,4,0.583333,0.305677,1.04458,1
29,15.14,4,0.02,NDR-fold,5,0.7,0.316328,1.05536,1
29,15.14,4,0.02,NDR-fold,6,0.816667,0.321412,1.06562,1
29,15.14,4,0.02,NDR-fold,7,0.933333,0.322972,1.07536,1
29,15.14,4,0.02,NDR-fold,8,1.05,0.322278,1.0846,1
29,15.14,4,0.02,NDR-fold,9,1.16667,0.320132,1.09337,1
29,15.14,4,0.02,NDR-fold,10,1.28333,0.317055,1.10172,1
29,15.14,4,0.02,NDR-fold,11,1.4,0.313389,1.10969,1
29,15.14,4,0.02,NDR-fold,12,1.51667,0.30936,1.1173,1
29,15.14,4,0.02,NDR-fold,13,1.63333,0.305124,1.12459,1
29,15.14,4,0.02,NDR-fold,14,1.75,0.300786,1.13159,1
29,15.14,4,0.02,NDR-fold,15,1.86667,0.296418,1.13833,1
29,15.14,4,0.02,NDR-fold,16,1.98333,0.292069,1.14482,1
29,15.14,4,0.02,NDR-fold,17,2.1,0.287773,1.15108,1
29,15.14,4,0.02,NDR-fold,18,2.21667,0.283554,1.15714,1
29,15.14,4,0.02,NDR-fold,19,2.33333,0.279425,1.163,1
29,15.14,4,0.02,NDR-fold,20,2.45,0.275397,1.16868,1
29,15.14,4,0.02,NDR-fold,21,2.56667,0.271474,1.1742,1
29,15.14,4,0.02,NDR-fold,22,2.68333,0.267661,1.17956,1
29,15.14,4,0.02,NDR-fold,23,2.8,0.263957,1.18477,1
29,15.14,4,0.02,NDR-fold,24,2.91667,0.260361,1.18985,1
29,15.14,4,0.02,NDR-fold,25,3.03333,0.256873,1.1948,1
29,15.14,4,0.02,NDR-fold,26,3.15,0.253489,1.19962,1
29,15.14,4,0.02,NDR-fold,27,3.26667,0.250207,1.20434,1
29,15.14,4,0.02,NDR-fold,28,3.38333,0.247023,1.20894,1
29,15.14,4,0.02,NDR-fold,29,3.5,0.243936,1.21344,1
29,15.14,4,0.02,NDR-fold,30,3.61667,0.24094,1.21785,1
29,15.14,4,0.02,NDR-fold,31,3.73333,0.238032,1.22216,1
29,15.14,4,0.02,NDR-fold,32,3.85,0.23521,1.22639,1
29,15.14,4,0.02,NDR-fold,33,3.96667,0.23247,1.23053,1
29,15.14,4,0.02,NDR-fold,34,4.08333,0.229808,1.2346,1
29,15.14,4,0.02,NDR-fold,35,4.2,0.227222,1.23858,1
29,15.14,4,0.02,NDR-fold,36,4.31667,0.224709,1.2425,1
29,15.14,4,0.02,NDR-fold,37,4.43333,0.222265,1.24634,1
29,15.14,4,0.02,NDR-fold,38,4.55,0.219888,1.25012,1
29,15.14,4,0.02,NDR-fold,39,4.66667,0.217576,1.25384,1
29,15.14,4,0.02,NDR-fold,40,4.78333,0.215324,1.25749,1
29,15.14,4,0.02,NDR-fold,41,4.9,0.213132,1.26109,1
29,15.14,4,0.02,NDR-fold,42,5.01667,0.210997,1.26463,1
29,15.14,4,0.02,NDR-fold,43,5.13333,0.208917,1.26811,1
29,15.14,4,0.02,NDR-fold,44,5.25,0.206889,1.27154,1
29,15.14,4,0.02,NDR-fold,45,5.36667,0.204911,1.27492,1
29,15.14,4,0.02,NDR-fold,46,5.48333,0.202982,1.27825,1
29,15.14,4,0.02,NDR-fold,47,5.6,0.2011,1.28154,1
29,15.14,4,0.02,NDR-fold,48,5.71667,0.199263,1.28478,1
29,15.14,4,0.02,NDR-fold,49,5.83333,0.197469,1.28798,1
29,15.14,4,0.02,NDR-fold,50,5.95,0.195717,1.29113,1
29,15.14,4,0.02,NDR-fold,51,6.06667,0.194005,1.29424,1
29,15.14,4,0.02,NDR-fold,52,6.18333,0.192332,1.29731,1
29,15.14,4,0.02,NDR-fold,53,6.3,0.190697,1.30035,1
29,15.14,4,0.02,NDR-fold,54,6.41667,0.189098,1.30334,1
29,15.14,4,0.02,NDR-fold,55,6.53333,0.187533,1.3063,1
29,15.14,4,0.02,NDR-fold,56,6.65,0.186002,1.30923,1
29,15.14,4,0.02,NDR-fold,57,6.76667,0.184504,1.31212,1
29,15.14,4,0.02,NDR-fold,58,6.88333,0.183037,1.31498,1
29,15.14,4,0.02,NDR-fold,59,7,0.181601,1.3178,1
30,17.57,4,0.02,NDR-fold,0,0.116667,0.110276,1.00322,1
30,17.57,4,0.02,NDR-fold,1,0.233333,0.192057,1.0112,1
30,17.57,4,0.02,NDR-fold,2,0.35,0.242828,1.02125,1
30,17.57,4,0.02,NDR-fold,3,0.466667,0.271886,1.03172,1
30,17.57,4,0.02,NDR-fold,4,0.583333,0.287579,1.04194,1
30,17.57,4,0.02,NDR-fold,5,0.7,0.295245,1.05167,1
30,17.57,4,0.02,NDR-fold,6,0.816667,0.298058,1.06085,1
30,17.57,4,0.02,NDR-fold,7,0.933333,0.297899,1.06951,1
30,17.57,4,0.02,NDR-fold,8,1.05,0.295908,1.07768,1
30,17.57,4,0.02,NDR-fold,9,1.16667,0.292785,1.0854,1
30,17.57,4,0.02,NDR-fold,10,1.28333,0.288975,1.09271,1
30,17.57,4,0.02,NDR-fold,11,1.4,0.284763,1.09967,1
30,17.57,4,0.02,NDR-fold,12,1.51667,0.280336,1.10629,1
30,17.57,4,0.02,NDR-fold,13,1.63333,0.275814,1.11262,1
30,17.57,4,0.02,NDR-fold,14,1.75,0.271281,1.11869,1
30,17.57,4,0.02,NDR-fold,15,1.86667,0.266788,1.1245,1
30,17.57,4,0.02,NDR-fold,16,1.98333,0.262372,1.13009,1
30,17.57,4,0.02,NDR-fold,17,2.1,0.258055,1.13548,1
30,17.57,4,0.02,NDR-fold,18,2.21667,0.25385,1.14068,1
30,17.57,4,0.02,NDR-fold,19,2.33333,0.249765,1.1457,1
30,17.57,4,0.02,NDR-fold,20,2.45,0.245805,1.15056,1
30,17.57,4,0.02,NDR-fold,21,2.56667,0.24197,1.15526,1
30,17.57,4,0.02,NDR-fold,22,2.68333,0.238259,1.15983,1
30,17.57,4,0.02,NDR-fold,23,2.8,0.234671,1.16427,1
30,17.57,4,0.02,NDR-fold,24,2.91667,0.2312,1.16858,1
30,17.57,4,0.02,NDR-fold,25,3.03333,0.227845,1.17278,1
30,17.57,4,0.02,NDR-fold,26,3.15,0.224602,1.17687,1
30,17.57,4,0.02,NDR-fold,27,3.26667,0.221464,1.18086,1
30,17.57,4,0.02,NDR-fold,28,3.38333,0.21843,1.18476,1
30,17.57,4,0.02,NDR-fold,29,3.5,0.215493,1.18856,1
30,17.57,4,0.02,NDR-fold,30,3.61667,0.212651,1.19227,1
30,17.57,4,0.02,NDR-fold,31,3.73333,0.209898,1.19591,1
30,17.57,4,0.02,NDR-fold,32,3.85,0.207232,1.19946,1
30,17.57,4,0.02,NDR-fold,33,3.96667,0.204648,1.20294,1
30,17.57,4,0.02,NDR-fold,34,4.08333,0.202143,1.20635,1
30,17.57,4,0.02,NDR-fold,35,4.2,0.199712,1.2097,1
30,17.57,4,0.02,NDR-fold,36,4.31667,0.197354,1.21298,1
30,17.57,4,0.02,NDR-fold,37,4.43333,0.195065,1.2162,1
30,17.57,4,0.02,NDR-fold,38,4.55,0.192841,1.21936,1
30,17.57,4,0.02,NDR-fold,39,4.66667,0.19068,1.22246,1
30,17.57,4,0.02,NDR-fold,40,4.78333,0.18858,1.22551,1
30,17.57,4,0.02,NDR-fold,41,4.9,0.186537,1.22851,1
30,17.57,4,0.02,NDR-fold,42,5.01667,0.18455,1.23146,1
30,17.57,4,0.02,NDR-fold,43,5.13333,0.182615,1.23436,1
30,17.57,4,0.02,NDR-fold,44,5.25,0.180732,1.23721,1
30,17.57,4,0.02,NDR-fold,45,5.36667,0.178897,1.24002,1
30,17.57,4,0.02,NDR-fold,46,5.48333,0.177109,1.24279,1
30,17.57,4,0.02,NDR-fold,47,5.6,0.175366,1.24551,1
30,17.57,4,0.02,NDR-fold,48,5.71667,0.173667,1.2482,1
30,17.57,4,0.02,NDR-fold,49,5.83333,0.172009,1.25085,1
30,17.57,4,0.02,NDR-fold,50,5.95,0.170391,1.25346,1
30,17.57,4,0.02,NDR-fold,51,6.06667,0.168812,1.25603,1
30,17.57,4,0.02,NDR-fold,52,6.18333,0.167269,1.25857,1
30,17.57,4,0.02,NDR-fold,53,6.3,0.165763,1.26108,1
30,17.57,4,0.02,NDR-fold,54,6.41667,0.16429,1.26355,1
30,17.57,4,0.02,NDR-fold,55,6.53333,0.162851,1.26599,1
30,17.57,4,0.02,NDR-fold,56,6.65,0.161444,1.2684,1
30,17.57,4,0.02,NDR-fold,57,6.76667,0.160068,1.27078,1
30,17.57,4,0.02,NDR-fold,58,6.88333,0.158721,1.27313,1
30,17.57,4,0.02,NDR-fold,59,7,0.157404,1.27546,1
31,20,4,0.02,NDR-fold,0,0.116667,0.109472,1.00319,1
31,20,4,0.02,NDR-fold,1,0.233333,0.187856,1.01096,1
31,20,4,0.02,NDR-fold,2,0.35,0.234223,1.02049,1
31,20,4,0.02,NDR-fold,3,0.466667,0.25936,1.03026,1
31,20,4,0.02,NDR-fold,4,0.583333,0.271983,1.03966,1
31,20,4,0.02,NDR-fold,5,0.7,0.277351,1.04854,1
31,20,4,0.02,NDR-fold,6,0.816667,0.278471,1.05685,1
31,20,4,0.02,NDR-fold,7,0.933333,0.277072,1.06465,1
31,20,4,0.02,NDR-fold,8,1.05,0.274175,1.07197,1
31,20,4,0.02,NDR-fold,9,1.16667,0.270397,1.07887,1
31,20,4,0.02,NDR-fold,10,1.28333,0.266119,1.08538,1
31,20,4,0.02,NDR-fold,11,1.4,0.261581,1.09155,1
31,20,4,0.02,NDR-fold,12,1.51667,0.256934,1.09742,1
31,20,4,0.02,NDR-fold,13,1.63333,0.252277,1.10301,1
31,20,4,0.02,NDR-fold,14,1.75,0.247672,1.10836,1
31,20,4,0.02,NDR-fold,15,1.86667,0.243158,1.11347,1
31,20,4,0.02,NDR-fold,16,1.98333,0.23876,1.11839,1
31,20,4,0.02,NDR-fold,17,2.1,0.234491,1.12311,1
31,20,4,0.02,NDR-fold,18,2.21667,0.230359,1.12766,1
31,20,4,0.02,NDR-fold,19,2.33333,0.226367,1.13205,1
31,20,4,0.02,NDR-fold,20,2.45,0.222514,1.13629,1
31,20,4,0.02,NDR-fold,21,2.56667,0.218797,1.1404,1
31,20,4,0.02,NDR-fold,22,2.68333,0.215214,1.14437,1
31,20,4,0.02,NDR-fold,23,2.8,0.21176,1.14823,1
31,20,4,0.02,NDR-fold,24,2.91667,0.20843,1.15198,1
31,20,4,0.02,NDR-fold,25,3.03333,0.205219,1.15562,1
31,20,4,0.02,NDR-fold,26,3.15,0.202122,1.15917,1
31,20,4,0.02,NDR-fold,27,3.26667,0.199133,1.16263,1
31,20,4,0.02,NDR-fold,28,3.38333,0.196248,1.16599,1
31,20,4,0.02,NDR-fold,29,3.5,0.193462,1.16928,1
31,20,4,0.02,NDR-fold,30,3.61667,0.190769,1.17249,1
31,20,4,0.02,NDR-fold,31,3.73333,0.188166,1.17562,1
31,20,4,0.02,NDR-fold,32,3.85,0.185649,1.17869,1
31,20,4,0.02,NDR-fold,33,3.96667,0.183213,1.18169,1
31,20,4,0.02,NDR-fold,34,4.08333,0.180854,1.18462,1
31,20,4,0.02,NDR-fold,35,4.2,0.178569,1.1875,1
31,20,4,0.02,NDR-fold,36,4.31667,0.176355,1.19032,1
31,20,4,0.02,NDR-fold,37,4.43333,0.174207,1.19308,1
31,20,4,0.02,NDR-fold,38,4.55,0.172124,1.19579,1
31,20,4,0.02,NDR-fold,39,4.66667,0.170102,1.19845,1
31,20,4,0.02,NDR-fold,40,4.78333,0.168138,1.20106,1
31,20,4,0.02,NDR-fold,41,4.9,0.16623,1.20363,1
31,20,4,0.02,NDR-fold,42,5.01667,0.164375,1.20615,1
31,20,4,0.02,NDR-fold,43,5.13333,0.162572,1.20863,1
31,20,4,0.02,NDR-fold,44,5.25,0.160817,1.21107,1
31,20,4,0.02,NDR-fold,45,5.36667,0.15911,1.21347,1
31,20,4,0.02,NDR-fold,46,5.48333,0.157447,1.21583,1
31,20,4,0.02,NDR-fold,47,5.6,0.155827,1.21816,1
31,20,4,0.02,NDR-fold,48,5.71667,0.154249,1.22045,1
31,20,4,0.02,NDR-fold,49,5.83333,0.152711,1.2227,1
31,20,4,0.02,NDR-fold,50,5.95,0.15121,1.22493,1
31,20,4,0.02,NDR-fold,51,6.06667,0.149747,1.22712,1
31,20,4,0.02,NDR-fold,52,6.18333,0.148318,1.22928,1
31,20,4,0.02,NDR-fold,53,6.3,0.146924,1.23141,1
31,20,4,0.02,NDR-fold,54,6.41667,0.145562,1.23351,1
31,20,4,0.02,NDR-fold,55,6.53333,0.144232,1.23558,1
31,20,4,0.02,NDR-fold,56,6.65,0.142932,1.23762,1
31,20,4,0.02,NDR-fold,57,6.76667,0.141661,1.23964,1
31,20,4,0.02,NDR-fold,58,6.88333,0.140419,1.24164,1
31,20,4,0.02,NDR-fold,59,7,0.139203,1.24361,1
32,3,8,0.02,monotone,0,0.116667,0.116077,1.00169,1
32,3,8,0.02,monotone,1,0.233333,0.22874,1.00667,1
32,3,8,0.02,monotone,2,0.35,0.335151,1.01466,1
32,3,8,0.02,monotone,3,0.466667,0.433392,1.02528,1
32,3,8,0.02,monotone,4,0.583333,0.522515,1.0381,1
32,3,8,0.02,monotone,5,0.7,0.602372,1.05271,1
32,3,8,0.02,monotone,6,0.816667,0.673359,1.06874,1
32,3,8,0.02,monotone,7,0.933333,0.736183,1.08589,1
32,3,8,0.02,monotone,8,1.05,0.791684,1.10391,1
32,3,8,0.02,monotone,9,1.16667,0.840722,1.12261,1
32,3,8,0.02,monotone,10,1.28333,0.884113,1.14183,1
32,3,8,0.02,monotone,11,1.4,0.922599,1.16145,1
32,3,8,0.02,monotone,12,1.51667,0.956835,1.1814,1
32,3,8,0.02,monotone,13,1.63333,0.98739,1.20159,1
32,3,8,0.02,monotone,14,1.75,1.01476,1.22198,1
32,3,8,0.02,monotone,15,1.86667,1.03936,1.24252,1
32,3,8,0.02,monotone,16,1.98333,1.06156,1.26318,1
32,3,8,0.02,monotone,17,2.1,1.08166,1.28394,1
32,3,8,0.02,monotone,18,2.21667,1.09994,1.30477,1
32,3,8,0.02,monotone,19,2.33333,1.11661,1.32568,1
32,3,8,0.02,monotone,20,2.45,1.13186,1.34663,1
32,3,8,0.02,monotone,21,2.56667,1.14588,1.36764,1
32,3,8,0.02,monotone,22,2.68333,1.1588,1.38868,1
32,3,8,0.02,monotone,23,2.8,1.17074,1.40976,1
32,3,8,0.02,monotone,24,2.91667,1.18183,1.43087,1
32,3,8,0.02,monotone,25,3.03333,1.19214,1.45202,1
32,3,8,0.02,monotone,26,3.15,1.20177,1.4732,1
32,3,8,0.02,monotone,27,3.26667,1.21078,1.4944,1
32,3,8,0.02,monotone,28,3.38333,1.21924,1.51564,1
32,3,8,0.02,monotone,29,3.5,1.22721,1.5369,1
32,3,8,0.02,monotone,30,3.61667,1.23473,1.5582,1
32,3,8,0.02,monotone,31,3.73333,1.24185,1.57953,1
32,3,8,0.02,monotone,32,3.85,1.24861,1.60089,1
32,3,8,0.02,monotone,33,3.96667,1.25504,1.62229,1
32,3,8,0.02,monotone,34,4.08333,1.26117,1.64372,1
32,3,8,0.02,monotone,35,4.2,1.26703,1.66519,1
32,3,8,0.02,monotone,36,4.31667,1.27265,1.6867,1
32,3,8,0.02,monotone,37,4.43333,1.27805,1.70825,1
32,3,8,0.02,monotone,38,4.55,1.28324,1.72984,1
32,3,8,0.02,monotone,39,4.66667,1.28825,1.75148,1
32,3,8,0.02,monotone,40,4.78333,1.29309,1.77316,1
32,3,8,0.02,monotone,41,4.9,1.29777,1.79489,1
32,3,8,0.02,monotone,42,5.01667,1.30232,1.81666,1
32,3,8,0.02,monotone,43,5.13333,1.30673,1.83849,1
32,3,8,0.02,monotone,44,5.25,1.31103,1.86036,1
32,3,8,0.02,monotone,45,5.36667,1.31522,1.8823,1
32,3,8,0.02,monotone,46,5.48333,1.31931,1.90428,1
32,3,8,0.02,monotone,47,5.6,1.32331,1.92632,1
32,3,8,0.02,monotone,48,5.71667,1.32723,1.94842,1
32,3,8,0.02,monotone,49,5.83333,1.33107,1.97058,1
32,3,8,0.02,monotone,50,5.95,1.33485,1.99279,1
32,3,8,0.02,monotone,51,6.06667,1.33856,2.01507,1
32,3,8,0.02,monotone,52,6.18333,1.3422,2.03741,1
32,3,8,0.02,monotone,53,6.3,1.3458,2.05982,1
32,3,8,0.02,monotone,54,6.41667,1.34935,2.08229,1
32,3,8,0.02,monotone,55,6.53333,1.35285,2.10483,1
32,3,8,0.02,monotone,56,6.65,1.35631,2.12743,1
32,3,8,0.02,monotone,57,6.76667,1.35973,2.15011,1
32,3,8,0.02,monotone,58,6.88333,1.36312,2.17285,1
32,3,8,0.02,monotone,59,7,1.36648,2.19567,1
33,5.429,8,0.02,NDR-fold,0,0.116667,0.115606,1.00169,1
33,5.429,8,0.02,NDR-fold,1,0.233333,0.225212,1.00657,1
33,5.429,8,0.02,NDR-fold,2,0.35,0.324397,1.01419,1
33,5.429,8,0.02,NDR-fold,3,0.466667,0.41097,1.02397,1
33,5.429,8,0.02,NDR-fold,4,0.583333,0.484666,1.03534,1
33,5.429,8,0.02,NDR-fold,5,0.7,0.546414,1.04781,1
33,5.429,8,0.02,NDR-fold,6,0.816667,0.597683,1.06101,1
33,5.429,8,0.02,NDR-fold,7,0.933333,0.640058,1.07467,1
33,5.429,8,0.02,NDR-fold,8,1.05,0.675017,1.0886,1
33,5.429,8,0.02,NDR-fold,9,1.16667,0.703849,1.10264,1
33,5.429,8,0.02,NDR-fold,10,1.28333,0.727635,1.11672,1
33,5.429,8,0.02,NDR-fold,11,1.4,0.747267,1.13077,1
33,5.429,8,0.02,NDR-fold,12,1.51667,0.763473,1.14474,1
33,5.429,8,0.02,NDR-fold,13,1.63333,0.776845,1.15861,1
33,5.429,8,0.02,NDR-fold,14,1.75,0.787863,1.17234,1
33,5.429,8,0.02,NDR-fold,15,1.86667,0.796918,1.18595,1
33,5.429,8,0.02,NDR-fold,16,1.98333,0.80433,1.19941,1
33,5.429,8,0.02,NDR-fold,17,2.1,0.810362,1.21272,1
33,5.429,8,0.02,NDR-fold,18,2.21667,0.81523,1.22589,1
33,5.429,8,0.02,NDR-fold,19,2.33333,0.819112,1.23891,1
33,5.429,8,0.02,NDR-fold,20,2.45,0.822158,1.25179,1
33,5.429,8,0.02,NDR-fold,21,2.56667,0.824492,1.26452,1
33,5.429,8,0.02,NDR-fold,22,2.68333,0.826216,1.27713,1
33,5.429,8,0.02,NDR-fold,23,2.8,0.82742,1.2896,1
33,5.429,8,0.02,NDR-fold,24,2.91667,0.828178,1.30194,1
33,5.429,8,0.02,NDR-fold,25,3.03333,0.828551,1.31416,1
33,5.429,8,0.02,NDR-fold,26,3.15,0.828595,1.32626,1
33,5.429,8,0.02,NDR-fold,27,3.26667,0.828354,1.33824,1
33,5.429,8,0.02,NDR-fold,28,3.38333,0.827868,1.35012,1
33,5.429,8,0.02,NDR-fold,29,3.5,0.827171,1.36189,1
33,5.429,8,0.02,NDR-fold,30,3.61667,0.826292,1.37355,1
33,5.429,8,0.02,NDR-fold,31,3.73333,0.825256,1.38512,1
33,5.429,8,0.02,NDR-fold,32,3.85,0.824085,1.39659,1
33,5.429,8,0.02,NDR-fold,33,3.96667,0.822798,1.40797,1
33,5.429,8,0.02,NDR-fold,34,4.08333,0.821411,1.41926,1
33,5.429,8,0.02,NDR-fold,35,4.2,0.819939,1.43047,1
33,5.429,8,0.02,NDR-fold,36,4.31667,0.818395,1.44159,1
33,5.429,8,0.02,NDR-fold,37,4.43333,0.816789,1.45264,1
33,5.429,8,0.02,NDR-fold,38,4.55,0.815132,1.46361,1
33,5.429,8,0.02,NDR-fold,39,4.66667,0.813431,1.4745,1
33,5.429,8,0.02,NDR-fold,40,4.78333,0.811694,1.48533,1
33,5.429,8,0.02,NDR-fold,41,4.9,0.809929,1.49608,1
33,5.429,8,0.02,NDR-fold,42,5.01667,0.808139,1.50677,1
33,5.429,8,0.02,NDR-fold,43,5.13333,0.806332,1.5174,1
33,5.429,8,0.02,NDR-fold,44,5.25,0.804511,1.52796,1
33,5.429,8,0.02,NDR-fold,45,5.36667,0.80268,1.53846,1
33,5.429,8,0.02,NDR-fold,46,5.48333,0.800842,1.54891,1
33,5.429,8,0.02,NDR-fold,47,5.6,0.799002,1.5593,1
33,5.429,8,0.02,NDR-fold,48,5.71667,0.797161,1.56964,1
33,5.429,8,0.02,NDR-fold,49,5.83333,0.795322,1.57992,1
33,5.429,8,0.02,NDR-fold,50,5.95,0.793487,1.59016,1
33,5.429,8,0.02,NDR-fold,51,6.06667,0.791658,1.60034,1
33,5.429,8,0.02,NDR-fold,52,6.18333,0.789836,1.61048,1
33,5.429,8,0.02,NDR-fold,53,6.3,0.788024,1.62057,1
33,5.429,8,0.02,NDR-fold,54,6.41667,0.786221,1.63062,1
33,5.429,8,0.02,NDR-fold,55,6.53333,0.784431,1.64062,1
33,5.429,8,0.02,NDR-fold,56,6.65,0.782652,1.65058,1
33,5.429,8,0.02,NDR-fold,57,6.76667,0.780887,1.6605,1
33,5.429,8,0.02,NDR-fold,58,6.88333,0.779136,1.67038,1
33,5.429,8,0.02,NDR-fold,59,7,0.7774,1.68022,1
34,7.857,8,0.02,NDR-fold,0,0.116667,0.11514,1.00168,1
34,7.857,8,0.02,NDR-fold,1,0.233333,0.22184,1.00647,1
34,7.857,8,0.02,NDR-fold,2,0.35,0.314587,1.01376,1
34,7.857,8,0.02,NDR-fold,3,0.466667,0.391566,1.02284,1
34,7.857,8,0.02,NDR-fold,4,0.583333,0.453596,1.03307,1
34,7.857,8,0.02,NDR-fold,5,0.7,0.502716,1.04399,1
34,7.857,8,0.02,NDR-fold,6,0.816667,0.541232,1.05525,1
34,7.857,8,0.02,NDR-fold,7,0.933333,0.571253,1.06665,1
34,7.857,8,0.02,NDR-fold,8,1.05,0.594547,1.07803,1
34,7.857,8,0.02,NDR-fold,9,1.16667,0.612532,1.08933,1
34,7.857,8,0.02,NDR-fold,10,1.28333,0.626322,1.10047,1
34,7.857,8,0.02,NDR-fold,11,1.4,0.636787,1.11144,1
34,7.857,8,0.02,NDR-fold,12,1.51667,0.644606,1.12221,1
34,7.857,8,0.02,NDR-fold,13,1.63333,0.650309,1.13277,1
34,7.857,8,0.02,NDR-fold,14,1.75,0.654311,1.14313,1
34,7.857,8,0.02,NDR-fold,15,1.86667,0.656942,1.15329,1
34,7.857,8,0.02,NDR-fold,16,1.98333,0.658461,1.16324,1
34,7.857,8,0.02,NDR-fold,17,2.1,0.659076,1.17301,1
34,7.857,8,0.02,NDR-fold,18,2.21667,0.658955,1.18259,1
34,7.857,8,0.02,NDR-fold,19,2.33333,0.658233,1.19198,1
34,7.857,8,0.02,NDR-fold,20,2.45,0.657019,1.20121,1
34,7.857,8,0.02,NDR-fold,21,2.56667,0.655403,1.21028,1
34,7.857,8,0.02,NDR-fold,22,2.68333,0.653459,1.21918,1
34,7.857,8,0.02,NDR-fold,23,2.8,0.651247,1.22794,1
34,7.857,8,0.02,NDR-fold,24,2.91667,0.648817,1.23655,1
34,7.857,8,0.02,NDR-fold,25,3.03333,0.64621,1.24502,1
34,7.857,8,0.02,NDR-fold,26,3.15,0.643462,1.25336,1
34,7.857,8,0.02,NDR-fold,27,3.26667,0.640601,1.26158,1
34,7.857,8,0.02,NDR-fold,28,3.38333,0.637651,1.26967,1
34,7.857,8,0.02,NDR-fold,29,3.5,0.634634,1.27765,1
34,7.857,8,0.02,NDR-fold,30,3.61667,0.631565,1.28552,1
34,7.857,8,0.02,NDR-fold,31,3.73333,0.628459,1.29328,1
34,7.857,8,0.02,NDR-fold,32,3.85,0.625329,1.30094,1
34,7.857,8,0.02,NDR-fold,33,3.96667,0.622184,1.3085,1
34,7.857,8,0.02,NDR-fold,34,4.08333,0.619033,1.31596,1
34,7.857,8,0.02,NDR-fold,35,4.2,0.615884,1.32334,1
34,7.857,8,0.02,NDR-fold,36,4.31667,0.612742,1.33063,1
34,7.857,8,0.02,NDR-fold,37,4.43333,0.609614,1.33783,1
34,7.857,8,0.02,NDR-fold,38,4.55,0.606502,1.34495,1
34,7.857,8,0.02,NDR-fold,39,4.66667,0.603411,1.35199,1
34,7.857,8,0.02,NDR-fold,40,4.78333,0.600343,1.35896,1
34,7.857,8,0.02,NDR-fold,41,4.9,0.597302,1.36585,1
34,7.857,8,0.02,NDR-fold,42,5.01667,0.59429,1.37267,1
34,7.857,8,0.02,NDR-fold,43,5.13333,0.591307,1.37942,1
34,7.857,8,0.02,NDR-fold,44,5.25,0.588356,1.38611,1
34,7.857,8,0.02,NDR-fold,45,5.36667,0.585437,1.39273,1
34,7.857,8,0.02,NDR-fold,46,5.48333,0.582551,1.39929,1
34,7.857,8,0.02,NDR-fold,47,5.6,0.5797,1.40579,1
34,7.857,8,0.02,NDR-fold,48,5.71667,0.576882,1.41223,1
34,7.857,8,0.02,NDR-fold,49,5.83333,0.5741,1.41861,1
34,7.857,8,0.02,NDR-fold,50,5.95,0.571353,1.42494,1
34,7.857,8,0.02,NDR-fold,51,6.06667,0.56864,1.43122,1
34,7.857,8,0.02,NDR-fold,52,6.18333,0.565963,1.43744,1
34,7.857,8,0.02,NDR-fold,53,6.3,0.56332,1.44361,1
34,7.857,8,0.02,NDR-fold,54,6.41667,0.560713,1.44974,1
34,7.857,8,0.02,NDR-fold,55,6.53333,0.558139,1.45581,1
34,7.857,8,0.02,NDR-fold,56,6.65,0.5556,1.46184,1
34,7.857,8,0.02,NDR-fold,57,6.76667,0.553095,1.46783,1
34,7.857,8,0.02,NDR-fold,58,6.88333,0.550624,1.47377,1
34,7.857,8,0.02,NDR-fold,59,7,0.548186,1.47966,1
35,10.29,8,0.02,NDR-fold,0,0.116667,0.11468,1.00167,1
35,10.29,8,0.02,NDR-fold,1,0.233333,0.218612,1.00638,1
35,10.29,8,0.02,NDR-fold,2,0.35,0.305587,1.01337,1
35,10.29,8,0.02,NDR-fold,3,0.466667,0.374539,1.02185,1
35,10.29,8,0.02,NDR-fold,4,0.583333,0.427458,1.03117,1
35,10.29,8,0.02,NDR-fold,5,0.7,0.46732,1.04089,1
35,10.29,8,0.02,NDR-fold,6,0.816667,0.496996,1.05074,1
35,10.29,8,0.02,NDR-fold,7,0.933333,0.518872,1.06054,1
35,10.29,8,0.02,NDR-fold,8,1.05,0.534809,1.07019,1
35,10.29,8,0.02,NDR-fold,9,1.16667,0.546221,1.07966,1
35,10.29,8,0.02,NDR-fold,10,1.28333,0.554175,1.0889,1
35,10.29,8,0.02,NDR-fold,11,1.4,0.559469,1.09791,1
35,10.29,8,0.02,NDR-fold,12,1.51667,0.562709,1.10668,1
35,10.29,8,0.02,NDR-fold,13,1.63333,0.564354,1.11522,1
35,10.29,8,0.02,NDR-fold,14,1.75,0.564755,1.12354,1
35,10.29,8,0.02,NDR-fold,15,1.86667,0.564185,1.13164,1
35,10.29,8,0.02,NDR-fold,16,1.98333,0.562852,1.13954,1
35,10.29,8,0.02,NDR-fold,17,2.1,0.560921,1.14724,1
35,10.29,8,0.02,NDR-fold,18,2.21667,0.558523,1.15476,1
35,10.29,8,0.02,NDR-fold,19,2.33333,0.55576,1.1621,1
35,10.29,8,0.02,NDR-fold,20,2.45,0.552713,1.16927,1
35,10.29,8,0.02,NDR-fold,21,2.56667,0.549448,1.17628,1
35,10.29,8,0.02,NDR-fold,22,2.68333,0.546017,1.18314,1
35,10.29,8,0.02,NDR-fold,23,2.8,0.542463,1.18986,1
35,10.29,8,0.02,NDR-fold,24,2.91667,0.53882,1.19644,1
35,10.29,8,0.02,NDR-fold,25,3.03333,0.535115,1.2029,1
35,10.29,8,0.02,NDR-fold,26,3.15,0.531372,1.20923,1
35,10.29,8,0.02,NDR-fold,27,3.26667,0.527608,1.21544,1
35,10.29,8,0.02,NDR-fold,28,3.38333,0.523839,1.22154,1
35,10.29,8,0.02,NDR-fold,29,3.5,0.520077,1.22753,1
35,10.29,8,0.02,NDR-fold,30,3.61667,0.51633,1.23342,1
35,10.29,8,0.02,NDR-fold,31,3.73333,0.512609,1.23922,1
35,10.29,8,0.02,NDR-fold,32,3.85,0.508917,1.24492,1
35,10.29,8,0.02,NDR-fold,33,3.96667,0.505262,1.25053,1
35,10.29,8,0.02,NDR-fold,34,4.08333,0.501647,1.25605,1
35,10.29,8,0.02,NDR-fold,35,4.2,0.498075,1.26149,1
35,10.29,8,0.02,NDR-fold,36,4.31667,0.494549,1.26685,1
35,10.29,8,0.02,NDR-fold,37,4.43333,0.491071,1.27213,1
35,10.29,8,0.02,NDR-fold,38,4.55,0.487641,1.27735,1
35,10.29,8,0.02,NDR-fold,39,4.66667,0.484261,1.28249,1
35,10.29,8,0.02,NDR-fold,40,4.78333,0.480932,1.28756,1
35,10.29,8,0.02,NDR-fold,41,4.9,0.477654,1.29256,1
35,10.29,8,0.02,NDR-fold,42,5.01667,0.474427,1.29751,1
35,10.29,8,0.02,NDR-fold,43,5.13333,0.471251,1.30239,1
35,10.29,8,0.02,NDR-fold,44,5.25,0.468125,1.30721,1
35,10.29,8,0.02,NDR-fold,45,5.36667,0.46505,1.31197,1
35,10.29,8,0.02,NDR-fold,46,5.48333,0.462024,1.31668,1
35,10.29,8,0.02,NDR-fold,47,5.6,0.459047,1.32133,1
35,10.29,8,0.02,NDR-fold,48,5.71667,0.456119,1.32594,1
35,10.29,8,0.02,NDR-fold,49,5.83333,0.453239,1.33049,1
35,10.29,8,0.02,NDR-fold,50,5.95,0.450406,1.33499,1
35,10.29,8,0.02,NDR-fold,51,6.06667,0.447619,1.33944,1
35,10.29,8,0.02,NDR-fold,52,6.18333,0.444877,1.34385,1
35,10.29,8,0.02,NDR-fold,53,6.3,0.44218,1.34822,1
35,10.29,8,0.02,NDR-fold,54,6.41667,0.439526,1.35254,1
35,10.29,8,0.02,NDR-fold,55,6.53333,0.436916,1.35681,1
35,10.29,8,0.02,NDR-fold,56,6.65,0.434347,1.36105,1
35,10.29,8,0.02,NDR-fold,57,6.76667,0.431819,1.36525,1
35,10.29,8,0.02,NDR-fold,58,6.88333,0.429332,1.3694,1
35,10.29,8,0.02,NDR-fold,59,7,0.426884,1.37352,1
36,12.71,8,0.02,NDR-fold,0,0.116667,0.114226,1.00167,1
36,12.71,8,0.02,NDR-fold,1,0.233333,0.215518,1.00629,1
36,12.71,8,0.02,NDR-fold,2,0.35,0.297285,1.01301,1
36,12.71,8,0.02,NDR-fold,3,0.466667,0.359428,1.02097,1
36,12.71,8,0.02,NDR-fold,4,0.583333,0.405052,1.02954,1
36,12.71,8,0.02,NDR-fold,5,0.7,0.437871,1.03831,1
36,12.71,8,0.02,NDR-fold,6,0.816667,0.461115,1.04707,1
36,12.71,8,0.02,NDR-fold,7,0.933333,0.47729,1.05568,1
36,12.71,8,0.02,NDR-fold,8,1.05,0.488255,1.06408,1
36,12.71,8,0.02,NDR-fold,9,1.16667,0.495366,1.07224,1
36,12.71,8,0.02,NDR-fold,10,1.28333,0.49961,1.08015,1
36,12.71,8,0.02,NDR-fold,11,1.4,0.50171,1.0878,1
36,12.71,8,0.02,NDR-fold,12,1.51667,0.502198,1.09521,1
36,12.71,8,0.02,NDR-fold,13,1.63333,0.50147,1.10238,1
36,12.71,8,0.02,NDR-fold,14,1.75,0.499822,1.10934,1
36,12.71,8,0.02,NDR-fold,15,1.86667,0.497479,1.11608,1
36,12.71,8,0.02,NDR-fold,16,1.98333,0.494611,1.12262,1
36,12.71,8,0.02,NDR-fold,17,2.1,0.49135,1.12898,1
36,12.71,8,0.02,NDR-fold,18,2.21667,0.487798,1.13516,1
36,12.71,8,0.02,NDR-fold,19,2.33333,0.484033,1.14118,1
36,12.71,8,0.02,NDR-fold,20,2.45,0.480117,1.14704,1
36,12.71,8,0.02,NDR-fold,21,2.56667,0.476098,1.15275,1
36,12.71,8,0.02,NDR-fold,22,2.68333,0.472013,1.15832,1
36,12.71,8,0.02,NDR-fold,23,2.8,0.467894,1.16376,1
36,12.71,8,0.02,NDR-fold,24,2.91667,0.463763,1.16908,1
36,12.71,8,0.02,NDR-fold,25,3.03333,0.459638,1.17428,1
36,12.71,8,0.02,NDR-fold,26,3.15,0.455535,1.17937,1
36,12.71,8,0.02,NDR-fold,27,3.26667,0.451465,1.18435,1
36,12.71,8,0.02,NDR-fold,28,3.38333,0.447437,1.18923,1
36,12.71,8,0.02,NDR-fold,29,3.5,0.443457,1.19401,1
36,12.71,8,0.02,NDR-fold,30,3.61667,0.439531,1.1987,1
36,12.71,8,0.02,NDR-fold,31,3.73333,0.435663,1.20331,1
36,12.71,8,0.02,NDR-fold,32,3.85,0.431856,1.20783,1
36,12.71,8,0.02,NDR-fold,33,3.96667,0.428111,1.21227,1
36,12.71,8,0.02,NDR-fold,34,4.08333,0.424429,1.21664,1
36,12.71,8,0.02,NDR-fold,35,4.2,0.420813,1.22093,1
36,12.71,8,0.02,NDR-fold,36,4.31667,0.417262,1.22515,1
36,12.71,8,0.02,NDR-fold,37,4.43333,0.413775,1.2293,1
36,12.71,8,0.02,NDR-fold,38,4.55,0.410353,1.23339,1
36,12.71,8,0.02,NDR-fold,39,4.66667,0.406995,1.23741,1
36,12.71,8,0.02,NDR-fold,40,4.78333,0.4037,1.24138,1
36,12.71,8,0.02,NDR-fold,41,4.9,0.400468,1.24529,1
36,12.71,8,0.02,NDR-fold,42,5.01667,0.397296,1.24914,1
36,12.71,8,0.02,NDR-fold,43,5.13333,0.394185,1.25294,1
36,12.71,8,0.02,NDR-fold,44,5.25,0.391133,1.25668,1
36,12.71,8,0.02,NDR-fold,45,5.36667,0.388139,1.26038,1
36,12.71,8,0.02,NDR-fold,46,5.48333,0.385201,1.26402,1
36,12.71,8,0.02,NDR-fold,47,5.6,0.382319,1.26762,1
36,12.71,8,0.02,NDR-fold,48,5.71667,0.379491,1.27118,1
36,12.71,8,0.02,NDR-fold,49,5.83333,0.376715,1.27469,1
36,12.71,8,0.02,NDR-fold,50,5.95,0.373991,1.27816,1
36,12.71,8,0.02,NDR-fold,51,6.06667,0.371317,1.28158,1
36,12.71,8,0.02,NDR-fold,52,6.18333,0.368692,1.28497,1
36,12.71,8,0.02,NDR-fold,53,6.3,0.366114,1.28831,1
36,12.71,8,0.02,NDR-fold,54,6.41667,0.363584,1.29162,1
36,12.71,8,0.02,NDR-fold,55,6.53333,0.361098,1.2949,1
36,12.71,8,0.02,NDR-fold,56,6.65,0.358657,1.29813,1
36,12.71,8,0.02,NDR-fold,57,6.76667,0.356259,1.30134,1
36,12.71,8,0.02,NDR-fold,58,6.88333,0.353903,1.3045,1
36,12.71,8,0.02,NDR-fold,59,7,0.351588,1.30764,1
37,15.14,8,0.02,NDR-fold,0,0.116667,0.113777,1.00166,1
37,15.14,8,0.02,NDR-fold,1,0.233333,0.212549,1.0062,1
37,15.14,8,0.02,NDR-fold,2,0.35,0.289593,1.01267,1
37,15.14,8,0.02,NDR-fold,3,0.466667,0.34589,1.02018,1
37,15.14,8,0.02,NDR-fold,4,0.583333,0.385555,1.02811,1
37,15.14,8,0.02,NDR-fold,5,0.7,0.412861,1.03613,1
37,15.14,8,0.02,NDR-fold,6,0.816667,0.431253,1.04402,1
37,15.14,8,0.02,NDR-fold,7,0.933333,0.443265,1.05171,1
37,15.14,8,0.02,NDR-fold,8,1.05,0.450702,1.05915,1
37,15.14,8,0.02,NDR-fold,9,1.16667,0.454841,1.06633,1
37,15.14,8,0.02,NDR-fold,10,1.28333,0.456588,1.07324,1
37,15.14,8,0.02,NDR-fold,11,1.4,0.456591,1.0799,1
37,15.14,8,0.02,NDR-fold,12,1.51667,0.455318,1.08632,1
37,15.14,8,0.02,NDR-fold,13,1.63333,0.45311,1.09251,1
37,15.14,8,0.02,NDR-fold,14,1.75,0.450218,1.09849,1
37,15.14,8,0.02,NDR-fold,15,1.86667,0.446829,1.10426,1
37,15.14,8,0.02,NDR-fold,16,1.98333,0.443084,1.10985,1
37,15.14,8,0.02,NDR-fold,17,2.1,0.439088,1.11526,1
37,15.14,8,0.02,NDR-fold,18,2.21667,0.434921,1.12051,1
37,15.14,8,0.02,NDR-fold,19,2.33333,0.430644,1.1256,1
37,15.14,8,0.02,NDR-fold,20,2.45,0.426305,1.13056,1
37,15.14,8,0.02,NDR-fold,21,2.56667,0.421939,1.13537,1
37,15.14,8,0.02,NDR-fold,22,2.68333,0.417572,1.14006,1
37,15.14,8,0.02,NDR-fold,23,2.8,0.413228,1.14463,1
37,15.14,8,0.02,NDR-fold,24,2.91667,0.40892,1.14909,1
37,15.14,8,0.02,NDR-fold,25,3.03333,0.404662,1.15343,1
37,15.14,8,0.02,NDR-fold,26,3.15,0.400463,1.15768,1
37,15.14,8,0.02,NDR-fold,27,3.26667,0.396329,1.16183,1
37,15.14,8,0.02,NDR-fold,28,3.38333,0.392265,1.1659,1
37,15.14,8,0.02,NDR-fold,29,3.5,0.388274,1.16987,1
37,15.14,8,0.02,NDR-fold,30,3.61667,0.384359,1.17376,1
37,15.14,8,0.02,NDR-fold,31,3.73333,0.380521,1.17758,1
37,15.14,8,0.02,NDR-fold,32,3.85,0.37676,1.18132,1
37,15.14,8,0.02,NDR-fold,33,3.96667,0.373076,1.18498,1
37,15.14,8,0.02,NDR-fold,34,4.08333,0.369469,1.18858,1
37,15.14,8,0.02,NDR-fold,35,4.2,0.365939,1.19212,1
37,15.14,8,0.02,NDR-fold,36,4.31667,0.362483,1.19559,1
37,15.14,8,0.02,NDR-fold,37,4.43333,0.359101,1.199,1
37,15.14,8,0.02,NDR-fold,38,4.55,0.355791,1.20236,1
37,15.14,8,0.02,NDR-fold,39,4.66667,0.352552,1.20566,1
37,15.14,8,0.02,NDR-fold,40,4.78333,0.349382,1.2089,1
37,15.14,8,0.02,NDR-fold,41,4.9,0.34628,1.2121,1
37,15.14,8,0.02,NDR-fold,42,5.01667,0.343243,1.21524,1
37,15.14,8,0.02,NDR-fold,43,5.13333,0.34027,1.21834,1
37,15.14,8,0.02,NDR-fold,44,5.25,0.33736,1.22139,1
37,15.14,8,0.02,NDR-fold,45,5.36667,0.334511,1.2244,1
37,15.14,8,0.02,NDR-fold,46,5.48333,0.33172,1.22737,1
37,15.14,8,0.02,NDR-fold,47,5.6,0.328987,1.23029,1
37,15.14,8,0.02,NDR-fold,48,5.71667,0.32631,1.23318,1
37,15.14,8,0.02,NDR-fold,49,5.83333,0.323687,1.23602,1
37,15.14,8,0.02,NDR-fold,50,5.95,0.321116,1.23883,1
37,15.14,8,0.02,NDR-fold,51,6.06667,0.318597,1.2416,1
37,15.14,8,0.02,NDR-fold,52,6.18333,0.316127,1.24434,1
37,15.14,8,0.02,NDR-fold,53,6.3,0.313706,1.24704,1
37,15.14,8,0.02,NDR-fold,54,6.41667,0.311331,1.24971,1
37,15.14,8,0.02,NDR-fold,55,6.53333,0.309002,1.25235,1
37,15.14,8,0.02,NDR-fold,56,6.65,0.306718,1.25496,1
37,15.14,8,0.02,NDR-fold,57,6.76667,0.304476,1.25754,1
37,15.14,8,0.02,NDR-fold,58,6.88333,0.302277,1.26008,1
37,15.14,8,0.02,NDR-fold,59,7,0.300117,1.2626,1
38,17.57,8,0.02,NDR-fold,0,0.116667,0.113333,1.00165,1
38,17.57,8,0.02,NDR-fold,1,0.233333,0.209695,1.00612,1
38,17.57,8,0.02,NDR-fold,2,0.35,0.282438,1.01236,1
38,17.57,8,0.02,NDR-fold,3,0.466667,0.333665,1.01946,1
38,17.57,8,0.02,NDR-fold,4,0.583333,0.368381,1.02686,1
38,17.57,8,0.02,NDR-fold,5,0.7,0.391275,1.03424,1
38,17.57,8,0.02,NDR-fold,6,0.816667,0.405902,1.04144,1
38,17.57,8,0.02,NDR-fold,7,0.933333,0.414771,1.04839,1
38,17.57,8,0.02,NDR-fold,8,1.05,0.419612,1.05507,1
38,17.57,8,0.02,NDR-fold,9,1.16667,0.421616,1.06149,1
38,17.57,8,0.02,NDR-fold,10,1.28333,0.421611,1.06763,1
38,17.57,8,0.02,NDR-fold,11,1.4,0.420178,1.07353,1
38,17.57,8,0.02,NDR-fold,12,1.51667,0.417728,1.07919,1
38,17.57,8,0.02,NDR-fold,13,1.63333,0.414557,1.08464,1
38,17.57,8,0.02,NDR-fold,14,1.75,0.410879,1.08988,1
38,17.57,8,0.02,NDR-fold,15,1.86667,0.406851,1.09493,1
38,17.57,8,0.02,NDR-fold,16,1.98333,0.402588,1.09981,1
38,17.57,8,0.02,NDR-fold,17,2.1,0.398177,1.10452,1
38,17.57,8,0.02,NDR-fold,18,2.21667,0.393681,1.10908,1
38,17.57,8,0.02,NDR-fold,19,2.33333,0.389148,1.1135,1
38,17.57,8,0.02,NDR-fold,20,2.45,0.384613,1.11779,1
38,17.57,8,0.02,NDR-fold,21,2.56667,0.380104,1.12195,1
38,17.57,8,0.02,NDR-fold,22,2.68333,0.375638,1.126,1
38,17.57,8,0.02,NDR-fold,23,2.8,0.371232,1.12993,1
38,17.57,8,0.02,NDR-fold,24,2.91667,0.366896,1.13376,1
38,17.57,8,0.02,NDR-fold,25,3.03333,0.362637,1.1375,1
38,17.57,8,0.02,NDR-fold,26,3.15,0.35846,1.14114,1
38,17.57,8,0.02,NDR-fold,27,3.26667,0.354369,1.1447,1
38,17.57,8,0.02,NDR-fold,28,3.38333,0.350365,1.14818,1
38,17.57,8,0.02,NDR-fold,29,3.5,0.34645,1.15157,1
38,17.57,8,0.02,NDR-fold,30,3.61667,0.342623,1.15489,1
38,17.57,8,0.02,NDR-fold,31,3.73333,0.338884,1.15815,1
38,17.57,8,0.02,NDR-fold,32,3.85,0.335233,1.16133,1
38,17.57,8,0.02,NDR-fold,33,3.96667,0.331667,1.16445,1
38,17.57,8,0.02,NDR-fold,34,4.08333,0.328184,1.16751,1
38,17.57,8,0.02,NDR-fold,35,4.2,0.324784,1.17051,1
38,17.57,8,0.02,NDR-fold,36,4.31667,0.321464,1.17346,1
38,17.57,8,0.02,NDR-fold,37,4.43333,0.318222,1.17635,1
38,17.57,8,0.02,NDR-fold,38,4.55,0.315056,1.17919,1
38,17.57,8,0.02,NDR-fold,39,4.66667,0.311963,1.18198,1
38,17.57,8,0.02,NDR-fold,40,4.78333,0.308943,1.18472,1
38,17.57,8,0.02,NDR-fold,41,4.9,0.305991,1.18742,1
38,17.57,8,0.02,NDR-fold,42,5.01667,0.303107,1.19007,1
38,17.57,8,0.02,NDR-fold,43,5.13333,0.300289,1.19269,1
38,17.57,8,0.02,NDR-fold,44,5.25,0.297533,1.19526,1
38,17.57,8,0.02,NDR-fold,45,5.36667,0.294839,1.19779,1
38,17.57,8,0.02,NDR-fold,46,5.48333,0.292205,1.20028,1
38,17.57,8,0.02,NDR-fold,47,5.6,0.289628,1.20274,1
38,17.57,8,0.02,NDR-fold,48,5.71667,0.287107,1.20516,1
38,17.57,8,0.02,NDR-fold,49,5.83333,0.28464,1.20755,1
38,17.57,8,0.02,NDR-fold,50,5.95,0.282225,1.2099,1
38,17.57,8,0.02,NDR-fold,51,6.06667,0.279861,1.21223,1
38,17.57,8,0.02,NDR-fold,52,6.18333,0.277546,1.21452,1
38,17.57,8,0.02,NDR-fold,53,6.3,0.275278,1.21678,1
38,17.57,8,0.02,NDR-fold,54,6.41667,0.273057,1.21901,1
38,17.57,8,0.02,NDR-fold,55,6.53333,0.27088,1.22122,1
38,17.57,8,0.02,NDR-fold,56,6.65,0.268747,1.2234,1
38,17.57,8,0.02,NDR-fold,57,6.76667,0.266656,1.22555,1
38,17.57,8,0.02,NDR-fold,58,6.88333,0.264606,1.22767,1
38,17.57,8,0.02,NDR-fold,59,7,0.262595,1.22977,1
39,20,8,0.02,NDR-fold,0,0.116667,0.112894,1.00165,1
39,20,8,0.02,NDR-fold,1,0.233333,0.206949,1.00604,1
39,20,8,0.02,NDR-fold,2,0.35,0.275757,1.01206,1
39,20,8,0.02,NDR-fold,3,0.466667,0.32255,1.01882,1
39,20,8,0.02,NDR-fold,4,0.583333,0.353099,1.02575,1
39,20,8,0.02,NDR-fold,5,0.7,0.372395,1.03258,1
39,20,8,0.02,NDR-fold,6,0.816667,0.384036,1.0392,1
39,20,8,0.02,NDR-fold,7,0.933333,0.390472,1.04556,1
39,20,8,0.02,NDR-fold,8,1.05,0.393348,1.05163,1
39,20,8,0.02,NDR-fold,9,1.16667,0.393773,1.05743,1
39,20,8,0.02,NDR-fold,10,1.28333,0.3925,1.06296,1
39,20,8,0.02,NDR-fold,11,1.4,0.390052,1.06826,1
39,20,8,0.02,NDR-fold,12,1.51667,0.386791,1.07333,1
39,20,8,0.02,NDR-fold,13,1.63333,0.382975,1.07819,1
39,20,8,0.02,NDR-fold,14,1.75,0.378789,1.08286,1
39,20,8,0.02,NDR-fold,15,1.86667,0.374363,1.08735,1
39,20,8,0.02,NDR-fold,16,1.98333,0.369795,1.09168,1
39,20,8,0.02,NDR-fold,17,2.1,0.365154,1.09585,1
39,20,8,0.02,NDR-fold,18,2.21667,0.36049,1.09989,1
39,20,8,0.02,NDR-fold,19,2.33333,0.355842,1.10379,1
39,20,8,0.02,NDR-fold,20,2.45,0.351236,1.10757,1
39,20,8,0.02,NDR-fold,21,2.56667,0.346691,1.11123,1
39,20,8,0.02,NDR-fold,22,2.68333,0.342222,1.11479,1
39,20,8,0.02,NDR-fold,23,2.8,0.337838,1.11824,1
39,20,8,0.02,NDR-fold,24,2.91667,0.333546,1.12161,1
39,20,8,0.02,NDR-fold,25,3.03333,0.329349,1.12488,1
39,20,8,0.02,NDR-fold,26,3.15,0.32525,1.12807,1
39,20,8,0.02,NDR-fold,27,3.26667,0.32125,1.13118,1
39,20,8,0.02,NDR-fold,28,3.38333,0.317349,1.13421,1
39,20,8,0.02,NDR-fold,29,3.5,0.313545,1.13718,1
39,20,8,0.02,NDR-fold,30,3.61667,0.309838,1.14007,1
39,20,8,0.02,NDR-fold,31,3.73333,0.306225,1.14291,1
39,20,8,0.02,NDR-fold,32,3.85,0.302705,1.14568,1
39,20,8,0.02,NDR-fold,33,3.96667,0.299275,1.14839,1
39,20,8,0.02,NDR-fold,34,4.08333,0.295932,1.15105,1
39,20,8,0.02,NDR-fold,35,4.2,0.292674,1.15365,1
39,20,8,0.02,NDR-fold,36,4.31667,0.289499,1.15621,1
39,20,8,0.02,NDR-fold,37,4.43333,0.286404,1.15872,1
39,20,8,0.02,NDR-fold,38,4.55,0.283385,1.16118,1
39,20,8,0.02,NDR-fold,39,4.66667,0.280442,1.16359,1
39,20,8,0.02,NDR-fold,40,4.78333,0.277571,1.16596,1
39,20,8,0.02,NDR-fold,41,4.9,0.27477,1.1683,1
39,20,8,0.02,NDR-fold,42,5.01667,0.272036,1.17059,1
39,20,8,0.02,NDR-fold,43,5.13333,0.269367,1.17284,1
39,20,8,0.02,NDR-fold,44,5.25,0.266762,1.17506,1
39,20,8,0.02,NDR-fold,45,5.36667,0.264217,1.17725,1
39,20,8,0.02,NDR-fold,46,5.48333,0.261731,1.17939,1
39,20,8,0.02,NDR-fold,47,5.6,0.259302,1.18151,1
39,20,8,0.02,NDR-fold,48,5.71667,0.256928,1.1836,1
39,20,8,0.02,NDR-fold,49,5.83333,0.254607,1.18565,1
39,20,8,0.02,NDR-fold,50,5.95,0.252337,1.18768,1
39,20,8,0.02,NDR-fold,51,6.06667,0.250116,1.18967,1
39,20,8,0.02,NDR-fold,52,6.18333,0.247944,1.19164,1
39,20,8,0.02,NDR-fold,53,6.3,0.245818,1.19358,1
39,20,8,0.02,NDR-fold,54,6.41667,0.243737,1.1955,1
39,20,8,0.02,NDR-fold,55,6.53333,0.2417,1.19739,1
39,20,8,0.02,NDR-fold,56,6.65,0.239704,1.19925,1
39,20,8,0.02,NDR-fold,57,6.76667,0.237749,1.2011,1
39,20,8,0.02,NDR-fold,58,6.88333,0.235834,1.20292,1
39,20,8,0.02,NDR-fold,59,7,0.233957,1.20471,1
40,3,0.5,0.08,monotone,0,0.116667,0.108348,1.02528,1
40,3,0.5,0.08,monotone,1,0.233333,0.184046,1.08589,1
40,3,0.5,0.08,monotone,2,0.35,0.23065,1.16145,1
40,3,0.5,0.08,monotone,3,0.466667,0.25984,1.24252,1
40,3,0.5,0.08,monotone,4,0.583333,0.279151,1.32568,1
40,3,0.5,0.08,monotone,5,0.7,0.292686,1.40976,1
40,3,0.5,0.08,monotone,6,0.816667,0.302695,1.4944,1
40,3,0.5,0.08,monotone,7,0.933333,0.310462,1.57953,1
40,3,0.5,0.08,monotone,8,1.05,0.316758,1.66519,1
40,3,0.5,0.08,monotone,9,1.16667,0.322062,1.75148,1
40,3,0.5,0.08,monotone,10,1.28333,0.326684,1.83849,1
40,3,0.5,0.08,monotone,11,1.4,0.330829,1.92632,1
40,3,0.5,0.08,monotone,12,1.51667,0.334639,2.01507,1
40,3,0.5,0.08,monotone,13,1.63333,0.338212,2.10483,1
40,3,0.5,0.08,monotone,14,1.75,0.34162,2.19567,1
40,3,0.5,0.08,monotone,15,1.86667,0.344911,2.28767,1
40,3,0.5,0.08,monotone,16,1.98333,0.348126,2.3809,1
40,3,0.5,0.08,monotone,17,2.1,0.351289,2.47542,1
40,3,0.5,0.08,monotone,18,2.21667,0.354424,2.57128,1
40,3,0.5,0.08,monotone,19,2.33333,0.357545,2.66854,1
40,3,0.5,0.08,monotone,20,2.45,0.360665,2.76726,1
40,3,0.5,0.08,monotone,21,2.56667,0.363792,2.86747,1
40,3,0.5,0.08,monotone,22,2.68333,0.366934,2.96921,1
40,3,0.5,0.08,monotone,23,2.8,0.370097,3.07254,1
40,3,0.5,0.08,monotone,24,2.91667,0.373284,3.17749,1
40,3,0.5,0.08,monotone,25,3.03333,0.376498,3.28409,1
40,3,0.5,0.08,monotone,26,3.15,0.379742,3.39238,1
40,3,0.5,0.08,monotone,27,3.26667,0.383019,3.50239,1
40,3,0.5,0.08,monotone,28,3.38333,0.386328,3.61415,1
40,3,0.5,0.08,monotone,29,3.5,0.389671,3.7277,1
40,3,0.5,0.08,monotone,30,3.61667,0.39305,3.84306,1
40,3,0.5,0.08,monotone,31,3.73333,0.396463,3.96026,1
40,3,0.5,0.08,monotone,32,3.85,0.399912,4.07932,1
40,3,0.5,0.08,monotone,33,3.96667,0.403396,4.20028,1
40,3,0.5,0.08,monotone,34,4.08333,0.406916,4.32315,1
40,3,0.5,0.08,monotone,35,4.2,0.410471,4.44796,1
40,3,0.5,0.08,monotone,36,4.31667,0.414062,4.57473,1
40,3,0.5,0.08,monotone,37,4.43333,0.417687,4.70349,1
40,3,0.5,0.08,monotone,38,4.55,0.421346,4.83425,1
40,3,0.5,0.08,monotone,39,4.66667,0.42504,4.96704,1
40,3,0.5,0.08,monotone,40,4.78333,0.428767,5.10187,1
40,3,0.5,0.08,monotone,41,4.9,0.432527,5.23876,1
40,3,0.5,0.08,monotone,42,5.01667,0.43632,5.37774,1
40,3,0.5,0.08,monotone,43,5.13333,0.440145,5.51882,1
40,3,0.5,0.08,monotone,44,5.25,0.444002,5.66202,1
40,3,0.5,0.08,monotone,45,5.36667,0.44789,5.80736,1
40,3,0.5,0.08,monotone,46,5.48333,0.451809,5.95484,1
40,3,0.5,0.08,monotone,47,5.6,0.455758,6.10449,1
40,3,0.5,0.08,monotone,48,5.71667,0.459737,6.25633,1
40,3,0.5,0.08,monotone,49,5.83333,0.463746,6.41036,1
40,3,0.5,0.08,monotone,50,5.95,0.467782,6.56661,1
40,3,0.5,0.08,monotone,51,6.06667,0.471847,6.72508,1
40,3,0.5,0.08,monotone,52,6.18333,0.47594,6.88579,1
40,3,0.5,0.08,monotone,53,6.3,0.48006,7.04876,1
40,3,0.5,0.08,monotone,54,6.41667,0.484207,7.21399,1
40,3,0.5,0.08,monotone,55,6.53333,0.48838,7.3815,1
40,3,0.5,0.08,monotone,56,6.65,0.492579,7.5513,1
40,3,0.5,0.08,monotone,57,6.76667,0.496803,7.7234,1
40,3,0.5,0.08,monotone,58,6.88333,0.501052,7.89782,1
40,3,0.5,0.08,monotone,59,7,0.505326,8.07456,1
41,5.429,0.5,0.08,NDR-fold,0,0.116667,0.102743,1.02397,1
41,5.429,0.5,0.08,NDR-fold,1,0.233333,0.160015,1.07467,1
41,5.429,0.5,0.08,NDR-fold,2,0.35,0.186817,1.13077,1
41,5.429,0.5,0.08,NDR-fold,3,0.466667,0.199229,1.18595,1
41,5.429,0.5,0.08,NDR-fold,4,0.583333,0.204778,1.23891,1
41,5.429,0.5,0.08,NDR-fold,5,0.7,0.206855,1.2896,1
41,5.429,0.5,0.08,NDR-fold,6,0.816667,0.207089,1.33824,1
41,5.429,0.5,0.08,NDR-fold,7,0.933333,0.206314,1.38512,1
41,5.429,0.5,0.08,NDR-fold,8,1.05,0.204985,1.43047,1
41,5.429,0.5,0.08,NDR-fold,9,1.16667,0.203358,1.4745,1
41,5.429,0.5,0.08,NDR-fold,10,1.28333,0.201583,1.5174,1
41,5.429,0.5,0.08,NDR-fold,11,1.4,0.19975,1.5593,1
41,5.429,0.5,0.08,NDR-fold,12,1.51667,0.197914,1.60034,1
41,5.429,0.5,0.08,NDR-fold,13,1.63333,0.196108,1.64062,1
41,5.429,0.5,0.08,NDR-fold,14,1.75,0.19435,1.68022,1
41,5.429,0.5,0.08,NDR-fold,15,1.86667,0.192652,1.71924,1
41,5.429,0.5,0.08,NDR-fold,16,1.98333,0.191021,1.75772,1
41,5.429,0.5,0.08,NDR-fold,17,2.1,0.189459,1.79573,1
41,5.429,0.5,0.08,NDR-fold,18,2.21667,0.187966,1.83331,1
41,5.429,0.5,0.08,NDR-fold,19,2.33333,0.186541,1.87052,1
41,5.429,0.5,0.08,NDR-fold,20,2.45,0.185182,1.90739,1
41,5.429,0.5,0.08,NDR-fold,21,2.56667,0.183888,1.94396,1
41,5.429,0.5,0.08,NDR-fold,22,2.68333,0.182655,1.98025,1
41,5.429,0.5,0.08,NDR-fold,23,2.8,0.181481,2.0163,1
41,5.429,0.5,0.08,NDR-fold,24,2.91667,0.180363,2.05212,1
41,5.429,0.5,0.08,NDR-fold,25,3.03333,0.179299,2.08775,1
41,5.429,0.5,0.08,NDR-fold,26,3.15,0.178285,2.12319,1
41,5.429,0.5,0.08,NDR-fold,27,3.26667,0.177319,2.15848,1
41,5.429,0.5,0.08,NDR-fold,28,3.38333,0.176398,2.19363,1
41,5.429,0.5,0.08,NDR-fold,29,3.5,0.175521,2.22865,1
41,5.429,0.5,0.08,NDR-fold,30,3.61667,0.174685,2.26356,1
41,5.429,0.5,0.08,NDR-fold,31,3.73333,0.173888,2.29837,1
41,5.429,0.5,0.08,NDR-fold,32,3.85,0.173128,2.33309,1
41,5.429,0.5,0.08,NDR-fold,33,3.96667,0.172404,2.36773,1
41,5.429,0.5,0.08,NDR-fold,34,4.08333,0.171712,2.40232,1
41,5.429,0.5,0.08,NDR-fold,35,4.2,0.171053,2.43684,1
41,5.429,0.5,0.08,NDR-fold,36,4.31667,0.170424,2.47133,1
41,5.429,0.5,0.08,NDR-fold,37,4.43333,0.169824,2.50577,1
41,5.429,0.5,0.08,NDR-fold,38,4.55,0.169251,2.54019,1
41,5.429,0.5,0.08,NDR-fold,39,4.66667,0.168705,2.57458,1
41,5.429,0.5,0.08,NDR-fold,40,4.78333,0.168184,2.60896,1
41,5.429,0.5,0.08,NDR-fold,41,4.9,0.167687,2.64334,1
41,5.429,0.5,0.08,NDR-fold,42,5.01667,0.167213,2.67771,1
41,5.429,0.5,0.08,NDR-fold,43,5.13333,0.166761,2.71208,1
41,5.429,0.5,0.08,NDR-fold,44,5.25,0.16633,2.74647,1
41,5.429,0.5,0.08,NDR-fold,45,5.36667,0.16592,2.78087,1
41,5.429,0.5,0.08,NDR-fold,46,5.48333,0.165528,2.81529,1
41,5.429,0.5,0.08,NDR-fold,47,5.6,0.165155,2.84974,1
41,5.429,0.5,0.08,NDR-fold,48,5.71667,0.1648,2.88422,1
41,5.429,0.5,0.08,NDR-fold,49,5.83333,0.164462,2.91873,1
41,5.429,0.5,0.08,NDR-fold,50,5.95,0.164141,2.95328,1
41,5.429,0.5,0.08,NDR-fold,51,6.06667,0.163835,2.98787,1
41,5.429,0.5,0.08,NDR-fold,52,6.18333,0.163545,3.02251,1
41,5.429,0.5,0.08,NDR-fold,53,6.3,0.16327,3.0572,1
41,5.429,0.5,0.08,NDR-fold,54,6.41667,0.163008,3.09194,1
41,5.429,0.5,0.08,NDR-fold,55,6.53333,0.16276,3.12674,1
41,5.429,0.5,0.08,NDR-fold,56,6.65,0.162526,3.16159,1
41,5.429,0.5,0.08,NDR-fold,57,6.76667,0.162304,3.19651,1
41,5.429,0.5,0.08,NDR-fold,58,6.88333,0.162094,3.2315,1
41,5.429,0.5,0.08,NDR-fold,59,7,0.161897,3.26655,1
42,7.857,0.5,0.08,NDR-fold,0,0.116667,0.0978916,1.02284,1
42,7.857,0.5,0.08,NDR-fold,1,0.233333,0.142813,1.06665,1
42,7.857,0.5,0.08,NDR-fold,2,0.35,0.159197,1.11144,1
42,7.857,0.5,0.08,NDR-fold,3,0.466667,0.164235,1.15329,1
42,7.857,0.5,0.08,NDR-fold,4,0.583333,0.164558,1.19198,1
42,7.857,0.5,0.08,NDR-fold,5,0.7,0.162812,1.22794,1
42,7.857,0.5,0.08,NDR-fold,6,0.816667,0.16015,1.26158,1
42,7.857,0.5,0.08,NDR-fold,7,0.933333,0.157115,1.29328,1
42,7.857,0.5,0.08,NDR-fold,8,1.05,0.153971,1.32334,1
42,7.857,0.5,0.08,NDR-fold,9,1.16667,0.150853,1.35199,1
42,7.857,0.5,0.08,NDR-fold,10,1.28333,0.147827,1.37942,1
42,7.857,0.5,0.08,NDR-fold,11,1.4,0.144925,1.40579,1
42,7.857,0.5,0.08,NDR-fold,12,1.51667,0.14216,1.43122,1
42,7.857,0.5,0.08,NDR-fold,13,1.63333,0.139535,1.45581,1
42,7.857,0.5,0.08,NDR-fold,14,1.75,0.137046,1.47966,1
42,7.857,0.5,0.08,NDR-fold,15,1.86667,0.134689,1.50284,1
42,7.857,0.5,0.08,NDR-fold,16,1.98333,0.132455,1.52541,1
42,7.857,0.5,0.08,NDR-fold,17,2.1,0.130338,1.54742,1
42,7.857,0.5,0.08,NDR-fold,18,2.21667,0.128329,1.56892,1
42,7.857,0.5,0.08,NDR-fold,19,2.33333,0.126421,1.58997,1
42,7.857,0.5,0.08,NDR-fold,20,2.45,0.124607,1.61058,1
42,7.857,0.5,0.08,NDR-fold,21,2.56667,0.122881,1.63079,1
42,7.857,0.5,0.08,NDR-fold,22,2.68333,0.121236,1.65064,1
42,7.857,0.5,0.08,NDR-fold,23,2.8,0.119668,1.67014,1
42,7.857,0.5,0.08,NDR-fold,24,2.91667,0.118169,1.68932,1
42,7.857,0.5,0.08,NDR-fold,25,3.03333,0.116737,1.7082,1
42,7.857,0.5,0.08,NDR-fold,26,3.15,0.115366,1.72681,1
42,7.857,0.5,0.08,NDR-fold,27,3.26667,0.114053,1.74515,1
42,7.857,0.5,0.08,NDR-fold,28,3.38333,0.112794,1.76324,1
42,7.857,0.5,0.08,NDR-fold,29,3.5,0.111585,1.7811,1
42,7.857,0.5,0.08,NDR-fold,30,3.61667,0.110424,1.79873,1
42,7.857,0.5,0.08,NDR-fold,31,3.73333,0.109307,1.81616,1
42,7.857,0.5,0.08,NDR-fold,32,3.85,0.108232,1.83339,1
42,7.857,0.5,0.08,NDR-fold,33,3.96667,0.107197,1.85043,1
42,7.857,0.5,0.08,NDR-fold,34,4.08333,0.106198,1.86729,1
42,7.857,0.5,0.08,NDR-fold,35,4.2,0.105236,1.88398,1
42,7.857,0.5,0.08,NDR-fold,36,4.31667,0.104306,1.90051,1
42,7.857,0.5,0.08,NDR-fold,37,4.43333,0.103408,1.91688,1
42,7.857,0.5,0.08,NDR-fold,38,4.55,0.10254,1.93311,1
42,7.857,0.5,0.08,NDR-fold,39,4.66667,0.1017,1.9492,1
42,7.857,0.5,0.08,NDR-fold,40,4.78333,0.100886,1.96515,1
42,7.857,0.5,0.08,NDR-fold,41,4.9,0.100099,1.98097,1
42,7.857,0.5,0.08,NDR-fold,42,5.01667,0.0993357,1.99667,1
42,7.857,0.5,0.08,NDR-fold,43,5.13333,0.0985956,2.01225,1
42,7.857,0.5,0.08,NDR-fold,44,5.25,0.0978776,2.02771,1
42,7.857,0.5,0.08,NDR-fold,45,5.36667,0.0971805,2.04307,1
42,7.857,0.5,0.08,NDR-fold,46,5.48333,0.0965036,2.05832,1
42,7.857,0.5,0.08,NDR-fold,47,5.6,0.0958459,2.07347,1
42,7.857,0.5,0.08,NDR-fold,48,5.71667,0.0952065,2.08853,1
42,7.857,0.5,0.08,NDR-fold,49,5.83333,0.0945846,2.10349,1
42,7.857,0.5,0.08,NDR-fold,50,5.95,0.0939796,2.11836,1
42,7.857,0.5,0.08,NDR-fold,51,6.06667,0.0933907,2.13314,1
42,7.857,0.5,0.08,NDR-fold,52,6.18333,0.0928172,2.14784,1
42,7.857,0.5,0.08,NDR-fold,53,6.3,0.0922585,2.16246,1
42,7.857,0.5,0.08,NDR-fold,54,6.41667,0.0917141,2.177,1
42,7.857,0.5,0.08,NDR-fold,55,6.53333,0.0911833,2.19146,1
42,7.857,0.5,0.08,NDR-fold,56,6.65,0.0906657,2.20585,1
42,7.857,0.5,0.08,NDR-fold,57,6.76667,0.0901608,2.22018,1
42,7.857,0.5,0.08,NDR-fold,58,6.88333,0.089668,2.23443,1
42,7.857,0.5,0.08,NDR-fold,59,7,0.0891869,2.24862,1
43,10.29,0.5,0.08,NDR-fold,0,0.116667,0.0936348,1.02185,1
43,10.29,0.5,0.08,NDR-fold,1,0.233333,0.129718,1.06054,1
43,10.29,0.5,0.08,NDR-fold,2,0.35,0.139867,1.09791,1
43,10.29,0.5,0.08,NDR-fold,3,0.466667,0.141046,1.13164,1
43,10.29,0.5,0.08,NDR-fold,4,0.583333,0.13894,1.1621,1
43,10.29,0.5,0.08,NDR-fold,5,0.7,0.135616,1.18986,1
43,10.29,0.5,0.08,NDR-fold,6,0.816667,0.131902,1.21544,1
43,10.29,0.5,0.08,NDR-fold,7,0.933333,0.128152,1.23922,1
43,10.29,0.5,0.08,NDR-fold,8,1.05,0.124519,1.26149,1
43,10.29,0.5,0.08,NDR-fold,9,1.16667,0.121065,1.28249,1
43,10.29,0.5,0.08,NDR-fold,10,1.28333,0.117813,1.30239,1
43,10.29,0.5,0.08,NDR-fold,11,1.4,0.114762,1.32133,1
43,10.29,0.5,0.08,NDR-fold,12,1.51667,0.111905,1.33944,1
43,10.29,0.5,0.08,NDR-fold,13,1.63333,0.109229,1.35681,1
43,10.29,0.5,0.08,NDR-fold,14,1.75,0.106721,1.37352,1
43,10.29,0.5,0.08,NDR-fold,15,1.86667,0.104367,1.38964,1
43,10.29,0.5,0.08,NDR-fold,16,1.98333,0.102155,1.40522,1
43,10.29,0.5,0.08,NDR-fold,17,2.1,0.100072,1.4203,1
43,10.29,0.5,0.08,NDR-fold,18,2.21667,0.0981078,1.43494,1
43,10.29,0.5,0.08,NDR-fold,19,2.33333,0.096252,1.44918,1
43,10.29,0.5,0.08,NDR-fold,20,2.45,0.0944957,1.46303,1
43,10.29,0.5,0.08,NDR-fold,21,2.56667,0.0928309,1.47653,1
43,10.29,0.5,0.08,NDR-fold,22,2.68333,0.0912504,1.48971,1
43,10.29,0.5,0.08,NDR-fold,23,2.8,0.0897475,1.50259,1
43,10.29,0.5,0.08,NDR-fold,24,2.91667,0.0883165,1.51518,1
43,10.29,0.5,0.08,NDR-fold,25,3.03333,0.086952,1.52751,1
43,10.29,0.5,0.08,NDR-fold,26,3.15,0.0856491,1.53959,1
43,10.29,0.5,0.08,NDR-fold,27,3.26667,0.0844036,1.55144,1
43,10.29,0.5,0.08,NDR-fold,28,3.38333,0.0832114,1.56306,1
43,10.29,0.5,0.08,NDR-fold,29,3.5,0.082069,1.57448,1
43,10.29,0.5,0.08,NDR-fold,30,3.61667,0.0809731,1.58571,1
43,10.29,0.5,0.08,NDR-fold,31,3.73333,0.0799207,1.59674,1
43,10.29,0.5,0.08,NDR-fold,32,3.85,0.078909,1.6076,1
43,10.29,0.5,0.08,NDR-fold,33,3.96667,0.0779357,1.61829,1
43,10.29,0.5,0.08,NDR-fold,34,4.08333,0.0769983,1.62882,1
43,10.29,0.5,0.08,NDR-fold,35,4.2,0.0760947,1.6392,1
43,10.29,0.5,0.08,NDR-fold,36,4.31667,0.0752231,1.64943,1
43,10.29,0.5,0.08,NDR-fold,37,4.43333,0.0743816,1.65952,1
43,10.29,0.5,0.08,NDR-fold,38,4.55,0.0735686,1.66947,1
43,10.29,0.5,0.08,NDR-fold,39,4.66667,0.0727825,1.6793,1
43,10.29,0.5,0.08,NDR-fold,40,4.78333,0.0720219,1.68901,1
43,10.29,0.5,0.08,NDR-fold,41,4.9,0.0712855,1.6986,1
43,10.29,0.5,0.08,NDR-fold,42,5.01667,0.070572,1.70807,1
43,10.29,0.5,0.08,NDR-fold,43,5.13333,0.0698803,1.71744,1
43,10.29,0.5,0.08,NDR-fold,44,5.25,0.0692094,1.7267,1
43,10.29,0.5,0.08,NDR-fold,45,5.36667,0.0685582,1.73586,1
43,10.29,0.5,0.08,NDR-fold,46,5.48333,0.0679258,1.74492,1
43,10.29,0.5,0.08,NDR-fold,47,5.6,0.0673114,1.75389,1
43,10.29,0.5,0.08,NDR-fold,48,5.71667,0.0667141,1.76276,1
43,10.29,0.5,0.08,NDR-fold,49,5.83333,0.0661332,1.77155,1
43,10.29,0.5,0.08,NDR-fold,50,5.95,0.0655679,1.78026,1
43,10.29,0.5,0.08,NDR-fold,51,6.06667,0.0650176,1.78888,1
43,10.29,0.5,0.08,NDR-fold,52,6.18333,0.0644816,1.79742,1
43,10.29,0.5,0.08,NDR-fold,53,6.3,0.0639593,1.80589,1
43,10.29,0.5,0.08,NDR-fold,54,6.41667,0.0634502,1.81428,1
43,10.29,0.5,0.08,NDR-fold,55,6.53333,0.0629538,1.8226,1
43,10.29,0.5,0.08,NDR-fold,56,6.65,0.0624694,1.83084,1
43,10.29,0.5,0.08,NDR-fold,57,6.76667,0.0619968,1.83902,1
43,10.29,0.5,0.08,NDR-fold,58,6.88333,0.0615353,1.84714,1
43,10.29,0.5,0.08,NDR-fold,59,7,0.0610846,1.85518,1
44,12.71,0.5,0.08,NDR-fold,0,0.116667,0.089857,1.02097,1
44,12.71,0.5,0.08,NDR-fold,1,0.233333,0.119323,1.05568,1
44,12.71,0.5,0.08,NDR-fold,2,0.35,0.125428,1.0878,1
44,12.71,0.5,0.08,NDR-fold,3,0.466667,0.12437,1.11608,1
44,12.71,0.5,0.08,NDR-fold,4,0.583333,0.121008,1.14118,1
44,12.71,0.5,0.08,NDR-fold,5,0.7,0.116973,1.16376,1
44,12.71,0.5,0.08,NDR-fold,6,0.816667,0.112866,1.18435,1
44,12.71,0.5,0.08,NDR-fold,7,0.933333,0.108916,1.20331,1
44,12.71,0.5,0.08,NDR-fold,8,1.05,0.105203,1.22093,1
44,12.71,0.5,0.08,NDR-fold,9,1.16667,0.101749,1.23741,1
44,12.71,0.5,0.08,NDR-fold,10,1.28333,0.0985464,1.25294,1
44,12.71,0.5,0.08,NDR-fold,11,1.4,0.0955797,1.26762,1
44,12.71,0.5,0.08,NDR-fold,12,1.51667,0.0928291,1.28158,1
44,12.71,0.5,0.08,NDR-fold,13,1.63333,0.0902746,1.2949,1
44,12.71,0.5,0.08,NDR-fold,14,1.75,0.087897,1.30764,1
44,12.71,0.5,0.08,NDR-fold,15,1.86667,0.0856793,1.31987,1
44,12.71,0.5,0.08,NDR-fold,16,1.98333,0.0836058,1.33164,1
44,12.71,0.5,0.08,NDR-fold,17,2.1,0.0816628,1.34298,1
44,12.71,0.5,0.08,NDR-fold,18,2.21667,0.079838,1.35395,1
44,12.71,0.5,0.08,NDR-fold,19,2.33333,0.0781204,1.36456,1
44,12.71,0.5,0.08,NDR-fold,20,2.45,0.0765006,1.37485,1
44,12.71,0.5,0.08,NDR-fold,21,2.56667,0.07497,1.38485,1
44,12.71,0.5,0.08,NDR-fold,22,2.68333,0.073521,1.39456,1
44,12.71,0.5,0.08,NDR-fold,23,2.8,0.0721469,1.40402,1
44,12.71,0.5,0.08,NDR-fold,24,2.91667,0.0708416,1.41324,1
44,12.71,0.5,0.08,NDR-fold,25,3.03333,0.0695998,1.42224,1
44,12.71,0.5,0.08,NDR-fold,26,3.15,0.0684166,1.43102,1
44,12.71,0.5,0.08,NDR-fold,27,3.26667,0.0672877,1.43961,1
44,12.71,0.5,0.08,NDR-fold,28,3.38333,0.0662092,1.44802,1
44,12.71,0.5,0.08,NDR-fold,29,3.5,0.0651776,1.45624,1
44,12.71,0.5,0.08,NDR-fold,30,3.61667,0.0641895,1.4643,1
44,12.71,0.5,0.08,NDR-fold,31,3.73333,0.0632422,1.47221,1
44,12.71,0.5,0.08,NDR-fold,32,3.85,0.0623329,1.47996,1
44,12.71,0.5,0.08,NDR-fold,33,3.96667,0.0614592,1.48758,1
44,12.71,0.5,0.08,NDR-fold,34,4.08333,0.060619,1.49506,1
44,12.71,0.5,0.08,NDR-fold,35,4.2,0.0598101,1.50241,1
44,12.71,0.5,0.08,NDR-fold,36,4.31667,0.0590308,1.50963,1
44,12.71,0.5,0.08,NDR-fold,37,4.43333,0.0582793,1.51674,1
44,12.71,0.5,0.08,NDR-fold,38,4.55,0.0575539,1.52374,1
44,12.71,0.5,0.08,NDR-fold,39,4.66667,0.0568534,1.53063,1
44,12.71,0.5,0.08,NDR-fold,40,4.78333,0.0561763,1.53742,1
44,12.71,0.5,0.08,NDR-fold,41,4.9,0.0555213,1.54411,1
44,12.71,0.5,0.08,NDR-fold,42,5.01667,0.0548873,1.5507,1
44,12.71,0.5,0.08,NDR-fold,43,5.13333,0.0542733,1.55721,1
44,12.71,0.5,0.08,NDR-fold,44,5.25,0.0536782,1.56362,1
44,12.71,0.5,0.08,NDR-fold,45,5.36667,0.0531011,1.56995,1
44,12.71,0.5,0.08,NDR-fold,46,5.48333,0.0525411,1.5762,1
44,12.71,0.5,0.08,NDR-fold,47,5.6,0.0519974,1.58237,1
44,12.71,0.5,0.08,NDR-fold,48,5.71667,0.0514693,1.58847,1
44,12.71,0.5,0.08,NDR-fold,49,5.83333,0.050956,1.59449,1
44,12.71,0.5,0.08,NDR-fold,50,5.95,0.0504569,1.60044,1
44,12.71,0.5,0.08,NDR-fold,51,6.06667,0.0499713,1.60632,1
44,12.71,0.5,0.08,NDR-fold,52,6.18333,0.0494987,1.61213,1
44,12.71,0.5,0.08,NDR-fold,53,6.3,0.0490385,1.61788,1
44,12.71,0.5,0.08,NDR-fold,54,6.41667,0.0485901,1.62357,1
44,12.71,0.5,0.08,NDR-fold,55,6.53333,0.0481532,1.6292,1
44,12.71,0.5,0.08,NDR-fold,56,6.65,0.0477271,1.63477,1
44,12.71,0.5,0.08,NDR-fold,57,6.76667,0.0473115,1.64028,1
44,12.71,0.5,0.08,NDR-fold,58,6.88333,0.046906,1.64574,1
44,12.71,0.5,0.08,NDR-fold,59,7,0.0465102,1.65114,1
45,15.14,0.5,0.08,NDR-fold,0,0.116667,0.0864726,1.02018,1
45,15.14,0.5,0.08,NDR-fold,1,0.233333,0.110816,1.05171,1
45,15.14,0.5,0.08,NDR-fold,2,0.35,0.114148,1.0799,1
45,15.14,0.5,0.08,NDR-fold,3,0.466667,0.111707,1.10426,1
45,15.14,0.5,0.08,NDR-fold,4,0.583333,0.107661,1.1256,1
45,15.14,0.5,0.08,NDR-fold,5,0.7,0.103307,1.14463,1
45,15.14,0.5,0.08,NDR-fold,6,0.816667,0.0990823,1.16183,1
45,15.14,0.5,0.08,NDR-fold,7,0.933333,0.0951302,1.17758,1
45,15.14,0.5,0.08,NDR-fold,8,1.05,0.0914847,1.19212,1
45,15.14,0.5,0.08,NDR-fold,9,1.16667,0.088138,1.20566,1
45,15.14,0.5,0.08,NDR-fold,10,1.28333,0.0850676,1.21834,1
45,15.14,0.5,0.08,NDR-fold,11,1.4,0.0822468,1.23029,1
45,15.14,0.5,0.08,NDR-fold,12,1.51667,0.0796492,1.2416,1
45,15.14,0.5,0.08,NDR-fold,13,1.63333,0.0772506,1.25235,1
45,15.14,0.5,0.08,NDR-fold,14,1.75,0.0750294,1.2626,1
45,15.14,0.5,0.08,NDR-fold,15,1.86667,0.0729664,1.27241,1
45,15.14,0.5,0.08,NDR-fold,16,1.98333,0.071045,1.28181,1
45,15.14,0.5,0.08,NDR-fold,17,2.1,0.0692506,1.29085,1
45,15.14,0.5,0.08,NDR-fold,18,2.21667,0.0675706,1.29956,1
45,15.14,0.5,0.08,NDR-fold,19,2.33333,0.0659938,1.30797,1
45,15.14,0.5,0.08,NDR-fold,20,2.45,0.0645105,1.3161,1
45,15.14,0.5,0.08,NDR-fold,21,2.56667,0.0631123,1.32398,1
45,15.14,0.5,0.08,NDR-fold,22,2.68333,0.0617914,1.33161,1
45,15.14,0.5,0.08,NDR-fold,23,2.8,0.0605414,1.33903,1
45,15.14,0.5,0.08,NDR-fold,24,2.91667,0.0593563,1.34624,1
45,15.14,0.5,0.08,NDR-fold,25,3.03333,0.0582308,1.35327,1
45,15.14,0.5,0.08,NDR-fold,26,3.15,0.0571602,1.36011,1
45,15.14,0.5,0.08,NDR-fold,27,3.26667,0.0561404,1.36678,1
45,15.14,0.5,0.08,NDR-fold,28,3.38333,0.0551676,1.3733,1
45,15.14,0.5,0.08,NDR-fold,29,3.5,0.0542383,1.37967,1
45,15.14,0.5,0.08,NDR-fold,30,3.61667,0.0533495,1.38589,1
45,15.14,0.5,0.08,NDR-fold,31,3.73333,0.0524984,1.39199,1
45,15.14,0.5,0.08,NDR-fold,32,3.85,0.0516825,1.39796,1
45,15.14,0.5,0.08,NDR-fold,33,3.96667,0.0508995,1.4038,1
45,15.14,0.5,0.08,NDR-fold,34,4.08333,0.0501472,1.40954,1
45,15.14,0.5,0.08,NDR-fold,35,4.2,0.0494239,1.41516,1
45,15.14,0.5,0.08,NDR-fold,36,4.31667,0.0487276,1.42068,1
45,15.14,0.5,0.08,NDR-fold,37,4.43333,0.0480569,1.4261,1
45,15.14,0.5,0.08,NDR-fold,38,4.55,0.0474102,1.43143,1
45,15.14,0.5,0.08,NDR-fold,39,4.66667,0.0467861,1.43667,1
45,15.14,0.5,0.08,NDR-fold,40,4.78333,0.0461835,1.44182,1
45,15.14,0.5,0.08,NDR-fold,41,4.9,0.045601,1.44689,1
45,15.14,0.5,0.08,NDR-fold,42,5.01667,0.0450377,1.45188,1
45,15.14,0.5,0.08,NDR-fold,43,5.13333,0.0444926,1.45679,1
45,15.14,0.5,0.08,NDR-fold,44,5.25,0.0439647,1.46163,1
45,15.14,0.5,0.08,NDR-fold,45,5.36667,0.0434531,1.4664,1
45,15.14,0.5,0.08,NDR-fold,46,5.48333,0.0429571,1.4711,1
45,15.14,0.5,0.08,NDR-fold,47,5.6,0.0424758,1.47573,1
45,15.14,0.5,0.08,NDR-fold,48,5.71667,0.0420087,1.4803,1
45,15.14,0.5,0.08,NDR-fold,49,5.83333,0.041555,1.48481,1
45,15.14,0.5,0.08,NDR-fold,50,5.95,0.041114,1.48926,1
45,15.14,0.5,0.08,NDR-fold,51,6.06667,0.0406854,1.49365,1
45,15.14,0.5,0.08,NDR-fold,52,6.18333,0.0402684,1.49799,1
45,15.14,0.5,0.08,NDR-fold,53,6.3,0.0398626,1.50227,1
45,15.14,0.5,0.08,NDR-fold,54,6.41667,0.0394675,1.5065,1
45,15.14,0.5,0.08,NDR-fold,55,6.53333,0.0390827,1.51068,1
45,15.14,0.5,0.08,NDR-fold,56,6.65,0.0387077,1.51481,1
45,15.14,0.5,0.08,NDR-fold,57,6.76667,0.0383421,1.5189,1
45,15.14,0.5,0.08,NDR-fold,58,6.88333,0.0379856,1.52294,1
45,15.14,0.5,0.08,NDR-fold,59,7,0.0376378,1.52693,1
46,17.57,0.5,0.08,NDR-fold,0,0.116667,0.0834163,1.01946,1
46,17.57,0.5,0.08,NDR-fold,1,0.233333,0.103693,1.04839,1
46,17.57,0.5,0.08,NDR-fold,2,0.35,0.105045,1.07353,1
46,17.57,0.5,0.08,NDR-fold,3,0.466667,0.101713,1.09493,1
46,17.57,0.5,0.08,NDR-fold,4,0.583333,0.0972871,1.1135,1
46,17.57,0.5,0.08,NDR-fold,5,0.7,0.0928081,1.12993,1
46,17.57,0.5,0.08,NDR-fold,6,0.816667,0.0885922,1.1447,1
46,17.57,0.5,0.08,NDR-fold,7,0.933333,0.0847211,1.15815,1
46,17.57,0.5,0.08,NDR-fold,8,1.05,0.081196,1.17051,1
46,17.57,0.5,0.08,NDR-fold,9,1.16667,0.0779908,1.18198,1
46,17.57,0.5,0.08,NDR-fold,10,1.28333,0.0750722,1.19269,1
46,17.57,0.5,0.08,NDR-fold,11,1.4,0.072407,1.20274,1
46,17.57,0.5,0.08,NDR-fold,12,1.51667,0.0699652,1.21223,1
46,17.57,0.5,0.08,NDR-fold,13,1.63333,0.0677201,1.22122,1
46,17.57,0.5,0.08,NDR-fold,14,1.75,0.0656488,1.22977,1
46,17.57,0.5,0.08,NDR-fold,15,1.86667,0.0637314,1.23793,1
46,17.57,0.5,0.08,NDR-fold,16,1.98333,0.0619508,1.24574,1
46,17.57,0.5,0.08,NDR-fold,17,2.1,0.0602923,1.25323,1
46,17.57,0.5,0.08,NDR-fold,18,2.21667,0.0587431,1.26043,1
46,17.57,0.5,0.08,NDR-fold,19,2.33333,0.0572924,1.26736,1
46,17.57,0.5,0.08,NDR-fold,20,2.45,0.0559304,1.27406,1
46,17.57,0.5,0.08,NDR-fold,21,2.56667,0.0546488,1.28053,1
46,17.57,0.5,0.08,NDR-fold,22,2.68333,0.0534403,1.2868,1
46,17.57,0.5,0.08,NDR-fold,23,2.8,0.0522983,1.29287,1
46,17.57,0.5,0.08,NDR-fold,24,2.91667,0.0512173,1.29877,1
46,17.57,0.5,0.08,NDR-fold,25,3.03333,0.0501921,1.3045,1
46,17.57,0.5,0.08,NDR-fold,26,3.15,0.0492183,1.31008,1
46,17.57,0.5,0.08,NDR-fold,27,3.26667,0.0482917,1.31551,1
46,17.57,0.5,0.08,NDR-fold,28,3.38333,0.0474089,1.3208,1
46,17.57,0.5,0.08,NDR-fold,29,3.5,0.0465666,1.32597,1
46,17.57,0.5,0.08,NDR-fold,30,3.61667,0.0457618,1.33101,1
46,17.57,0.5,0.08,NDR-fold,31,3.73333,0.044992,1.33594,1
46,17.57,0.5,0.08,NDR-fold,32,3.85,0.0442547,1.34076,1
46,17.57,0.5,0.08,NDR-fold,33,3.96667,0.0435478,1.34548,1
46,17.57,0.5,0.08,NDR-fold,34,4.08333,0.0428693,1.3501,1
46,17.57,0.5,0.08,NDR-fold,35,4.2,0.0422174,1.35463,1
46,17.57,0.5,0.08,NDR-fold,36,4.31667,0.0415905,1.35906,1
46,17.57,0.5,0.08,NDR-fold,37,4.43333,0.040987,1.36342,1
46,17.57,0.5,0.08,NDR-fold,38,4.55,0.0404056,1.36769,1
46,17.57,0.5,0.08,NDR-fold,39,4.66667,0.039845,1.37189,1
46,17.57,0.5,0.08,NDR-fold,40,4.78333,0.039304,1.37601,1
46,17.57,0.5,0.08,NDR-fold,41,4.9,0.0387815,1.38006,1
46,17.57,0.5,0.08,NDR-fold,42,5.01667,0.0382765,1.38404,1
46,17.57,0.5,0.08,NDR-fold,43,5.13333,0.0377881,1.38796,1
46,17.57,0.5,0.08,NDR-fold,44,5.25,0.0373155,1.39181,1
46,17.57,0.5,0.08,NDR-fold,45,5.36667,0.0368577,1.39561,1
46,17.57,0.5,0.08,NDR-fold,46,5.48333,0.0364142,1.39934,1
46,17.57,0.5,0.08,NDR-fold,47,5.6,0.0359841,1.40302,1
46,17.57,0.5,0.08,NDR-fold,48,5.71667,0.0355669,1.40665,1
46,17.57,0.5,0.08,NDR-fold,49,5.83333,0.0351619,1.41022,1
46,17.57,0.5,0.08,NDR-fold,50,5.95,0.0347685,1.41375,1
46,17.57,0.5,0.08,NDR-fold,51,6.06667,0.0343862,1.41722,1
46,17.57,0.5,0.08,NDR-fold,52,6.18333,0.0340146,1.42065,1
46,17.57,0.5,0.08,NDR-fold,53,6.3,0.0336531,1.42403,1
46,17.57,0.5,0.08,NDR-fold,54,6.41667,0.0333014,1.42737,1
46,17.57,0.5,0.08,NDR-fold,55,6.53333,0.0329589,1.43066,1
46,17.57,0.5,0.08,NDR-fold,56,6.65,0.0326253,1.43392,1
46,17.57,0.5,0.08,NDR-fold,57,6.76667,0.0323003,1.43713,1
46,17.57,0.5,0.08,NDR-fold,58,6.88333,0.0319835,1.44031,1
46,17.57,0.5,0.08,NDR-fold,59,7,0.0316745,1.44344,1
47,20,0.5,0.08,NDR-fold,0,0.116667,0.0806374,1.01882,1
47,20,0.5,0.08,NDR-fold,1,0.233333,0.0976181,1.04556,1
47,20,0.5,0.08,NDR-fold,2,0.35,0.0975129,1.06826,1
47,20,0.5,0.08,NDR-fold,3,0.466667,0.0935908,1.08735,1
47,20,0.5,0.08,NDR-fold,4,0.583333,0.0889605,1.10379,1
47,20,0.5,0.08,NDR-fold,5,0.7,0.0844596,1.11824,1
47,20,0.5,0.08,NDR-fold,6,0.816667,0.0803126,1.13118,1
47,20,0.5,0.08,NDR-fold,7,0.933333,0.0765563,1.14291,1
47,20,0.5,0.08,NDR-fold,8,1.05,0.0731686,1.15365,1
47,20,0.5,0.08,NDR-fold,9,1.16667,0.0701105,1.16359,1
47,20,0.5,0.08,NDR-fold,10,1.28333,0.0673418,1.17284,1
47,20,0.5,0.08,NDR-fold,11,1.4,0.0648255,1.18151,1
47,20,0.5,0.08,NDR-fold,12,1.51667,0.0625291,1.18967,1
47,20,0.5,0.08,NDR-fold,13,1.63333,0.0604249,1.19739,1
47,20,0.5,0.08,NDR-fold,14,1.75,0.0584893,1.20471,1
47,20,0.5,0.08,NDR-fold,15,1.86667,0.0567021,1.21169,1
47,20,0.5,0.08,NDR-fold,16,1.98333,0.0550463,1.21835,1
47,20,0.5,0.08,NDR-fold,17,2.1,0.0535072,1.22473,1
47,20,0.5,0.08,NDR-fold,18,2.21667,0.0520724,1.23085,1
47,20,0.5,0.08,NDR-fold,19,2.33333,0.050731,1.23674,1
47,20,0.5,0.08,NDR-fold,20,2.45,0.0494737,1.24242,1
47,20,0.5,0.08,NDR-fold,21,2.56667,0.0482924,1.2479,1
47,20,0.5,0.08,NDR-fold,22,2.68333,0.04718,1.2532,1
47,20,0.5,0.08,NDR-fold,23,2.8,0.0461302,1.25833,1
47,20,0.5,0.08,NDR-fold,24,2.91667,0.0451376,1.2633,1
47,20,0.5,0.08,NDR-fold,25,3.03333,0.0441973,1.26813,1
47,20,0.5,0.08,NDR-fold,26,3.15,0.0433051,1.27282,1
47,20,0.5,0.08,NDR-fold,27,3.26667,0.0424571,1.27739,1
47,20,0.5,0.08,NDR-fold,28,3.38333,0.0416499,1.28183,1
47,20,0.5,0.08,NDR-fold,29,3.5,0.0408804,1.28616,1
47,20,0.5,0.08,NDR-fold,30,3.61667,0.0401458,1.29039,1
47,20,0.5,0.08,NDR-fold,31,3.73333,0.0394438,1.29451,1
47,20,0.5,0.08,NDR-fold,32,3.85,0.0387719,1.29854,1
47,20,0.5,0.08,NDR-fold,33,3.96667,0.0381282,1.30248,1
47,20,0.5,0.08,NDR-fold,34,4.08333,0.0375109,1.30634,1
47,20,0.5,0.08,NDR-fold,35,4.2,0.0369182,1.31011,1
47,20,0.5,0.08,NDR-fold,36,4.31667,0.0363485,1.31381,1
47,20,0.5,0.08,NDR-fold,37,4.43333,0.0358005,1.31743,1
47,20,0.5,0.08,NDR-fold,38,4.55,0.0352729,1.32098,1
47,20,0.5,0.08,NDR-fold,39,4.66667,0.0347645,1.32447,1
47,20,0.5,0.08,NDR-fold,40,4.78333,0.0342741,1.32789,1
47,20,0.5,0.08,NDR-fold,41,4.9,0.0338008,1.33125,1
47,20,0.5,0.08,NDR-fold,42,5.01667,0.0333437,1.33455,1
47,20,0.5,0.08,NDR-fold,43,5.13333,0.0329017,1.33779,1
47,20,0.5,0.08,NDR-fold,44,5.25,0.0324743,1.34098,1
47,20,0.5,0.08,NDR-fold,45,5.36667,0.0320605,1.34412,1
47,20,0.5,0.08,NDR-fold,46,5.48333,0.0316598,1.3472,1
47,20,0.5,0.08,NDR-fold,47,5.6,0.0312714,1.35024,1
47,20,0.5,0.08,NDR-fold,48,5.71667,0.0308948,1.35323,1
47,20,0.5,0.08,NDR-fold,49,5.83333,0.0305294,1.35618,1
47,20,0.5,0.08,NDR-fold,50,5.95,0.0301746,1.35908,1
47,20,0.5,0.08,NDR-fold,51,6.06667,0.0298301,1.36194,1
47,20,0.5,0.08,NDR-fold,52,6.18333,0.0294952,1.36476,1
47,20,0.5,0.08,NDR-fold,53,6.3,0.0291697,1.36754,1
47,20,0.5,0.08,NDR-fold,54,6.41667,0.028853,1.37028,1
47,20,0.5,0.08,NDR-fold,55,6.53333,0.0285448,1.37299,1
47,20,0.5,0.08,NDR-fold,56,6.65,0.0282447,1.37565,1
47,20,0.5,0.08,NDR-fold,57,6.76667,0.0279524,1.37829,1
47,20,0.5,0.08,NDR-fold,58,6.88333,0.0276676,1.38089,1
47,20,0.5,0.08,NDR-fold,59,7,0.02739,1.38346,1
48,3,1,0.08,monotone,0,0.116667,0.11223,1.01309,1
48,3,1,0.08,monotone,1,0.233333,0.203646,1.04752,1
48,3,1,0.08,monotone,2,0.35,0.270107,1.09454,1
48,3,1,0.08,monotone,3,0.466667,0.317025,1.14795,1
48,3,1,0.08,monotone,4,0.583333,0.350536,1.20448,1
48,3,1,0.08,monotone,5,0.7,0.375098,1.26257,1
48,3,1,0.08,monotone,6,0.816667,0.393637,1.32147,1
48,3,1,0.08,monotone,7,0.933333,0.408038,1.38084,1
48,3,1,0.08,monotone,8,1.05,0.419533,1.44051,1
48,3,1,0.08,monotone,9,1.16667,0.428944,1.50043,1
48,3,1,0.08,monotone,10,1.28333,0.436833,1.5606,1
48,3,1,0.08,monotone,11,1.4,0.443592,1.62103,1
48,3,1,0.08,monotone,12,1.51667,0.4495,1.68174,1
48,3,1,0.08,monotone,13,1.63333,0.45476,1.74278,1
48,3,1,0.08,monotone,14,1.75,0.459523,1.80417,1
48,3,1,0.08,monotone,15,1.86667,0.463901,1.86595,1
48,3,1,0.08,monotone,16,1.98333,0.467979,1.92816,1
48,3,1,0.08,monotone,17,2.1,0.471823,1.99083,1
48,3,1,0.08,monotone,18,2.21667,0.475484,2.05399,1
48,3,1,0.08,monotone,19,2.33333,0.479002,2.11767,1
48,3,1,0.08,monotone,20,2.45,0.482408,2.1819,1
48,3,1,0.08,monotone,21,2.56667,0.485729,2.24671,1
48,3,1,0.08,monotone,22,2.68333,0.488985,2.31211,1
48,3,1,0.08,monotone,23,2.8,0.492191,2.37814,1
48,3,1,0.08,monotone,24,2.91667,0.495362,2.44481,1
48,3,1,0.08,monotone,25,3.03333,0.498508,2.51214,1
48,3,1,0.08,monotone,26,3.15,0.501637,2.58016,1
48,3,1,0.08,monotone,27,3.26667,0.504759,2.64888,1
48,3,1,0.08,monotone,28,3.38333,0.507877,2.71832,1
48,3,1,0.08,monotone,29,3.5,0.510999,2.7885,1
48,3,1,0.08,monotone,30,3.61667,0.514127,2.85943,1
48,3,1,0.08,monotone,31,3.73333,0.517265,2.93112,1
48,3,1,0.08,monotone,32,3.85,0.520416,3.0036,1
48,3,1,0.08,monotone,33,3.96667,0.523583,3.07688,1
48,3,1,0.08,monotone,34,4.08333,0.526767,3.15096,1
48,3,1,0.08,monotone,35,4.2,0.52997,3.22587,1
48,3,1,0.08,monotone,36,4.31667,0.533193,3.30162,1
48,3,1,0.08,monotone,37,4.43333,0.536438,3.37821,1
48,3,1,0.08,monotone,38,4.55,0.539705,3.45566,1
48,3,1,0.08,monotone,39,4.66667,0.542996,3.53398,1
48,3,1,0.08,monotone,40,4.78333,0.54631,3.61318,1
48,3,1,0.08,monotone,41,4.9,0.549648,3.69327,1
48,3,1,0.08,monotone,42,5.01667,0.55301,3.77427,1
48,3,1,0.08,monotone,43,5.13333,0.556398,3.85618,1
48,3,1,0.08,monotone,44,5.25,0.55981,3.939,1
48,3,1,0.08,monotone,45,5.36667,0.563247,4.02276,1
48,3,1,0.08,monotone,46,5.48333,0.56671,4.10746,1
48,3,1,0.08,monotone,47,5.6,0.570197,4.1931,1
48,3,1,0.08,monotone,48,5.71667,0.57371,4.27971,1
48,3,1,0.08,monotone,49,5.83333,0.577247,4.36728,1
48,3,1,0.08,monotone,50,5.95,0.58081,4.45582,1
48,3,1,0.08,monotone,51,6.06667,0.584397,4.54534,1
48,3,1,0.08,monotone,52,6.18333,0.588009,4.63586,1
48,3,1,0.08,monotone,53,6.3,0.591646,4.72737,1
48,3,1,0.08,monotone,54,6.41667,0.595306,4.81988,1
48,3,1,0.08,monotone,55,6.53333,0.598991,4.91341,1
48,3,1,0.08,monotone,56,6.65,0.6027,5.00795,1
48,3,1,0.08,monotone,57,6.76667,0.606432,5.10352,1
48,3,1,0.08,monotone,58,6.88333,0.610188,5.20013,1
48,3,1,0.08,monotone,59,7,0.613967,5.29777,1
49,5.429,1,0.08,NDR-fold,0,0.116667,0.10898,1.01271,1
49,5.429,1,0.08,NDR-fold,1,0.233333,0.186141,1.04343,1
49,5.429,1,0.08,NDR-fold,2,0.35,0.23259,1.08141,1
49,5.429,1,0.08,NDR-fold,3,0.466667,0.25958,1.12114,1
49,5.429,1,0.08,NDR-fold,4,0.583333,0.275257,1.16057,1
49,5.429,1,0.08,NDR-fold,5,0.7,0.284304,1.19901,1
49,5.429,1,0.08,NDR-fold,6,0.816667,0.289349,1.2363,1
49,5.429,1,0.08,NDR-fold,7,0.933333,0.291907,1.27245,1
49,5.429,1,0.08,NDR-fold,8,1.05,0.292881,1.30752,1
49,5.429,1,0.08,NDR-fold,9,1.16667,0.292827,1.34163,1
49,5.429,1,0.08,NDR-fold,10,1.28333,0.2921,1.37486,1
49,5.429,1,0.08,NDR-fold,11,1.4,0.290931,1.4073,1
49,5.429,1,0.08,NDR-fold,12,1.51667,0.289474,1.43904,1
49,5.429,1,0.08,NDR-fold,13,1.63333,0.287835,1.47013,1
49,5.429,1,0.08,NDR-fold,14,1.75,0.286084,1.50065,1
49,5.429,1,0.08,NDR-fold,15,1.86667,0.284273,1.53064,1
49,5.429,1,0.08,NDR-fold,16,1.98333,0.282436,1.56016,1
49,5.429,1,0.08,NDR-fold,17,2.1,0.280597,1.58925,1
49,5.429,1,0.08,NDR-fold,18,2.21667,0.278775,1.61795,1
49,5.429,1,0.08,NDR-fold,19,2.33333,0.27698,1.64629,1
49,5.429,1,0.08,NDR-fold,20,2.45,0.275222,1.67429,1
49,5.429,1,0.08,NDR-fold,21,2.56667,0.273505,1.702,1
49,5.429,1,0.08,NDR-fold,22,2.68333,0.271835,1.72942,1
49,5.429,1,0.08,NDR-fold,23,2.8,0.270211,1.75659,1
49,5.429,1,0.08,NDR-fold,24,2.91667,0.268637,1.78352,1
49,5.429,1,0.08,NDR-fold,25,3.03333,0.267111,1.81024,1
49,5.429,1,0.08,NDR-fold,26,3.15,0.265634,1.83675,1
49,5.429,1,0.08,NDR-fold,27,3.26667,0.264206,1.86307,1
49,5.429,1,0.08,NDR-fold,28,3.38333,0.262825,1.88922,1
49,5.429,1,0.08,NDR-fold,29,3.5,0.26149,1.91521,1
49,5.429,1,0.08,NDR-fold,30,3.61667,0.2602,1.94105,1
49,5.429,1,0.08,NDR-fold,31,3.73333,0.258953,1.96676,1
49,5.429,1,0.08,NDR-fold,32,3.85,0.257749,1.99233,1
49,5.429,1,0.08,NDR-fold,33,3.96667,0.256586,2.01779,1
49,5.429,1,0.08,NDR-fold,34,4.08333,0.255462,2.04314,1
49,5.429,1,0.08,NDR-fold,35,4.2,0.254377,2.06838,1
49,5.429,1,0.08,NDR-fold,36,4.31667,0.253328,2.09353,1
49,5.429,1,0.08,NDR-fold,37,4.43333,0.252315,2.1186,1
49,5.429,1,0.08,NDR-fold,38,4.55,0.251336,2.14358,1
49,5.429,1,0.08,NDR-fold,39,4.66667,0.25039,2.16849,1
49,5.429,1,0.08,NDR-fold,40,4.78333,0.249476,2.19333,1
49,5.429,1,0.08,NDR-fold,41,4.9,0.248592,2.2181,1
49,5.429,1,0.08,NDR-fold,42,5.01667,0.247738,2.24282,1
49,5.429,1,0.08,NDR-fold,43,5.13333,0.246912,2.26748,1
49,5.429,1,0.08,NDR-fold,44,5.25,0.246114,2.2921,1
49,5.429,1,0.08,NDR-fold,45,5.36667,0.245342,2.31667,1
49,5.429,1,0.08,NDR-fold,46,5.48333,0.244596,2.3412,1
49,5.429,1,0.08,NDR-fold,47,5.6,0.243874,2.3657,1
49,5.429,1,0.08,NDR-fold,48,5.71667,0.243176,2.39016,1
49,5.429,1,0.08,NDR-fold,49,5.83333,0.242501,2.41459,1
49,5.429,1,0.08,NDR-fold,50,5.95,0.241849,2.439,1
49,5.429,1,0.08,NDR-fold,51,6.06667,0.241217,2.46338,1
49,5.429,1,0.08,NDR-fold,52,6.18333,0.240606,2.48775,1
49,5.429,1,0.08,NDR-fold,53,6.3,0.240016,2.5121,1
49,5.429,1,0.08,NDR-fold,54,6.41667,0.239444,2.53643,1
49,5.429,1,0.08,NDR-fold,55,6.53333,0.238891,2.56076,1
49,5.429,1,0.08,NDR-fold,56,6.65,0.238357,2.58507,1
49,5.429,1,0.08,NDR-fold,57,6.76667,0.23784,2.60938,1
49,5.429,1,0.08,NDR-fold,58,6.88333,0.23734,2.63369,1
49,5.429,1,0.08,NDR-fold,59,7,0.236856,2.65799,1
50,7.857,1,0.08,NDR-fold,0,0.116667,0.105991,1.01237,1
50,7.857,1,0.08,NDR-fold,1,0.233333,0.172241,1.04019,1
50,7.857,1,0.08,NDR-fold,2,0.35,0.206228,1.07218,1
50,7.857,1,0.08,NDR-fold,3,0.466667,0.222713,1.10393,1
50,7.857,1,0.08,NDR-fold,4,0.583333,0.230154,1.13426,1
50,7.857,1,0.08,NDR-fold,5,0.7,0.23279,1.16295,1
50,7.857,1,0.08,NDR-fold,6,0.816667,0.232787,1.19011,1
50,7.857,1,0.08,NDR-fold,7,0.933333,0.231301,1.21588,1
50,7.857,1,0.08,NDR-fold,8,1.05,0.228978,1.24043,1
50,7.857,1,0.08,NDR-fold,9,1.16667,0.226193,1.26389,1
50,7.857,1,0.08,NDR-fold,10,1.28333,0.223169,1.2864,1
50,7.857,1,0.08,NDR-fold,11,1.4,0.220041,1.30806,1
50,7.857,1,0.08,NDR-fold,12,1.51667,0.216893,1.32895,1
50,7.857,1,0.08,NDR-fold,13,1.63333,0.213776,1.34917,1
50,7.857,1,0.08,NDR-fold,14,1.75,0.210723,1.36876,1
50,7.857,1,0.08,NDR-fold,15,1.86667,0.207751,1.3878,1
50,7.857,1,0.08,NDR-fold,16,1.98333,0.204871,1.40633,1
50,7.857,1,0.08,NDR-fold,17,2.1,0.202089,1.42439,1
50,7.857,1,0.08,NDR-fold,18,2.21667,0.199405,1.44202,1
50,7.857,1,0.08,NDR-fold,19,2.33333,0.19682,1.45925,1
50,7.857,1,0.08,NDR-fold,20,2.45,0.194331,1.47611,1
50,7.857,1,0.08,NDR-fold,21,2.56667,0.191936,1.49264,1
50,7.857,1,0.08,NDR-fold,22,2.68333,0.18963,1.50884,1
50,7.857,1,0.08,NDR-fold,23,2.8,0.187411,1.52475,1
50,7.857,1,0.08,NDR-fold,24,2.91667,0.185273,1.54038,1
50,7.857,1,0.08,NDR-fold,25,3.03333,0.183215,1.55575,1
50,7.857,1,0.08,NDR-fold,26,3.15,0.181231,1.57088,1
50,7.857,1,0.08,NDR-fold,27,3.26667,0.179318,1.58577,1
50,7.857,1,0.08,NDR-fold,28,3.38333,0.177472,1.60045,1
50,7.857,1,0.08,NDR-fold,29,3.5,0.175691,1.61492,1
50,7.857,1,0.08,NDR-fold,30,3.61667,0.17397,1.62919,1
50,7.857,1,0.08,NDR-fold,31,3.73333,0.172308,1.64328,1
50,7.857,1,0.08,NDR-fold,32,3.85,0.1707,1.6572,1
50,7.857,1,0.08,NDR-fold,33,3.96667,0.169145,1.67094,1
50,7.857,1,0.08,NDR-fold,34,4.08333,0.16764,1.68453,1
50,7.857,1,0.08,NDR-fold,35,4.2,0.166182,1.69797,1
50,7.857,1,0.08,NDR-fold,36,4.31667,0.164769,1.71125,1
50,7.857,1,0.08,NDR-fold,37,4.43333,0.1634,1.72441,1
50,7.857,1,0.08,NDR-fold,38,4.55,0.162071,1.73742,1
50,7.857,1,0.08,NDR-fold,39,4.66667,0.160782,1.75031,1
50,7.857,1,0.08,NDR-fold,40,4.78333,0.15953,1.76308,1
50,7.857,1,0.08,NDR-fold,41,4.9,0.158313,1.77573,1
50,7.857,1,0.08,NDR-fold,42,5.01667,0.157131,1.78827,1
50,7.857,1,0.08,NDR-fold,43,5.13333,0.155982,1.80071,1
50,7.857,1,0.08,NDR-fold,44,5.25,0.154863,1.81303,1
50,7.857,1,0.08,NDR-fold,45,5.36667,0.153775,1.82526,1
50,7.857,1,0.08,NDR-fold,46,5.48333,0.152716,1.83739,1
50,7.857,1,0.08,NDR-fold,47,5.6,0.151684,1.84943,1
50,7.857,1,0.08,NDR-fold,48,5.71667,0.150678,1.86138,1
50,7.857,1,0.08,NDR-fold,49,5.83333,0.149698,1.87324,1
50,7.857,1,0.08,NDR-fold,50,5.95,0.148742,1.88502,1
50,7.857,1,0.08,NDR-fold,51,6.06667,0.14781,1.89671,1
50,7.857,1,0.08,NDR-fold,52,6.18333,0.1469,1.90833,1
50,7.857,1,0.08,NDR-fold,53,6.3,0.146012,1.91988,1
50,7.857,1,0.08,NDR-fold,54,6.41667,0.145145,1.93135,1
50,7.857,1,0.08,NDR-fold,55,6.53333,0.144298,1.94275,1
50,7.857,1,0.08,NDR-fold,56,6.65,0.14347,1.95408,1
50,7.857,1,0.08,NDR-fold,57,6.76667,0.142661,1.96534,1
50,7.857,1,0.08,NDR-fold,58,6.88333,0.14187,1.97654,1
50,7.857,1,0.08,NDR-fold,59,7,0.141097,1.98768,1
51,10.29,1,0.08,NDR-fold,0,0.116667,0.103226,1.01204,1
51,10.29,1,0.08,NDR-fold,1,0.233333,0.160841,1.03753,1
51,10.29,1,0.08,NDR-fold,2,0.35,0.186411,1.06524,1
51,10.29,1,0.08,NDR-fold,3,0.466667,0.196607,1.09175,1
51,10.29,1,0.08,NDR-fold,4,0.583333,0.199574,1.11642,1
51,10.29,1,0.08,NDR-fold,5,0.7,0.199015,1.13931,1
51,10.29,1,0.08,NDR-fold,6,0.816667,0.196696,1.16064,1
51,10.29,1,0.08,NDR-fold,7,0.933333,0.193504,1.1806,1
51,10.29,1,0.08,NDR-fold,8,1.05,0.189907,1.1994,1
51,10.29,1,0.08,NDR-fold,9,1.16667,0.186159,1.21719,1
51,10.29,1,0.08,NDR-fold,10,1.28333,0.182402,1.23408,1
51,10.29,1,0.08,NDR-fold,11,1.4,0.178713,1.2502,1
51,10.29,1,0.08,NDR-fold,12,1.51667,0.175135,1.26562,1
51,10.29,1,0.08,NDR-fold,13,1.63333,0.17169,1.28043,1
51,10.29,1,0.08,NDR-fold,14,1.75,0.168388,1.29468,1
51,10.29,1,0.08,NDR-fold,15,1.86667,0.165228,1.30843,1
51,10.29,1,0.08,NDR-fold,16,1.98333,0.162211,1.32172,1
51,10.29,1,0.08,NDR-fold,17,2.1,0.15933,1.33459,1
51,10.29,1,0.08,NDR-fold,18,2.21667,0.15658,1.34709,1
51,10.29,1,0.08,NDR-fold,19,2.33333,0.153955,1.35923,1
51,10.29,1,0.08,NDR-fold,20,2.45,0.151447,1.37104,1
51,10.29,1,0.08,NDR-fold,21,2.56667,0.149049,1.38256,1
51,10.29,1,0.08,NDR-fold,22,2.68333,0.146755,1.39379,1
51,10.29,1,0.08,NDR-fold,23,2.8,0.144559,1.40476,1
51,10.29,1,0.08,NDR-fold,24,2.91667,0.142454,1.41549,1
51,10.29,1,0.08,NDR-fold,25,3.03333,0.140436,1.42599,1
51,10.29,1,0.08,NDR-fold,26,3.15,0.138498,1.43627,1
51,10.29,1,0.08,NDR-fold,27,3.26667,0.136637,1.44635,1
51,10.29,1,0.08,NDR-fold,28,3.38333,0.134847,1.45623,1
51,10.29,1,0.08,NDR-fold,29,3.5,0.133125,1.46594,1
51,10.29,1,0.08,NDR-fold,30,3.61667,0.131466,1.47547,1
51,10.29,1,0.08,NDR-fold,31,3.73333,0.129867,1.48484,1
51,10.29,1,0.08,NDR-fold,32,3.85,0.128325,1.49405,1
51,10.29,1,0.08,NDR-fold,33,3.96667,0.126836,1.50312,1
51,10.29,1,0.08,NDR-fold,34,4.08333,0.125398,1.51204,1
51,10.29,1,0.08,NDR-fold,35,4.2,0.124008,1.52083,1
51,10.29,1,0.08,NDR-fold,36,4.31667,0.122663,1.52949,1
51,10.29,1,0.08,NDR-fold,37,4.43333,0.121361,1.53803,1
51,10.29,1,0.08,NDR-fold,38,4.55,0.1201,1.54646,1
51,10.29,1,0.08,NDR-fold,39,4.66667,0.118878,1.55476,1
51,10.29,1,0.08,NDR-fold,40,4.78333,0.117693,1.56296,1
51,10.29,1,0.08,NDR-fold,41,4.9,0.116543,1.57106,1
51,10.29,1,0.08,NDR-fold,42,5.01667,0.115427,1.57906,1
51,10.29,1,0.08,NDR-fold,43,5.13333,0.114343,1.58696,1
51,10.29,1,0.08,NDR-fold,44,5.25,0.113289,1.59477,1
51,10.29,1,0.08,NDR-fold,45,5.36667,0.112264,1.60248,1
51,10.29,1,0.08,NDR-fold,46,5.48333,0.111267,1.61012,1
51,10.29,1,0.08,NDR-fold,47,5.6,0.110297,1.61766,1
51,10.29,1,0.08,NDR-fold,48,5.71667,0.109353,1.62513,1
51,10.29,1,0.08,NDR-fold,49,5.83333,0.108433,1.63252,1
51,10.29,1,0.08,NDR-fold,50,5.95,0.107536,1.63984,1
51,10.29,1,0.08,NDR-fold,51,6.06667,0.106662,1.64708,1
51,10.29,1,0.08,NDR-fold,52,6.18333,0.105809,1.65425,1
51,10.29,1,0.08,NDR-fold,53,6.3,0.104977,1.66136,1
51,10.29,1,0.08,NDR-fold,54,6.41667,0.104165,1.66839,1
51,10.29,1,0.08,NDR-fold,55,6.53333,0.103372,1.67537,1
51,10.29,1,0.08,NDR-fold,56,6.65,0.102598,1.68228,1
51,10.29,1,0.08,NDR-fold,57,6.76667,0.101841,1.68913,1
51,10.29,1,0.08,NDR-fold,58,6.88333,0.101102,1.69592,1
51,10.29,1,0.08,NDR-fold,59,7,0.100379,1.70265,1
52,12.71,1,0.08,NDR-fold,0,0.116667,0.100659,1.01174,1
52,12.71,1,0.08,NDR-fold,1,0.233333,0.151263,1.03529,1
52,12.71,1,0.08,NDR-fold,2,0.35,0.170826,1.05979,1
52,12.71,1,0.08,NDR-fold,3,0.466667,0.176943,1.08257,1
52,12.71,1,0.08,NDR-fold,4,0.583333,0.177231,1.10338,1
52,12.71,1,0.08,NDR-fold,5,0.7,0.174903,1.12243,1
52,12.71,1,0.08,NDR-fold,6,0.816667,0.171404,1.13998,1
52,12.71,1,0.08,NDR-fold,7,0.933333,0.167422,1.15626,1
52,12.71,1,0.08,NDR-fold,8,1.05,0.163299,1.17146,1
52,12.71,1,0.08,NDR-fold,9,1.16667,0.159211,1.18575,1
52,12.71,1,0.08,NDR-fold,10,1.28333,0.155243,1.19923,1
52,12.71,1,0.08,NDR-fold,11,1.4,0.151437,1.21201,1
52,12.71,1,0.08,NDR-fold,12,1.51667,0.147812,1.22418,1
52,12.71,1,0.08,NDR-fold,13,1.63333,0.144369,1.2358,1
52,12.71,1,0.08,NDR-fold,14,1.75,0.141106,1.24694,1
52,12.71,1,0.08,NDR-fold,15,1.86667,0.138015,1.25763,1
52,12.71,1,0.08,NDR-fold,16,1.98333,0.135086,1.26792,1
52,12.71,1,0.08,NDR-fold,17,2.1,0.13231,1.27785,1
52,12.71,1,0.08,NDR-fold,18,2.21667,0.129676,1.28745,1
52,12.71,1,0.08,NDR-fold,19,2.33333,0.127175,1.29674,1
52,12.71,1,0.08,NDR-fold,20,2.45,0.124797,1.30575,1
52,12.71,1,0.08,NDR-fold,21,2.56667,0.122534,1.3145,1
52,12.71,1,0.08,NDR-fold,22,2.68333,0.120377,1.32301,1
52,12.71,1,0.08,NDR-fold,23,2.8,0.11832,1.3313,1
52,12.71,1,0.08,NDR-fold,24,2.91667,0.116355,1.33937,1
52,12.71,1,0.08,NDR-fold,25,3.03333,0.114477,1.34725,1
52,12.71,1,0.08,NDR-fold,26,3.15,0.112679,1.35494,1
52,12.71,1,0.08,NDR-fold,27,3.26667,0.110956,1.36246,1
52,12.71,1,0.08,NDR-fold,28,3.38333,0.109303,1.36981,1
52,12.71,1,0.08,NDR-fold,29,3.5,0.107717,1.37701,1
52,12.71,1,0.08,NDR-fold,30,3.61667,0.106192,1.38406,1
52,12.71,1,0.08,NDR-fold,31,3.73333,0.104725,1.39097,1
52,12.71,1,0.08,NDR-fold,32,3.85,0.103313,1.39775,1
52,12.71,1,0.08,NDR-fold,33,3.96667,0.101952,1.40441,1
52,12.71,1,0.08,NDR-fold,34,4.08333,0.10064,1.41095,1
52,12.71,1,0.08,NDR-fold,35,4.2,0.0993739,1.41737,1
52,12.71,1,0.08,NDR-fold,36,4.31667,0.0981508,1.42368,1
52,12.71,1,0.08,NDR-fold,37,4.43333,0.0969686,1.42989,1
52,12.71,1,0.08,NDR-fold,38,4.55,0.0958252,1.436,1
52,12.71,1,0.08,NDR-fold,39,4.66667,0.0947186,1.44202,1
52,12.71,1,0.08,NDR-fold,40,4.78333,0.0936468,1.44794,1
52,12.71,1,0.08,NDR-fold,41,4.9,0.0926082,1.45378,1
52,12.71,1,0.08,NDR-fold,42,5.01667,0.0916011,1.45953,1
52,12.71,1,0.08,NDR-fold,43,5.13333,0.0906239,1.4652,1
52,12.71,1,0.08,NDR-fold,44,5.25,0.0896753,1.4708,1
52,12.71,1,0.08,NDR-fold,45,5.36667,0.0887539,1.47631,1
52,12.71,1,0.08,NDR-fold,46,5.48333,0.0878585,1.48176,1
52,12.71,1,0.08,NDR-fold,47,5.6,0.0869879,1.48713,1
52,12.71,1,0.08,NDR-fold,48,5.71667,0.086141,1.49244,1
52,12.71,1,0.08,NDR-fold,49,5.83333,0.0853168,1.49768,1
52,12.71,1,0.08,NDR-fold,50,5.95,0.0845143,1.50286,1
52,12.71,1,0.08,NDR-fold,51,6.06667,0.0837326,1.50798,1
52,12.71,1,0.08,NDR-fold,52,6.18333,0.0829708,1.51304,1
52,12.71,1,0.08,NDR-fold,53,6.3,0.0822281,1.51804,1
52,12.71,1,0.08,NDR-fold,54,6.41667,0.0815038,1.52298,1
52,12.71,1,0.08,NDR-fold,55,6.53333,0.080797,1.52787,1
52,12.71,1,0.08,NDR-fold,56,6.65,0.0801073,1.53271,1
52,12.71,1,0.08,NDR-fold,57,6.76667,0.0794337,1.5375,1
52,12.71,1,0.08,NDR-fold,58,6.88333,0.0787759,1.54224,1
52,12.71,1,0.08,NDR-fold,59,7,0.0781331,1.54693,1
53,15.14,1,0.08,NDR-fold,0,0.116667,0.0982666,1.01146,1
53,15.14,1,0.08,NDR-fold,1,0.233333,0.143065,1.03338,1
53,15.14,1,0.08,NDR-fold,2,0.35,0.158164,1.05536,1
53,15.14,1,0.08,NDR-fold,3,0.466667,0.161486,1.07536,1
53,15.14,1,0.08,NDR-fold,4,0.583333,0.160066,1.09337,1
53,15.14,1,0.08,NDR-fold,5,0.7,0.156694,1.10969,1
53,15.14,1,0.08,NDR-fold,6,0.816667,0.152562,1.12459,1
53,15.14,1,0.08,NDR-fold,7,0.933333,0.148209,1.13833,1
53,15.14,1,0.08,NDR-fold,8,1.05,0.143887,1.15108,1
53,15.14,1,0.08,NDR-fold,9,1.16667,0.139712,1.163,1
53,15.14,1,0.08,NDR-fold,10,1.28333,0.135737,1.1742,1
53,15.14,1,0.08,NDR-fold,11,1.4,0.131978,1.18477,1
53,15.14,1,0.08,NDR-fold,12,1.51667,0.128436,1.1948,1
53,15.14,1,0.08,NDR-fold,13,1.63333,0.125103,1.20434,1
53,15.14,1,0.08,NDR-fold,14,1.75,0.121968,1.21344,1
53,15.14,1,0.08,NDR-fold,15,1.86667,0.119016,1.22216,1
53,15.14,1,0.08,NDR-fold,16,1.98333,0.116235,1.23053,1
53,15.14,1,0.08,NDR-fold,17,2.1,0.113611,1.23858,1
53,15.14,1,0.08,NDR-fold,18,2.21667,0.111133,1.24634,1
53,15.14,1,0.08,NDR-fold,19,2.33333,0.108788,1.25384,1
53,15.14,1,0.08,NDR-fold,20,2.45,0.106566,1.26109,1
53,15.14,1,0.08,NDR-fold,21,2.56667,0.104458,1.26811,1
53,15.14,1,0.08,NDR-fold,22,2.68333,0.102456,1.27492,1
53,15.14,1,0.08,NDR-fold,23,2.8,0.10055,1.28154,1
53,15.14,1,0.08,NDR-fold,24,2.91667,0.0987346,1.28798,1
53,15.14,1,0.08,NDR-fold,25,3.03333,0.0970027,1.29424,1
53,15.14,1,0.08,NDR-fold,26,3.15,0.0953485,1.30035,1
53,15.14,1,0.08,NDR-fold,27,3.26667,0.0937665,1.3063,1
53,15.14,1,0.08,NDR-fold,28,3.38333,0.092252,1.31212,1
53,15.14,1,0.08,NDR-fold,29,3.5,0.0908004,1.3178,1
53,15.14,1,0.08,NDR-fold,30,3.61667,0.0894076,1.32336,1
53,15.14,1,0.08,NDR-fold,31,3.73333,0.0880701,1.32879,1
53,15.14,1,0.08,NDR-fold,32,3.85,0.0867842,1.33412,1
53,15.14,1,0.08,NDR-fold,33,3.96667,0.0855469,1.33934,1
53,15.14,1,0.08,NDR-fold,34,4.08333,0.0843554,1.34445,1
53,15.14,1,0.08,NDR-fold,35,4.2,0.0832068,1.34947,1
53,15.14,1,0.08,NDR-fold,36,4.31667,0.0820989,1.35439,1
53,15.14,1,0.08,NDR-fold,37,4.43333,0.0810293,1.35923,1
53,15.14,1,0.08,NDR-fold,38,4.55,0.079996,1.36398,1
53,15.14,1,0.08,NDR-fold,39,4.66667,0.0789969,1.36865,1
53,15.14,1,0.08,NDR-fold,40,4.78333,0.0780303,1.37324,1
53,15.14,1,0.08,NDR-fold,41,4.9,0.0770945,1.37776,1
53,15.14,1,0.08,NDR-fold,42,5.01667,0.076188,1.38221,1
53,15.14,1,0.08,NDR-fold,43,5.13333,0.0753093,1.38659,1
53,15.14,1,0.08,NDR-fold,44,5.25,0.0744571,1.3909,1
53,15.14,1,0.08,NDR-fold,45,5.36667,0.07363,1.39515,1
53,15.14,1,0.08,NDR-fold,46,5.48333,0.0728269,1.39933,1
53,15.14,1,0.08,NDR-fold,47,5.6,0.0720467,1.40346,1
53,15.14,1,0.08,NDR-fold,48,5.71667,0.0712883,1.40753,1
53,15.14,1,0.08,NDR-fold,49,5.83333,0.0705509,1.41155,1
53,15.14,1,0.08,NDR-fold,50,5.95,0.0698333,1.41551,1
53,15.14,1,0.08,NDR-fold,51,6.06667,0.0691349,1.41942,1
53,15.14,1,0.08,NDR-fold,52,6.18333,0.0684548,1.42328,1
53,15.14,1,0.08,NDR-fold,53,6.3,0.0677922,1.42709,1
53,15.14,1,0.08,NDR-fold,54,6.41667,0.0671463,1.43086,1
53,15.14,1,0.08,NDR-fold,55,6.53333,0.0665166,1.43458,1
53,15.14,1,0.08,NDR-fold,56,6.65,0.0659024,1.43825,1
53,15.14,1,0.08,NDR-fold,57,6.76667,0.0653031,1.44188,1
53,15.14,1,0.08,NDR-fold,58,6.88333,0.064718,1.44548,1
53,15.14,1,0.08,NDR-fold,59,7,0.0641467,1.44903,1
54,17.57,1,0.08,NDR-fold,0,0.116667,0.0960284,1.0112,1
54,17.57,1,0.08,NDR-fold,1,0.233333,0.135943,1.03172,1
54,17.57,1,0.08,NDR-fold,2,0.35,0.147623,1.05167,1
54,17.57,1,0.08,NDR-fold,3,0.466667,0.14895,1.06951,1
54,17.57,1,0.08,NDR-fold,4,0.583333,0.146393,1.0854,1
54,17.57,1,0.08,NDR-fold,5,0.7,0.142382,1.09967,1
54,17.57,1,0.08,NDR-fold,6,0.816667,0.137907,1.11262,1
54,17.57,1,0.08,NDR-fold,7,0.933333,0.133394,1.1245,1
54,17.57,1,0.08,NDR-fold,8,1.05,0.129027,1.13548,1
54,17.57,1,0.08,NDR-fold,9,1.16667,0.124883,1.1457,1
54,17.57,1,0.08,NDR-fold,10,1.28333,0.120985,1.15526,1
54,17.57,1,0.08,NDR-fold,11,1.4,0.117335,1.16427,1
54,17.57,1,0.08,NDR-fold,12,1.51667,0.113923,1.17278,1
54,17.57,1,0.08,NDR-fold,13,1.63333,0.110732,1.18086,1
54,17.57,1,0.08,NDR-fold,14,1.75,0.107747,1.18856,1
54,17.57,1,0.08,NDR-fold,15,1.86667,0.104949,1.19591,1
54,17.57,1,0.08,NDR-fold,16,1.98333,0.102324,1.20294,1
54,17.57,1,0.08,NDR-fold,17,2.1,0.0998562,1.2097,1
54,17.57,1,0.08,NDR-fold,18,2.21667,0.0975323,1.2162,1
54,17.57,1,0.08,NDR-fold,19,2.33333,0.0953401,1.22246,1
54,17.57,1,0.08,NDR-fold,20,2.45,0.0932685,1.22851,1
54,17.57,1,0.08,NDR-fold,21,2.56667,0.0913076,1.23436,1
54,17.57,1,0.08,NDR-fold,22,2.68333,0.0894485,1.24002,1
54,17.57,1,0.08,NDR-fold,23,2.8,0.0876832,1.24551,1
54,17.57,1,0.08,NDR-fold,24,2.91667,0.0860045,1.25085,1
54,17.57,1,0.08,NDR-fold,25,3.03333,0.0844058,1.25603,1
54,17.57,1,0.08,NDR-fold,26,3.15,0.0828813,1.26108,1
54,17.57,1,0.08,NDR-fold,27,3.26667,0.0814256,1.26599,1
54,17.57,1,0.08,NDR-fold,28,3.38333,0.0800339,1.27078,1
54,17.57,1,0.08,NDR-fold,29,3.5,0.0787019,1.27546,1
54,17.57,1,0.08,NDR-fold,30,3.61667,0.0774256,1.28002,1
54,17.57,1,0.08,NDR-fold,31,3.73333,0.0762012,1.28448,1
54,17.57,1,0.08,NDR-fold,32,3.85,0.0750256,1.28885,1
54,17.57,1,0.08,NDR-fold,33,3.96667,0.0738957,1.29312,1
54,17.57,1,0.08,NDR-fold,34,4.08333,0.0728086,1.2973,1
54,17.57,1,0.08,NDR-fold,35,4.2,0.0717619,1.3014,1
54,17.57,1,0.08,NDR-fold,36,4.31667,0.0707532,1.30542,1
54,17.57,1,0.08,NDR-fold,37,4.43333,0.0697802,1.30936,1
54,17.57,1,0.08,NDR-fold,38,4.55,0.068841,1.31323,1
54,17.57,1,0.08,NDR-fold,39,4.66667,0.0679338,1.31702,1
54,17.57,1,0.08,NDR-fold,40,4.78333,0.0670568,1.32076,1
54,17.57,1,0.08,NDR-fold,41,4.9,0.0662085,1.32442,1
54,17.57,1,0.08,NDR-fold,42,5.01667,0.0653873,1.32803,1
54,17.57,1,0.08,NDR-fold,43,5.13333,0.0645919,1.33157,1
54,17.57,1,0.08,NDR-fold,44,5.25,0.063821,1.33506,1
54,17.57,1,0.08,NDR-fold,45,5.36667,0.0630733,1.33849,1
54,17.57,1,0.08,NDR-fold,46,5.48333,0.0623479,1.34187,1
54,17.57,1,0.08,NDR-fold,47,5.6,0.0616436,1.3452,1
54,17.57,1,0.08,NDR-fold,48,5.71667,0.0609595,1.34848,1
54,17.57,1,0.08,NDR-fold,49,5.83333,0.0602946,1.35172,1
54,17.57,1,0.08,NDR-fold,50,5.95,0.0596481,1.35491,1
54,17.57,1,0.08,NDR-fold,51,6.06667,0.0590191,1.35805,1
54,17.57,1,0.08,NDR-fold,52,6.18333,0.058407,1.36115,1
54,17.57,1,0.08,NDR-fold,53,6.3,0.057811,1.36421,1
54,17.57,1,0.08,NDR-fold,54,6.41667,0.0572304,1.36723,1
54,17.57,1,0.08,NDR-fold,55,6.53333,0.0566646,1.37021,1
54,17.57,1,0.08,NDR-fold,56,6.65,0.056113,1.37315,1
54,17.57,1,0.08,NDR-fold,57,6.76667,0.055575,1.37606,1
54,17.57,1,0.08,NDR-fold,58,6.88333,0.0550501,1.37893,1
54,17.57,1,0.08,NDR-fold,59,7,0.0545378,1.38176,1
55,20,1,0.08,NDR-fold,0,0.116667,0.0939282,1.01096,1
55,20,1,0.08,NDR-fold,1,0.233333,0.12968,1.03026,1
55,20,1,0.08,NDR-fold,2,0.35,0.138676,1.04854,1
55,20,1,0.08,NDR-fold,3,0.466667,0.138536,1.06465,1
55,20,1,0.08,NDR-fold,4,0.583333,0.135199,1.07887,1
55,20,1,0.08,NDR-fold,5,0.7,0.13079,1.09155,1
55,20,1,0.08,NDR-fold,6,0.816667,0.126139,1.10301,1
55,20,1,0.08,NDR-fold,7,0.933333,0.121579,1.11347,1
55,20,1,0.08,NDR-fold,8,1.05,0.117246,1.12311,1
55,20,1,0.08,NDR-fold,9,1.16667,0.113184,1.13205,1
55,20,1,0.08,NDR-fold,10,1.28333,0.109399,1.1404,1
55,20,1,0.08,NDR-fold,11,1.4,0.10588,1.14823,1
55,20,1,0.08,NDR-fold,12,1.51667,0.10261,1.15562,1
55,20,1,0.08,NDR-fold,13,1.63333,0.0995665,1.16263,1
55,20,1,0.08,NDR-fold,14,1.75,0.0967308,1.16928,1
55,20,1,0.08,NDR-fold,15,1.86667,0.0940832,1.17562,1
55,20,1,0.08,NDR-fold,16,1.98333,0.0916065,1.18169,1
55,20,1,0.08,NDR-fold,17,2.1,0.0892847,1.1875,1
55,20,1,0.08,NDR-fold,18,2.21667,0.0871036,1.19308,1
55,20,1,0.08,NDR-fold,19,2.33333,0.0850508,1.19845,1
55,20,1,0.08,NDR-fold,20,2.45,0.0831149,1.20363,1
55,20,1,0.08,NDR-fold,21,2.56667,0.0812859,1.20863,1
55,20,1,0.08,NDR-fold,22,2.68333,0.0795548,1.21347,1
55,20,1,0.08,NDR-fold,23,2.8,0.0779137,1.21816,1
55,20,1,0.08,NDR-fold,24,2.91667,0.0763553,1.2227,1
55,20,1,0.08,NDR-fold,25,3.03333,0.0748733,1.22712,1
55,20,1,0.08,NDR-fold,26,3.15,0.0734619,1.23141,1
55,20,1,0.08,NDR-fold,27,3.26667,0.0721159,1.23558,1
55,20,1,0.08,NDR-fold,28,3.38333,0.0708305,1.23964,1
55,20,1,0.08,NDR-fold,29,3.5,0.0696016,1.24361,1
55,20,1,0.08,NDR-fold,30,3.61667,0.0684252,1.24747,1
55,20,1,0.08,NDR-fold,31,3.73333,0.0672979,1.25125,1
55,20,1,0.08,NDR-fold,32,3.85,0.0662165,1.25493,1
55,20,1,0.08,NDR-fold,33,3.96667,0.065178,1.25854,1
55,20,1,0.08,NDR-fold,34,4.08333,0.0641797,1.26207,1
55,20,1,0.08,NDR-fold,35,4.2,0.0632193,1.26552,1
55,20,1,0.08,NDR-fold,36,4.31667,0.0622944,1.2689,1
55,20,1,0.08,NDR-fold,37,4.43333,0.061403,1.27222,1
55,20,1,0.08,NDR-fold,38,4.55,0.0605432,1.27547,1
55,20,1,0.08,NDR-fold,39,4.66667,0.0597132,1.27866,1
55,20,1,0.08,NDR-fold,40,4.78333,0.0589114,1.28179,1
55,20,1,0.08,NDR-fold,41,4.9,0.0581363,1.28487,1
55,20,1,0.08,NDR-fold,42,5.01667,0.0573865,1.28789,1
55,20,1,0.08,NDR-fold,43,5.13333,0.0566607,1.29086,1
55,20,1,0.08,NDR-fold,44,5.25,0.0559576,1.29378,1
55,20,1,0.08,NDR-fold,45,5.36667,0.0552761,1.29665,1
55,20,1,0.08,NDR-fold,46,5.48333,0.0546153,1.29947,1
55,20,1,0.08,NDR-fold,47,5.6,0.053974,1.30225,1
55,20,1,0.08,NDR-fold,48,5.71667,0.0533514,1.30499,1
55,20,1,0.08,NDR-fold,49,5.83333,0.0527467,1.30769,1
55,20,1,0.08,NDR-fold,50,5.95,0.0521589,1.31035,1
55,20,1,0.08,NDR-fold,51,6.06667,0.0515874,1.31296,1
55,20,1,0.08,NDR-fold,52,6.18333,0.0510315,1.31554,1
55,20,1,0.08,NDR-fold,53,6.3,0.0504904,1.31809,1
55,20,1,0.08,NDR-fold,54,6.41667,0.0499635,1.3206,1
55,20,1,0.08,NDR-fold,55,6.53333,0.0494503,1.32308,1
55,20,1,0.08,NDR-fold,56,6.65,0.0489502,1.32552,1
55,20,1,0.08,NDR-fold,57,6.76667,0.0484626,1.32793,1
55,20,1,0.08,NDR-fold,58,6.88333,0.0479871,1.33031,1
55,20,1,0.08,NDR-fold,59,7,0.0475232,1.33266,1
56,3,2,0.08,monotone,0,0.116667,0.11437,1.00667,1
56,3,2,0.08,monotone,1,0.233333,0.216696,1.02528,1
56,3,2,0.08,monotone,2,0.35,0.301186,1.05271,1
56,3,2,0.08,monotone,3,0.466667,0.368091,1.08589,1
56,3,2,0.08,monotone,4,0.583333,0.420361,1.12261,1
56,3,2,0.08,monotone,5,0.7,0.4613,1.16145,1
56,3,2,0.08,monotone,6,0.816667,0.493695,1.20159,1
56,3,2,0.08,monotone,7,0.933333,0.519681,1.24252,1
56,3,2,0.08,monotone,8,1.05,0.540832,1.28394,1
56,3,2,0.08,monotone,9,1.16667,0.558303,1.32568,1
56,3,2,0.08,monotone,10,1.28333,0.57294,1.36764,1
56,3,2,0.08,monotone,11,1.4,0.585372,1.40976,1
56,3,2,0.08,monotone,12,1.51667,0.59607,1.45202,1
56,3,2,0.08,monotone,13,1.63333,0.605389,1.4944,1
56,3,2,0.08,monotone,14,1.75,0.613603,1.5369,1
56,3,2,0.08,monotone,15,1.86667,0.620924,1.57953,1
56,3,2,0.08,monotone,16,1.98333,0.627518,1.62229,1
56,3,2,0.08,monotone,17,2.1,0.633517,1.66519,1
56,3,2,0.08,monotone,18,2.21667,0.639024,1.70825,1
56,3,2,0.08,monotone,19,2.33333,0.644124,1.75148,1
56,3,2,0.08,monotone,20,2.45,0.648887,1.79489,1
56,3,2,0.08,monotone,21,2.56667,0.653367,1.83849,1
56,3,2,0.08,monotone,22,2.68333,0.657611,1.8823,1
56,3,2,0.08,monotone,23,2.8,0.661657,1.92632,1
56,3,2,0.08,monotone,24,2.91667,0.665537,1.97058,1
56,3,2,0.08,monotone,25,3.03333,0.669278,2.01507,1
56,3,2,0.08,monotone,26,3.15,0.6729,2.05982,1
56,3,2,0.08,monotone,27,3.26667,0.676425,2.10483,1
56,3,2,0.08,monotone,28,3.38333,0.679866,2.15011,1
56,3,2,0.08,monotone,29,3.5,0.683239,2.19567,1
56,3,2,0.08,monotone,30,3.61667,0.686555,2.24152,1
56,3,2,0.08,monotone,31,3.73333,0.689823,2.28767,1
56,3,2,0.08,monotone,32,3.85,0.693053,2.33413,1
56,3,2,0.08,monotone,33,3.96667,0.696251,2.3809,1
56,3,2,0.08,monotone,34,4.08333,0.699425,2.42799,1
56,3,2,0.08,monotone,35,4.2,0.702579,2.47542,1
56,3,2,0.08,monotone,36,4.31667,0.705719,2.52318,1
56,3,2,0.08,monotone,37,4.43333,0.708848,2.57128,1
56,3,2,0.08,monotone,38,4.55,0.711971,2.61973,1
56,3,2,0.08,monotone,39,4.66667,0.71509,2.66854,1
56,3,2,0.08,monotone,40,4.78333,0.718209,2.71772,1
56,3,2,0.08,monotone,41,4.9,0.72133,2.76726,1
56,3,2,0.08,monotone,42,5.01667,0.724454,2.81717,1
56,3,2,0.08,monotone,43,5.13333,0.727584,2.86747,1
56,3,2,0.08,monotone,44,5.25,0.730722,2.91815,1
56,3,2,0.08,monotone,45,5.36667,0.733869,2.96921,1
56,3,2,0.08,monotone,46,5.48333,0.737026,3.02068,1
56,3,2,0.08,monotone,47,5.6,0.740194,3.07254,1
56,3,2,0.08,monotone,48,5.71667,0.743374,3.12481,1
56,3,2,0.08,monotone,49,5.83333,0.746567,3.17749,1
56,3,2,0.08,monotone,50,5.95,0.749775,3.23058,1
56,3,2,0.08,monotone,51,6.06667,0.752996,3.28409,1
56,3,2,0.08,monotone,52,6.18333,0.756233,3.33802,1
56,3,2,0.08,monotone,53,6.3,0.759485,3.39238,1
56,3,2,0.08,monotone,54,6.41667,0.762753,3.44717,1
56,3,2,0.08,monotone,55,6.53333,0.766037,3.50239,1
56,3,2,0.08,monotone,56,6.65,0.769338,3.55805,1
56,3,2,0.08,monotone,57,6.76667,0.772656,3.61415,1
56,3,2,0.08,monotone,58,6.88333,0.775991,3.6707,1
56,3,2,0.08,monotone,59,7,0.779343,3.7277,1
57,5.429,2,0.08,NDR-fold,0,0.116667,0.112606,1.00657,1
57,5.429,2,0.08,NDR-fold,1,0.233333,0.205485,1.02397,1
57,5.429,2,0.08,NDR-fold,2,0.35,0.273207,1.04781,1
57,5.429,2,0.08,NDR-fold,3,0.466667,0.320029,1.07467,1
57,5.429,2,0.08,NDR-fold,4,0.583333,0.351924,1.10264,1
57,5.429,2,0.08,NDR-fold,5,0.7,0.373634,1.13077,1
57,5.429,2,0.08,NDR-fold,6,0.816667,0.388423,1.15861,1
57,5.429,2,0.08,NDR-fold,7,0.933333,0.398459,1.18595,1
57,5.429,2,0.08,NDR-fold,8,1.05,0.405181,1.21272,1
57,5.429,2,0.08,NDR-fold,9,1.16667,0.409556,1.23891,1
57,5.429,2,0.08,NDR-fold,10,1.28333,0.412246,1.26452,1
57,5.429,2,0.08,NDR-fold,11,1.4,0.41371,1.2896,1
57,5.429,2,0.08,NDR-fold,12,1.51667,0.414276,1.31416,1
57,5.429,2,0.08,NDR-fold,13,1.63333,0.414177,1.33824,1
57,5.429,2,0.08,NDR-fold,14,1.75,0.413586,1.36189,1
57,5.429,2,0.08,NDR-fold,15,1.86667,0.412628,1.38512,1
57,5.429,2,0.08,NDR-fold,16,1.98333,0.411399,1.40797,1
57,5.429,2,0.08,NDR-fold,17,2.1,0.40997,1.43047,1
57,5.429,2,0.08,NDR-fold,18,2.21667,0.408395,1.45264,1
57,5.429,2,0.08,NDR-fold,19,2.33333,0.406715,1.4745,1
57,5.429,2,0.08,NDR-fold,20,2.45,0.404964,1.49608,1
57,5.429,2,0.08,NDR-fold,21,2.56667,0.403166,1.5174,1
57,5.429,2,0.08,NDR-fold,22,2.68333,0.40134,1.53846,1
57,5.429,2,0.08,NDR-fold,23,2.8,0.399501,1.5593,1
57,5.429,2,0.08,NDR-fold,24,2.91667,0.397661,1.57992,1
57,5.429,2,0.08,NDR-fold,25,3.03333,0.395829,1.60034,1
57,5.429,2,0.08,NDR-fold,26,3.15,0.394012,1.62057,1
57,5.429,2,0.08,NDR-fold,27,3.26667,0.392215,1.64062,1
57,5.429,2,0.08,NDR-fold,28,3.38333,0.390444,1.6605,1
57,5.429,2,0.08,NDR-fold,29,3.5,0.3887,1.68022,1
57,5.429,2,0.08,NDR-fold,30,3.61667,0.386986,1.6998,1
57,5.429,2,0.08,NDR-fold,31,3.73333,0.385305,1.71924,1
57,5.429,2,0.08,NDR-fold,32,3.85,0.383657,1.73854,1
57,5.429,2,0.08,NDR-fold,33,3.96667,0.382042,1.75772,1
57,5.429,2,0.08,NDR-fold,34,4.08333,0.380463,1.77678,1
57,5.429,2,0.08,NDR-fold,35,4.2,0.378917,1.79573,1
57,5.429,2,0.08,NDR-fold,36,4.31667,0.377407,1.81457,1
57,5.429,2,0.08,NDR-fold,37,4.43333,0.375931,1.83331,1
57,5.429,2,0.08,NDR-fold,38,4.55,0.374489,1.85196,1
57,5.429,2,0.08,NDR-fold,39,4.66667,0.373081,1.87052,1
57,5.429,2,0.08,NDR-fold,40,4.78333,0.371707,1.889,1
57,5.429,2,0.08,NDR-fold,41,4.9,0.370365,1.90739,1
57,5.429,2,0.08,NDR-fold,42,5.01667,0.369055,1.92571,1
57,5.429,2,0.08,NDR-fold,43,5.13333,0.367776,1.94396,1
57,5.429,2,0.08,NDR-fold,44,5.25,0.366528,1.96214,1
57,5.429,2,0.08,NDR-fold,45,5.36667,0.36531,1.98025,1
57,5.429,2,0.08,NDR-fold,46,5.48333,0.364122,1.9983,1
57,5.429,2,0.08,NDR-fold,47,5.6,0.362963,2.0163,1
57,5.429,2,0.08,NDR-fold,48,5.71667,0.361831,2.03423,1
57,5.429,2,0.08,NDR-fold,49,5.83333,0.360727,2.05212,1
57,5.429,2,0.08,NDR-fold,50,5.95,0.359649,2.06996,1
57,5.429,2,0.08,NDR-fold,51,6.06667,0.358597,2.08775,1
57,5.429,2,0.08,NDR-fold,52,6.18333,0.357571,2.10549,1
57,5.429,2,0.08,NDR-fold,53,6.3,0.356569,2.12319,1
57,5.429,2,0.08,NDR-fold,54,6.41667,0.355592,2.14086,1
57,5.429,2,0.08,NDR-fold,55,6.53333,0.354637,2.15848,1
57,5.429,2,0.08,NDR-fold,56,6.65,0.353706,2.17607,1
57,5.429,2,0.08,NDR-fold,57,6.76667,0.352797,2.19363,1
57,5.429,2,0.08,NDR-fold,58,6.88333,0.351909,2.21115,1
57,5.429,2,0.08,NDR-fold,59,7,0.351042,2.22865,1
58,7.857,2,0.08,NDR-fold,0,0.116667,0.11092,1.00647,1
58,7.857,2,0.08,NDR-fold,1,0.233333,0.195783,1.02284,1
58,7.857,2,0.08,NDR-fold,2,0.35,0.251358,1.04399,1
58,7.857,2,0.08,NDR-fold,3,0.466667,0.285627,1.06665,1
58,7.857,2,0.08,NDR-fold,4,0.583333,0.306266,1.08933,1
58,7.857,2,0.08,NDR-fold,5,0.7,0.318393,1.11144,1
58,7.857,2,0.08,NDR-fold,6,0.816667,0.325154,1.13277,1
58,7.857,2,0.08,NDR-fold,7,0.933333,0.328471,1.15329,1
58,7.857,2,0.08,NDR-fold,8,1.05,0.329538,1.17301,1
58,7.857,2,0.08,NDR-fold,9,1.16667,0.329116,1.19198,1
58,7.857,2,0.08,NDR-fold,10,1.28333,0.327702,1.21028,1
58,7.857,2,0.08,NDR-fold,11,1.4,0.325623,1.22794,1
58,7.857,2,0.08,NDR-fold,12,1.51667,0.323105,1.24502,1
58,7.857,2,0.08,NDR-fold,13,1.63333,0.3203,1.26158,1
58,7.857,2,0.08,NDR-fold,14,1.75,0.317317,1.27765,1
58,7.857,2,0.08,NDR-fold,15,1.86667,0.31423,1.29328,1
58,7.857,2,0.08,NDR-fold,16,1.98333,0.311092,1.3085,1
58,7.857,2,0.08,NDR-fold,17,2.1,0.307942,1.32334,1
58,7.857,2,0.08,NDR-fold,18,2.21667,0.304807,1.33783,1
58,7.857,2,0.08,NDR-fold,19,2.33333,0.301705,1.35199,1
58,7.857,2,0.08,NDR-fold,20,2.45,0.298651,1.36585,1
58,7.857,2,0.08,NDR-fold,21,2.56667,0.295653,1.37942,1
58,7.857,2,0.08,NDR-fold,22,2.68333,0.292718,1.39273,1
58,7.857,2,0.08,NDR-fold,23,2.8,0.28985,1.40579,1
58,7.857,2,0.08,NDR-fold,24,2.91667,0.28705,1.41861,1
58,7.857,2,0.08,NDR-fold,25,3.03333,0.28432,1.43122,1
58,7.857,2,0.08,NDR-fold,26,3.15,0.28166,1.44361,1
58,7.857,2,0.08,NDR-fold,27,3.26667,0.27907,1.45581,1
58,7.857,2,0.08,NDR-fold,28,3.38333,0.276548,1.46783,1
58,7.857,2,0.08,NDR-fold,29,3.5,0.274093,1.47966,1
58,7.857,2,0.08,NDR-fold,30,3.61667,0.271703,1.49133,1
58,7.857,2,0.08,NDR-fold,31,3.73333,0.269378,1.50284,1
58,7.857,2,0.08,NDR-fold,32,3.85,0.267114,1.51419,1
58,7.857,2,0.08,NDR-fold,33,3.96667,0.264911,1.52541,1
58,7.857,2,0.08,NDR-fold,34,4.08333,0.262765,1.53648,1
58,7.857,2,0.08,NDR-fold,35,4.2,0.260676,1.54742,1
58,7.857,2,0.08,NDR-fold,36,4.31667,0.258641,1.55823,1
58,7.857,2,0.08,NDR-fold,37,4.43333,0.256658,1.56892,1
58,7.857,2,0.08,NDR-fold,38,4.55,0.254726,1.5795,1
58,7.857,2,0.08,NDR-fold,39,4.66667,0.252842,1.58997,1
58,7.857,2,0.08,NDR-fold,40,4.78333,0.251006,1.60032,1
58,7.857,2,0.08,NDR-fold,41,4.9,0.249215,1.61058,1
58,7.857,2,0.08,NDR-fold,42,5.01667,0.247467,1.62073,1
58,7.857,2,0.08,NDR-fold,43,5.13333,0.245762,1.63079,1
58,7.857,2,0.08,NDR-fold,44,5.25,0.244098,1.64076,1
58,7.857,2,0.08,NDR-fold,45,5.36667,0.242473,1.65064,1
58,7.857,2,0.08,NDR-fold,46,5.48333,0.240886,1.66043,1
58,7.857,2,0.08,NDR-fold,47,5.6,0.239335,1.67014,1
58,7.857,2,0.08,NDR-fold,48,5.71667,0.23782,1.67977,1
58,7.857,2,0.08,NDR-fold,49,5.83333,0.236339,1.68932,1
58,7.857,2,0.08,NDR-fold,50,5.95,0.23489,1.6988,1
58,7.857,2,0.08,NDR-fold,51,6.06667,0.233474,1.7082,1
58,7.857,2,0.08,NDR-fold,52,6.18333,0.232088,1.71754,1
58,7.857,2,0.08,NDR-fold,53,6.3,0.230733,1.72681,1
58,7.857,2,0.08,NDR-fold,54,6.41667,0.229405,1.73601,1
58,7.857,2,0.08,NDR-fold,55,6.53333,0.228106,1.74515,1
58,7.857,2,0.08,NDR-fold,56,6.65,0.226834,1.75422,1
58,7.857,2,0.08,NDR-fold,57,6.76667,0.225588,1.76324,1
58,7.857,2,0.08,NDR-fold,58,6.88333,0.224367,1.77219,1
58,7.857,2,0.08,NDR-fold,59,7,0.22317,1.7811,1
59,10.29,2,0.08,NDR-fold,0,0.116667,0.109306,1.00638,1
59,10.29,2,0.08,NDR-fold,1,0.233333,0.18727,1.02185,1
59,10.29,2,0.08,NDR-fold,2,0.35,0.23366,1.04089,1
59,10.29,2,0.08,NDR-fold,3,0.466667,0.259436,1.06054,1
59,10.29,2,0.08,NDR-fold,4,0.583333,0.273111,1.07966,1
59,10.29,2,0.08,NDR-fold,5,0.7,0.279734,1.09791,1
59,10.29,2,0.08,NDR-fold,6,0.816667,0.282177,1.11522,1
59,10.29,2,0.08,NDR-fold,7,0.933333,0.282092,1.13164,1
59,10.29,2,0.08,NDR-fold,8,1.05,0.280461,1.14724,1
59,10.29,2,0.08,NDR-fold,9,1.16667,0.27788,1.1621,1
59,10.29,2,0.08,NDR-fold,10,1.28333,0.274724,1.17628,1
59,10.29,2,0.08,NDR-fold,11,1.4,0.271232,1.18986,1
59,10.29,2,0.08,NDR-fold,12,1.51667,0.267558,1.2029,1
59,10.29,2,0.08,NDR-fold,13,1.63333,0.263804,1.21544,1
59,10.29,2,0.08,NDR-fold,14,1.75,0.260038,1.22753,1
59,10.29,2,0.08,NDR-fold,15,1.86667,0.256304,1.23922,1
59,10.29,2,0.08,NDR-fold,16,1.98333,0.252631,1.25053,1
59,10.29,2,0.08,NDR-fold,17,2.1,0.249038,1.26149,1
59,10.29,2,0.08,NDR-fold,18,2.21667,0.245535,1.27213,1
59,10.29,2,0.08,NDR-fold,19,2.33333,0.242131,1.28249,1
59,10.29,2,0.08,NDR-fold,20,2.45,0.238827,1.29256,1
59,10.29,2,0.08,NDR-fold,21,2.56667,0.235625,1.30239,1
59,10.29,2,0.08,NDR-fold,22,2.68333,0.232525,1.31197,1
59,10.29,2,0.08,NDR-fold,23,2.8,0.229524,1.32133,1
59,10.29,2,0.08,NDR-fold,24,2.91667,0.22662,1.33049,1
59,10.29,2,0.08,NDR-fold,25,3.03333,0.223809,1.33944,1
59,10.29,2,0.08,NDR-fold,26,3.15,0.22109,1.34822,1
59,10.29,2,0.08,NDR-fold,27,3.26667,0.218458,1.35681,1
59,10.29,2,0.08,NDR-fold,28,3.38333,0.21591,1.36525,1
59,10.29,2,0.08,NDR-fold,29,3.5,0.213442,1.37352,1
59,10.29,2,0.08,NDR-fold,30,3.61667,0.211051,1.38165,1
59,10.29,2,0.08,NDR-fold,31,3.73333,0.208735,1.38964,1
59,10.29,2,0.08,NDR-fold,32,3.85,0.206489,1.39749,1
59,10.29,2,0.08,NDR-fold,33,3.96667,0.20431,1.40522,1
59,10.29,2,0.08,NDR-fold,34,4.08333,0.202196,1.41282,1
59,10.29,2,0.08,NDR-fold,35,4.2,0.200144,1.4203,1
59,10.29,2,0.08,NDR-fold,36,4.31667,0.198152,1.42768,1
59,10.29,2,0.08,NDR-fold,37,4.43333,0.196216,1.43494,1
59,10.29,2,0.08,NDR-fold,38,4.55,0.194334,1.44211,1
59,10.29,2,0.08,NDR-fold,39,4.66667,0.192504,1.44918,1
59,10.29,2,0.08,NDR-fold,40,4.78333,0.190724,1.45615,1
59,10.29,2,0.08,NDR-fold,41,4.9,0.188991,1.46303,1
59,10.29,2,0.08,NDR-fold,42,5.01667,0.187305,1.46982,1
59,10.29,2,0.08,NDR-fold,43,5.13333,0.185662,1.47653,1
59,10.29,2,0.08,NDR-fold,44,5.25,0.184061,1.48316,1
59,10.29,2,0.08,NDR-fold,45,5.36667,0.182501,1.48971,1
59,10.29,2,0.08,NDR-fold,46,5.48333,0.180979,1.49618,1
59,10.29,2,0.08,NDR-fold,47,5.6,0.179495,1.50259,1
59,10.29,2,0.08,NDR-fold,48,5.71667,0.178047,1.50892,1
59,10.29,2,0.08,NDR-fold,49,5.83333,0.176633,1.51518,1
59,10.29,2,0.08,NDR-fold,50,5.95,0.175253,1.52138,1
59,10.29,2,0.08,NDR-fold,51,6.06667,0.173904,1.52751,1
59,10.29,2,0.08,NDR-fold,52,6.18333,0.172586,1.53358,1
59,10.29,2,0.08,NDR-fold,53,6.3,0.171298,1.53959,1
59,10.29,2,0.08,NDR-fold,54,6.41667,0.170039,1.54554,1
59,10.29,2,0.08,NDR-fold,55,6.53333,0.168807,1.55144,1
59,10.29,2,0.08,NDR-fold,56,6.65,0.167602,1.55728,1
59,10.29,2,0.08,NDR-fold,57,6.76667,0.166423,1.56306,1
59,10.29,2,0.08,NDR-fold,58,6.88333,0.165268,1.5688,1
59,10.29,2,0.08,NDR-fold,59,7,0.164138,1.57448,1
60,12.71,2,0.08,NDR-fold,0,0.116667,0.107759,1.00629,1
60,12.71,2,0.08,NDR-fold,1,0.233333,0.179714,1.02097,1
60,12.71,2,0.08,NDR-fold,2,0.35,0.218935,1.03831,1
60,12.71,2,0.08,NDR-fold,3,0.466667,0.238645,1.05568,1
60,12.71,2,0.08,NDR-fold,4,0.583333,0.247683,1.07224,1
60,12.71,2,0.08,NDR-fold,5,0.7,0.250855,1.0878,1
60,12.71,2,0.08,NDR-fold,6,0.816667,0.250735,1.10238,1
60,12.71,2,0.08,NDR-fold,7,0.933333,0.248739,1.11608,1
60,12.71,2,0.08,NDR-fold,8,1.05,0.245675,1.12898,1
60,12.71,2,0.08,NDR-fold,9,1.16667,0.242017,1.14118,1
60,12.71,2,0.08,NDR-fold,10,1.28333,0.238049,1.15275,1
60,12.71,2,0.08,NDR-fold,11,1.4,0.233947,1.16376,1
60,12.71,2,0.08,NDR-fold,12,1.51667,0.229819,1.17428,1
60,12.71,2,0.08,NDR-fold,13,1.63333,0.225733,1.18435,1
60,12.71,2,0.08,NDR-fold,14,1.75,0.221729,1.19401,1
60,12.71,2,0.08,NDR-fold,15,1.86667,0.217832,1.20331,1
60,12.71,2,0.08,NDR-fold,16,1.98333,0.214055,1.21227,1
60,12.71,2,0.08,NDR-fold,17,2.1,0.210407,1.22093,1
60,12.71,2,0.08,NDR-fold,18,2.21667,0.206888,1.2293,1
60,12.71,2,0.08,NDR-fold,19,2.33333,0.203498,1.23741,1
60,12.71,2,0.08,NDR-fold,20,2.45,0.200234,1.24529,1
60,12.71,2,0.08,NDR-fold,21,2.56667,0.197093,1.25294,1
60,12.71,2,0.08,NDR-fold,22,2.68333,0.19407,1.26038,1
60,12.71,2,0.08,NDR-fold,23,2.8,0.191159,1.26762,1
60,12.71,2,0.08,NDR-fold,24,2.91667,0.188357,1.27469,1
60,12.71,2,0.08,NDR-fold,25,3.03333,0.185658,1.28158,1
60,12.71,2,0.08,NDR-fold,26,3.15,0.183057,1.28831,1
60,12.71,2,0.08,NDR-fold,27,3.26667,0.180549,1.2949,1
60,12.71,2,0.08,NDR-fold,28,3.38333,0.17813,1.30134,1
60,12.71,2,0.08,NDR-fold,29,3.5,0.175794,1.30764,1
60,12.71,2,0.08,NDR-fold,30,3.61667,0.173538,1.31382,1
60,12.71,2,0.08,NDR-fold,31,3.73333,0.171359,1.31987,1
60,12.71,2,0.08,NDR-fold,32,3.85,0.169251,1.32581,1
60,12.71,2,0.08,NDR-fold,33,3.96667,0.167212,1.33164,1
60,12.71,2,0.08,NDR-fold,34,4.08333,0.165238,1.33736,1
60,12.71,2,0.08,NDR-fold,35,4.2,0.163326,1.34298,1
60,12.71,2,0.08,NDR-fold,36,4.31667,0.161473,1.34851,1
60,12.71,2,0.08,NDR-fold,37,4.43333,0.159676,1.35395,1
60,12.71,2,0.08,NDR-fold,38,4.55,0.157933,1.3593,1
60,12.71,2,0.08,NDR-fold,39,4.66667,0.156241,1.36456,1
60,12.71,2,0.08,NDR-fold,40,4.78333,0.154598,1.36975,1
60,12.71,2,0.08,NDR-fold,41,4.9,0.153001,1.37485,1
60,12.71,2,0.08,NDR-fold,42,5.01667,0.151449,1.37989,1
60,12.71,2,0.08,NDR-fold,43,5.13333,0.14994,1.38485,1
60,12.71,2,0.08,NDR-fold,44,5.25,0.148471,1.38974,1
60,12.71,2,0.08,NDR-fold,45,5.36667,0.147042,1.39456,1
60,12.71,2,0.08,NDR-fold,46,5.48333,0.14565,1.39932,1
60,12.71,2,0.08,NDR-fold,47,5.6,0.144294,1.40402,1
60,12.71,2,0.08,NDR-fold,48,5.71667,0.142972,1.40866,1
60,12.71,2,0.08,NDR-fold,49,5.83333,0.141683,1.41324,1
60,12.71,2,0.08,NDR-fold,50,5.95,0.140426,1.41777,1
60,12.71,2,0.08,NDR-fold,51,6.06667,0.1392,1.42224,1
60,12.71,2,0.08,NDR-fold,52,6.18333,0.138002,1.42666,1
60,12.71,2,0.08,NDR-fold,53,6.3,0.136833,1.43102,1
60,12.71,2,0.08,NDR-fold,54,6.41667,0.135691,1.43534,1
60,12.71,2,0.08,NDR-fold,55,6.53333,0.134575,1.43961,1
60,12.71,2,0.08,NDR-fold,56,6.65,0.133485,1.44384,1
60,12.71,2,0.08,NDR-fold,57,6.76667,0.132418,1.44802,1
60,12.71,2,0.08,NDR-fold,58,6.88333,0.131375,1.45215,1
60,12.71,2,0.08,NDR-fold,59,7,0.130355,1.45624,1
61,15.14,2,0.08,NDR-fold,0,0.116667,0.106274,1.0062,1
61,15.14,2,0.08,NDR-fold,1,0.233333,0.172945,1.02018,1
61,15.14,2,0.08,NDR-fold,2,0.35,0.206431,1.03613,1
61,15.14,2,0.08,NDR-fold,3,0.466667,0.221632,1.05171,1
61,15.14,2,0.08,NDR-fold,4,0.583333,0.22742,1.06633,1
61,15.14,2,0.08,NDR-fold,5,0.7,0.228296,1.0799,1
61,15.14,2,0.08,NDR-fold,6,0.816667,0.226555,1.09251,1
61,15.14,2,0.08,NDR-fold,7,0.933333,0.223415,1.10426,1
61,15.14,2,0.08,NDR-fold,8,1.05,0.219544,1.11526,1
61,15.14,2,0.08,NDR-fold,9,1.16667,0.215322,1.1256,1
61,15.14,2,0.08,NDR-fold,10,1.28333,0.210969,1.13537,1
61,15.14,2,0.08,NDR-fold,11,1.4,0.206614,1.14463,1
61,15.14,2,0.08,NDR-fold,12,1.51667,0.202331,1.15343,1
61,15.14,2,0.08,NDR-fold,13,1.63333,0.198165,1.16183,1
61,15.14,2,0.08,NDR-fold,14,1.75,0.194137,1.16987,1
61,15.14,2,0.08,NDR-fold,15,1.86667,0.19026,1.17758,1
61,15.14,2,0.08,NDR-fold,16,1.98333,0.186538,1.18498,1
61,15.14,2,0.08,NDR-fold,17,2.1,0.182969,1.19212,1
61,15.14,2,0.08,NDR-fold,18,2.21667,0.17955,1.199,1
61,15.14,2,0.08,NDR-fold,19,2.33333,0.176276,1.20566,1
61,15.14,2,0.08,NDR-fold,20,2.45,0.17314,1.2121,1
61,15.14,2,0.08,NDR-fold,21,2.56667,0.170135,1.21834,1
61,15.14,2,0.08,NDR-fold,22,2.68333,0.167255,1.2244,1
61,15.14,2,0.08,NDR-fold,23,2.8,0.164494,1.23029,1
61,15.14,2,0.08,NDR-fold,24,2.91667,0.161843,1.23602,1
61,15.14,2,0.08,NDR-fold,25,3.03333,0.159298,1.2416,1
61,15.14,2,0.08,NDR-fold,26,3.15,0.156853,1.24704,1
61,15.14,2,0.08,NDR-fold,27,3.26667,0.154501,1.25235,1
61,15.14,2,0.08,NDR-fold,28,3.38333,0.152238,1.25754,1
61,15.14,2,0.08,NDR-fold,29,3.5,0.150059,1.2626,1
61,15.14,2,0.08,NDR-fold,30,3.61667,0.147958,1.26756,1
61,15.14,2,0.08,NDR-fold,31,3.73333,0.145933,1.27241,1
61,15.14,2,0.08,NDR-fold,32,3.85,0.143978,1.27716,1
61,15.14,2,0.08,NDR-fold,33,3.96667,0.14209,1.28181,1
61,15.14,2,0.08,NDR-fold,34,4.08333,0.140265,1.28638,1
61,15.14,2,0.08,NDR-fold,35,4.2,0.138501,1.29085,1
61,15.14,2,0.08,NDR-fold,36,4.31667,0.136794,1.29525,1
61,15.14,2,0.08,NDR-fold,37,4.43333,0.135141,1.29956,1
61,15.14,2,0.08,NDR-fold,38,4.55,0.13354,1.3038,1
61,15.14,2,0.08,NDR-fold,39,4.66667,0.131988,1.30797,1
61,15.14,2,0.08,NDR-fold,40,4.78333,0.130482,1.31207,1
61,15.14,2,0.08,NDR-fold,41,4.9,0.129021,1.3161,1
61,15.14,2,0.08,NDR-fold,42,5.01667,0.127603,1.32007,1
61,15.14,2,0.08,NDR-fold,43,5.13333,0.126225,1.32398,1
61,15.14,2,0.08,NDR-fold,44,5.25,0.124885,1.32782,1
61,15.14,2,0.08,NDR-fold,45,5.36667,0.123583,1.33161,1
61,15.14,2,0.08,NDR-fold,46,5.48333,0.122316,1.33535,1
61,15.14,2,0.08,NDR-fold,47,5.6,0.121083,1.33903,1
61,15.14,2,0.08,NDR-fold,48,5.71667,0.119882,1.34266,1
61,15.14,2,0.08,NDR-fold,49,5.83333,0.118713,1.34624,1
61,15.14,2,0.08,NDR-fold,50,5.95,0.117573,1.34978,1
61,15.14,2,0.08,NDR-fold,51,6.06667,0.116462,1.35327,1
61,15.14,2,0.08,NDR-fold,52,6.18333,0.115378,1.35671,1
61,15.14,2,0.08,NDR-fold,53,6.3,0.11432,1.36011,1
61,15.14,2,0.08,NDR-fold,54,6.41667,0.113288,1.36347,1
61,15.14,2,0.08,NDR-fold,55,6.53333,0.112281,1.36678,1
61,15.14,2,0.08,NDR-fold,56,6.65,0.111297,1.37006,1
61,15.14,2,0.08,NDR-fold,57,6.76667,0.110335,1.3733,1
61,15.14,2,0.08,NDR-fold,58,6.88333,0.109395,1.3765,1
61,15.14,2,0.08,NDR-fold,59,7,0.108477,1.37967,1
62,17.57,2,0.08,NDR-fold,0,0.116667,0.104847,1.00612,1
62,17.57,2,0.08,NDR-fold,1,0.233333,0.166833,1.01946,1
62,17.57,2,0.08,NDR-fold,2,0.35,0.195637,1.03424,1
62,17.57,2,0.08,NDR-fold,3,0.466667,0.207386,1.04839,1
62,17.57,2,0.08,NDR-fold,4,0.583333,0.210808,1.06149,1
62,17.57,2,0.08,NDR-fold,5,0.7,0.210089,1.07353,1
62,17.57,2,0.08,NDR-fold,6,0.816667,0.207278,1.08464,1
62,17.57,2,0.08,NDR-fold,7,0.933333,0.203425,1.09493,1
62,17.57,2,0.08,NDR-fold,8,1.05,0.199089,1.10452,1
62,17.57,2,0.08,NDR-fold,9,1.16667,0.194574,1.1135,1
62,17.57,2,0.08,NDR-fold,10,1.28333,0.190052,1.12195,1
62,17.57,2,0.08,NDR-fold,11,1.4,0.185616,1.12993,1
62,17.57,2,0.08,NDR-fold,12,1.51667,0.181318,1.1375,1
62,17.57,2,0.08,NDR-fold,13,1.63333,0.177184,1.1447,1
62,17.57,2,0.08,NDR-fold,14,1.75,0.173225,1.15157,1
62,17.57,2,0.08,NDR-fold,15,1.86667,0.169442,1.15815,1
62,17.57,2,0.08,NDR-fold,16,1.98333,0.165833,1.16445,1
62,17.57,2,0.08,NDR-fold,17,2.1,0.162392,1.17051,1
62,17.57,2,0.08,NDR-fold,18,2.21667,0.159111,1.17635,1
62,17.57,2,0.08,NDR-fold,19,2.33333,0.155982,1.18198,1
62,17.57,2,0.08,NDR-fold,20,2.45,0.152996,1.18742,1
62,17.57,2,0.08,NDR-fold,21,2.56667,0.150144,1.19269,1
62,17.57,2,0.08,NDR-fold,22,2.68333,0.14742,1.19779,1
62,17.57,2,0.08,NDR-fold,23,2.8,0.144814,1.20274,1
62,17.57,2,0.08,NDR-fold,24,2.91667,0.14232,1.20755,1
62,17.57,2,0.08,NDR-fold,25,3.03333,0.13993,1.21223,1
62,17.57,2,0.08,NDR-fold,26,3.15,0.137639,1.21678,1
62,17.57,2,0.08,NDR-fold,27,3.26667,0.13544,1.22122,1
62,17.57,2,0.08,NDR-fold,28,3.38333,0.133328,1.22555,1
62,17.57,2,0.08,NDR-fold,29,3.5,0.131298,1.22977,1
62,17.57,2,0.08,NDR-fold,30,3.61667,0.129344,1.2339,1
62,17.57,2,0.08,NDR-fold,31,3.73333,0.127463,1.23793,1
62,17.57,2,0.08,NDR-fold,32,3.85,0.12565,1.24188,1
62,17.57,2,0.08,NDR-fold,33,3.96667,0.123902,1.24574,1
62,17.57,2,0.08,NDR-fold,34,4.08333,0.122214,1.24952,1
62,17.57,2,0.08,NDR-fold,35,4.2,0.120585,1.25323,1
62,17.57,2,0.08,NDR-fold,36,4.31667,0.11901,1.25686,1
62,17.57,2,0.08,NDR-fold,37,4.43333,0.117486,1.26043,1
62,17.57,2,0.08,NDR-fold,38,4.55,0.116012,1.26393,1
62,17.57,2,0.08,NDR-fold,39,4.66667,0.114585,1.26736,1
62,17.57,2,0.08,NDR-fold,40,4.78333,0.113202,1.27074,1
62,17.57,2,0.08,NDR-fold,41,4.9,0.111861,1.27406,1
62,17.57,2,0.08,NDR-fold,42,5.01667,0.11056,1.27732,1
62,17.57,2,0.08,NDR-fold,43,5.13333,0.109298,1.28053,1
62,17.57,2,0.08,NDR-fold,44,5.25,0.108072,1.28369,1
62,17.57,2,0.08,NDR-fold,45,5.36667,0.106881,1.2868,1
62,17.57,2,0.08,NDR-fold,46,5.48333,0.105723,1.28986,1
62,17.57,2,0.08,NDR-fold,47,5.6,0.104597,1.29287,1
62,17.57,2,0.08,NDR-fold,48,5.71667,0.103501,1.29584,1
62,17.57,2,0.08,NDR-fold,49,5.83333,0.102435,1.29877,1
62,17.57,2,0.08,NDR-fold,50,5.95,0.101396,1.30165,1
62,17.57,2,0.08,NDR-fold,51,6.06667,0.100384,1.3045,1
62,17.57,2,0.08,NDR-fold,52,6.18333,0.0993981,1.30731,1
62,17.57,2,0.08,NDR-fold,53,6.3,0.0984365,1.31008,1
62,17.57,2,0.08,NDR-fold,54,6.41667,0.0974986,1.31281,1
62,17.57,2,0.08,NDR-fold,55,6.53333,0.0965835,1.31551,1
62,17.57,2,0.08,NDR-fold,56,6.65,0.0956901,1.31817,1
62,17.57,2,0.08,NDR-fold,57,6.76667,0.0948178,1.3208,1
62,17.57,2,0.08,NDR-fold,58,6.88333,0.0939658,1.3234,1
62,17.57,2,0.08,NDR-fold,59,7,0.0931332,1.32597,1
63,20,2,0.08,NDR-fold,0,0.116667,0.103474,1.00604,1
63,20,2,0.08,NDR-fold,1,0.233333,0.161275,1.01882,1
63,20,2,0.08,NDR-fold,2,0.35,0.186197,1.03258,1
63,20,2,0.08,NDR-fold,3,0.466667,0.195236,1.04556,1
63,20,2,0.08,NDR-fold,4,0.583333,0.196886,1.05743,1
63,20,2,0.08,NDR-fold,5,0.7,0.195026,1.06826,1
63,20,2,0.08,NDR-fold,6,0.816667,0.191488,1.07819,1
63,20,2,0.08,NDR-fold,7,0.933333,0.187182,1.08735,1
63,20,2,0.08,NDR-fold,8,1.05,0.182577,1.09585,1
63,20,2,0.08,NDR-fold,9,1.16667,0.177921,1.10379,1
63,20,2,0.08,NDR-fold,10,1.28333,0.173346,1.11123,1
63,20,2,0.08,NDR-fold,11,1.4,0.168919,1.11824,1
63,20,2,0.08,NDR-fold,12,1.51667,0.164675,1.12488,1
63,20,2,0.08,NDR-fold,13,1.63333,0.160625,1.13118,1
63,20,2,0.08,NDR-fold,14,1.75,0.156773,1.13718,1
63,20,2,0.08,NDR-fold,15,1.86667,0.153113,1.14291,1
63,20,2,0.08,NDR-fold,16,1.98333,0.149637,1.14839,1
63,20,2,0.08,NDR-fold,17,2.1,0.146337,1.15365,1
63,20,2,0.08,NDR-fold,18,2.21667,0.143202,1.15872,1
63,20,2,0.08,NDR-fold,19,2.33333,0.140221,1.16359,1
63,20,2,0.08,NDR-fold,20,2.45,0.137385,1.1683,1
63,20,2,0.08,NDR-fold,21,2.56667,0.134684,1.17284,1
63,20,2,0.08,NDR-fold,22,2.68333,0.132109,1.17725,1
63,20,2,0.08,NDR-fold,23,2.8,0.129651,1.18151,1
63,20,2,0.08,NDR-fold,24,2.91667,0.127303,1.18565,1
63,20,2,0.08,NDR-fold,25,3.03333,0.125058,1.18967,1
63,20,2,0.08,NDR-fold,26,3.15,0.122909,1.19358,1
63,20,2,0.08,NDR-fold,27,3.26667,0.12085,1.19739,1
63,20,2,0.08,NDR-fold,28,3.38333,0.118875,1.2011,1
63,20,2,0.08,NDR-fold,29,3.5,0.116979,1.20471,1
63,20,2,0.08,NDR-fold,30,3.61667,0.115157,1.20824,1
63,20,2,0.08,NDR-fold,31,3.73333,0.113404,1.21169,1
63,20,2,0.08,NDR-fold,32,3.85,0.111717,1.21506,1
63,20,2,0.08,NDR-fold,33,3.96667,0.110093,1.21835,1
63,20,2,0.08,NDR-fold,34,4.08333,0.108526,1.22157,1
63,20,2,0.08,NDR-fold,35,4.2,0.107014,1.22473,1
63,20,2,0.08,NDR-fold,36,4.31667,0.105555,1.22782,1
63,20,2,0.08,NDR-fold,37,4.43333,0.104145,1.23085,1
63,20,2,0.08,NDR-fold,38,4.55,0.102781,1.23383,1
63,20,2,0.08,NDR-fold,39,4.66667,0.101462,1.23674,1
63,20,2,0.08,NDR-fold,40,4.78333,0.100185,1.23961,1
63,20,2,0.08,NDR-fold,41,4.9,0.0989475,1.24242,1
63,20,2,0.08,NDR-fold,42,5.01667,0.0977481,1.24518,1
63,20,2,0.08,NDR-fold,43,5.13333,0.0965848,1.2479,1
63,20,2,0.08,NDR-fold,44,5.25,0.095456,1.25057,1
63,20,2,0.08,NDR-fold,45,5.36667,0.09436,1.2532,1
63,20,2,0.08,NDR-fold,46,5.48333,0.0932952,1.25578,1
63,20,2,0.08,NDR-fold,47,5.6,0.0922604,1.25833,1
63,20,2,0.08,NDR-fold,48,5.71667,0.0912541,1.26083,1
63,20,2,0.08,NDR-fold,49,5.83333,0.0902752,1.2633,1
63,20,2,0.08,NDR-fold,50,5.95,0.0893224,1.26573,1
63,20,2,0.08,NDR-fold,51,6.06667,0.0883947,1.26813,1
63,20,2,0.08,NDR-fold,52,6.18333,0.0874909,1.27049,1
63,20,2,0.08,NDR-fold,53,6.3,0.0866102,1.27282,1
63,20,2,0.08,NDR-fold,54,6.41667,0.0857516,1.27512,1
63,20,2,0.08,NDR-fold,55,6.53333,0.0849142,1.27739,1
63,20,2,0.08,NDR-fold,56,6.65,0.0840972,1.27962,1
63,20,2,0.08,NDR-fold,57,6.76667,0.0832998,1.28183,1
63,20,2,0.08,NDR-fold,58,6.88333,0.0825212,1.28401,1
63,20,2,0.08,NDR-fold,59,7,0.0817608,1.28616,1
64,3,4,0.08,monotone,0,0.116667,0.115497,1.00337,1
64,3,4,0.08,monotone,1,0.233333,0.22446,1.01309,1
64,3,4,0.08,monotone,2,0.35,0.32235,1.02821,1
64,3,4,0.08,monotone,3,0.466667,0.407292,1.04752,1
64,3,4,0.08,monotone,4,0.583333,0.479477,1.06992,1
64,3,4,0.08,monotone,5,0.7,0.540213,1.09454,1
64,3,4,0.08,monotone,6,0.816667,0.591185,1.1207,1
64,3,4,0.08,monotone,7,0.933333,0.63405,1.14795,1
64,3,4,0.08,monotone,8,1.05,0.670271,1.17595,1
64,3,4,0.08,monotone,9,1.16667,0.701071,1.20448,1
64,3,4,0.08,monotone,10,1.28333,0.727446,1.23339,1
64,3,4,0.08,monotone,11,1.4,0.750197,1.26257,1
64,3,4,0.08,monotone,12,1.51667,0.769968,1.29195,1
64,3,4,0.08,monotone,13,1.63333,0.787274,1.32147,1
64,3,4,0.08,monotone,14,1.75,0.802532,1.35111,1
64,3,4,0.08,monotone,15,1.86667,0.816076,1.38084,1
64,3,4,0.08,monotone,16,1.98333,0.82818,1.41064,1
64,3,4,0.08,monotone,17,2.1,0.839066,1.44051,1
64,3,4,0.08,monotone,18,2.21667,0.848918,1.47044,1
64,3,4,0.08,monotone,19,2.33333,0.857888,1.50043,1
64,3,4,0.08,monotone,20,2.45,0.866102,1.53049,1
64,3,4,0.08,monotone,21,2.56667,0.873666,1.5606,1
64,3,4,0.08,monotone,22,2.68333,0.880668,1.59078,1
64,3,4,0.08,monotone,23,2.8,0.887183,1.62103,1
64,3,4,0.08,monotone,24,2.91667,0.893276,1.65135,1
64,3,4,0.08,monotone,25,3.03333,0.899,1.68174,1
64,3,4,0.08,monotone,26,3.15,0.904401,1.71222,1
64,3,4,0.08,monotone,27,3.26667,0.909521,1.74278,1
64,3,4,0.08,monotone,28,3.38333,0.914392,1.77342,1
64,3,4,0.08,monotone,29,3.5,0.919046,1.80417,1
64,3,4,0.08,monotone,30,3.61667,0.923509,1.83501,1
64,3,4,0.08,monotone,31,3.73333,0.927802,1.86595,1
64,3,4,0.08,monotone,32,3.85,0.931946,1.897,1
64,3,4,0.08,monotone,33,3.96667,0.935958,1.92816,1
64,3,4,0.08,monotone,34,4.08333,0.939853,1.95943,1
64,3,4,0.08,monotone,35,4.2,0.943646,1.99083,1
64,3,4,0.08,monotone,36,4.31667,0.947347,2.02235,1
64,3,4,0.08,monotone,37,4.43333,0.950967,2.05399,1
64,3,4,0.08,monotone,38,4.55,0.954517,2.08576,1
64,3,4,0.08,monotone,39,4.66667,0.958003,2.11767,1
64,3,4,0.08,monotone,40,4.78333,0.961435,2.14972,1
64,3,4,0.08,monotone,41,4.9,0.964817,2.1819,1
64,3,4,0.08,monotone,42,5.01667,0.968157,2.21423,1
64,3,4,0.08,monotone,43,5.13333,0.971459,2.24671,1
64,3,4,0.08,monotone,44,5.25,0.974728,2.27933,1
64,3,4,0.08,monotone,45,5.36667,0.97797,2.31211,1
64,3,4,0.08,monotone,46,5.48333,0.981187,2.34504,1
64,3,4,0.08,monotone,47,5.6,0.984382,2.37814,1
64,3,4,0.08,monotone,48,5.71667,0.98756,2.41139,1
64,3,4,0.08,monotone,49,5.83333,0.990724,2.44481,1
64,3,4,0.08,monotone,50,5.95,0.993874,2.47839,1
64,3,4,0.08,monotone,51,6.06667,0.997015,2.51214,1
64,3,4,0.08,monotone,52,6.18333,1.00015,2.54606,1
64,3,4,0.08,monotone,53,6.3,1.00327,2.58016,1
64,3,4,0.08,monotone,54,6.41667,1.0064,2.61443,1
64,3,4,0.08,monotone,55,6.53333,1.00952,2.64888,1
64,3,4,0.08,monotone,56,6.65,1.01264,2.68351,1
64,3,4,0.08,monotone,57,6.76667,1.01575,2.71832,1
64,3,4,0.08,monotone,58,6.88333,1.01887,2.75331,1
64,3,4,0.08,monotone,59,7,1.022,2.7885,1
65,5.429,4,0.08,NDR-fold,0,0.116667,0.114576,1.00334,1
65,5.429,4,0.08,NDR-fold,1,0.233333,0.21796,1.01271,1
65,5.429,4,0.08,NDR-fold,2,0.35,0.304066,1.02661,1
65,5.429,4,0.08,NDR-fold,3,0.466667,0.372282,1.04343,1
65,5.429,4,0.08,NDR-fold,4,0.583333,0.42495,1.06197,1
65,5.429,4,0.08,NDR-fold,5,0.7,0.465181,1.08141,1
65,5.429,4,0.08,NDR-fold,6,0.816667,0.49582,1.10123,1
65,5.429,4,0.08,NDR-fold,7,0.933333,0.51916,1.12114,1
65,5.429,4,0.08,NDR-fold,8,1.05,0.536954,1.14095,1
65,5.429,4,0.08,NDR-fold,9,1.16667,0.550514,1.16057,1
65,5.429,4,0.08,NDR-fold,10,1.28333,0.560821,1.17993,1
65,5.429,4,0.08,NDR-fold,11,1.4,0.568608,1.19901,1
65,5.429,4,0.08,NDR-fold,12,1.51667,0.574427,1.2178,1
65,5.429,4,0.08,NDR-fold,13,1.63333,0.578699,1.2363,1
65,5.429,4,0.08,NDR-fold,14,1.75,0.581745,1.25451,1
65,5.429,4,0.08,NDR-fold,15,1.86667,0.583815,1.27245,1
65,5.429,4,0.08,NDR-fold,16,1.98333,0.585103,1.29011,1
65,5.429,4,0.08,NDR-fold,17,2.1,0.585762,1.30752,1
65,5.429,4,0.08,NDR-fold,18,2.21667,0.585913,1.32469,1
65,5.429,4,0.08,NDR-fold,19,2.33333,0.585654,1.34163,1
65,5.429,4,0.08,NDR-fold,20,2.45,0.585061,1.35835,1
65,5.429,4,0.08,NDR-fold,21,2.56667,0.584199,1.37486,1
65,5.429,4,0.08,NDR-fold,22,2.68333,0.583119,1.39118,1
65,5.429,4,0.08,NDR-fold,23,2.8,0.581861,1.4073,1
65,5.429,4,0.08,NDR-fold,24,2.91667,0.580462,1.42325,1
65,5.429,4,0.08,NDR-fold,25,3.03333,0.578948,1.43904,1
65,5.429,4,0.08,NDR-fold,26,3.15,0.577344,1.45466,1
65,5.429,4,0.08,NDR-fold,27,3.26667,0.575669,1.47013,1
65,5.429,4,0.08,NDR-fold,28,3.38333,0.573939,1.48546,1
65,5.429,4,0.08,NDR-fold,29,3.5,0.572168,1.50065,1
65,5.429,4,0.08,NDR-fold,30,3.61667,0.570367,1.51571,1
65,5.429,4,0.08,NDR-fold,31,3.73333,0.568546,1.53064,1
65,5.429,4,0.08,NDR-fold,32,3.85,0.566711,1.54546,1
65,5.429,4,0.08,NDR-fold,33,3.96667,0.564871,1.56016,1
65,5.429,4,0.08,NDR-fold,34,4.08333,0.563031,1.57476,1
65,5.429,4,0.08,NDR-fold,35,4.2,0.561194,1.58925,1
65,5.429,4,0.08,NDR-fold,36,4.31667,0.559366,1.60365,1
65,5.429,4,0.08,NDR-fold,37,4.43333,0.557549,1.61795,1
65,5.429,4,0.08,NDR-fold,38,4.55,0.555746,1.63216,1
65,5.429,4,0.08,NDR-fold,39,4.66667,0.55396,1.64629,1
65,5.429,4,0.08,NDR-fold,40,4.78333,0.552192,1.66033,1
65,5.429,4,0.08,NDR-fold,41,4.9,0.550444,1.67429,1
65,5.429,4,0.08,NDR-fold,42,5.01667,0.548716,1.68818,1
65,5.429,4,0.08,NDR-fold,43,5.13333,0.547011,1.702,1
65,5.429,4,0.08,NDR-fold,44,5.25,0.545328,1.71574,1
65,5.429,4,0.08,NDR-fold,45,5.36667,0.543669,1.72942,1
65,5.429,4,0.08,NDR-fold,46,5.48333,0.542034,1.74304,1
65,5.429,4,0.08,NDR-fold,47,5.6,0.540422,1.75659,1
65,5.429,4,0.08,NDR-fold,48,5.71667,0.538836,1.77009,1
65,5.429,4,0.08,NDR-fold,49,5.83333,0.537273,1.78352,1
65,5.429,4,0.08,NDR-fold,50,5.95,0.535735,1.79691,1
65,5.429,4,0.08,NDR-fold,51,6.06667,0.534222,1.81024,1
65,5.429,4,0.08,NDR-fold,52,6.18333,0.532733,1.82352,1
65,5.429,4,0.08,NDR-fold,53,6.3,0.531269,1.83675,1
65,5.429,4,0.08,NDR-fold,54,6.41667,0.529828,1.84993,1
65,5.429,4,0.08,NDR-fold,55,6.53333,0.528411,1.86307,1
65,5.429,4,0.08,NDR-fold,56,6.65,0.527019,1.87617,1
65,5.429,4,0.08,NDR-fold,57,6.76667,0.525649,1.88922,1
65,5.429,4,0.08,NDR-fold,58,6.88333,0.524303,1.90224,1
65,5.429,4,0.08,NDR-fold,59,7,0.522979,1.91521,1
66,7.857,4,0.08,NDR-fold,0,0.116667,0.113676,1.00332,1
66,7.857,4,0.08,NDR-fold,1,0.233333,0.211981,1.01237,1
66,7.857,4,0.08,NDR-fold,2,0.35,0.288446,1.02524,1
66,7.857,4,0.08,NDR-fold,3,0.466667,0.344482,1.04019,1
66,7.857,4,0.08,NDR-fold,4,0.583333,0.384399,1.05606,1
66,7.857,4,0.08,NDR-fold,5,0.7,0.412457,1.07218,1
66,7.857,4,0.08,NDR-fold,6,0.816667,0.431993,1.0882,1
66,7.857,4,0.08,NDR-fold,7,0.933333,0.445426,1.10393,1
66,7.857,4,0.08,NDR-fold,8,1.05,0.454463,1.1193,1
66,7.857,4,0.08,NDR-fold,9,1.16667,0.460307,1.13426,1
66,7.857,4,0.08,NDR-fold,10,1.28333,0.46381,1.14881,1
66,7.857,4,0.08,NDR-fold,11,1.4,0.46558,1.16295,1
66,7.857,4,0.08,NDR-fold,12,1.51667,0.46606,1.17671,1
66,7.857,4,0.08,NDR-fold,13,1.63333,0.465574,1.19011,1
66,7.857,4,0.08,NDR-fold,14,1.75,0.464361,1.20316,1
66,7.857,4,0.08,NDR-fold,15,1.86667,0.462602,1.21588,1
66,7.857,4,0.08,NDR-fold,16,1.98333,0.460432,1.2283,1
66,7.857,4,0.08,NDR-fold,17,2.1,0.457956,1.24043,1
66,7.857,4,0.08,NDR-fold,18,2.21667,0.455254,1.25229,1
66,7.857,4,0.08,NDR-fold,19,2.33333,0.452386,1.26389,1
66,7.857,4,0.08,NDR-fold,20,2.45,0.449401,1.27526,1
66,7.857,4,0.08,NDR-fold,21,2.56667,0.446337,1.2864,1
66,7.857,4,0.08,NDR-fold,22,2.68333,0.443223,1.29733,1
66,7.857,4,0.08,NDR-fold,23,2.8,0.440081,1.30806,1
66,7.857,4,0.08,NDR-fold,24,2.91667,0.436931,1.3186,1
66,7.857,4,0.08,NDR-fold,25,3.03333,0.433786,1.32895,1
66,7.857,4,0.08,NDR-fold,26,3.15,0.430657,1.33914,1
66,7.857,4,0.08,NDR-fold,27,3.26667,0.427553,1.34917,1
66,7.857,4,0.08,NDR-fold,28,3.38333,0.424481,1.35904,1
66,7.857,4,0.08,NDR-fold,29,3.5,0.421446,1.36876,1
66,7.857,4,0.08,NDR-fold,30,3.61667,0.418452,1.37835,1
66,7.857,4,0.08,NDR-fold,31,3.73333,0.415502,1.3878,1
66,7.857,4,0.08,NDR-fold,32,3.85,0.412599,1.39713,1
66,7.857,4,0.08,NDR-fold,33,3.96667,0.409743,1.40633,1
66,7.857,4,0.08,NDR-fold,34,4.08333,0.406936,1.41541,1
66,7.857,4,0.08,NDR-fold,35,4.2,0.404178,1.42439,1
66,7.857,4,0.08,NDR-fold,36,4.31667,0.40147,1.43325,1
66,7.857,4,0.08,NDR-fold,37,4.43333,0.398811,1.44202,1
66,7.857,4,0.08,NDR-fold,38,4.55,0.396201,1.45068,1
66,7.857,4,0.08,NDR-fold,39,4.66667,0.393641,1.45925,1
66,7.857,4,0.08,NDR-fold,40,4.78333,0.391128,1.46772,1
66,7.857,4,0.08,NDR-fold,41,4.9,0.388663,1.47611,1
66,7.857,4,0.08,NDR-fold,42,5.01667,0.386244,1.48441,1
66,7.857,4,0.08,NDR-fold,43,5.13333,0.383872,1.49264,1
66,7.857,4,0.08,NDR-fold,44,5.25,0.381544,1.50078,1
66,7.857,4,0.08,NDR-fold,45,5.36667,0.37926,1.50884,1
66,7.857,4,0.08,NDR-fold,46,5.48333,0.37702,1.51683,1
66,7.857,4,0.08,NDR-fold,47,5.6,0.374821,1.52475,1
66,7.857,4,0.08,NDR-fold,48,5.71667,0.372664,1.5326,1
66,7.857,4,0.08,NDR-fold,49,5.83333,0.370547,1.54038,1
66,7.857,4,0.08,NDR-fold,50,5.95,0.368469,1.5481,1
66,7.857,4,0.08,NDR-fold,51,6.06667,0.36643,1.55575,1
66,7.857,4,0.08,NDR-fold,52,6.18333,0.364427,1.56334,1
66,7.857,4,0.08,NDR-fold,53,6.3,0.362461,1.57088,1
66,7.857,4,0.08,NDR-fold,54,6.41667,0.360531,1.57835,1
66,7.857,4,0.08,NDR-fold,55,6.53333,0.358635,1.58577,1
66,7.857,4,0.08,NDR-fold,56,6.65,0.356774,1.59314,1
66,7.857,4,0.08,NDR-fold,57,6.76667,0.354944,1.60045,1
66,7.857,4,0.08,NDR-fold,58,6.88333,0.353148,1.60771,1
66,7.857,4,0.08,NDR-fold,59,7,0.351382,1.61492,1
67,10.29,4,0.08,NDR-fold,0,0.116667,0.112797,1.00329,1
67,10.29,4,0.08,NDR-fold,1,0.233333,0.206453,1.01204,1
67,10.29,4,0.08,NDR-fold,2,0.35,0.274884,1.02405,1
67,10.29,4,0.08,NDR-fold,3,0.466667,0.321681,1.03753,1
67,10.29,4,0.08,NDR-fold,4,0.583333,0.352693,1.05143,1
67,10.29,4,0.08,NDR-fold,5,0.7,0.372822,1.06524,1
67,10.29,4,0.08,NDR-fold,6,0.816667,0.385547,1.07872,1
67,10.29,4,0.08,NDR-fold,7,0.933333,0.393215,1.09175,1
67,10.29,4,0.08,NDR-fold,8,1.05,0.397396,1.10432,1
67,10.29,4,0.08,NDR-fold,9,1.16667,0.399147,1.11642,1
67,10.29,4,0.08,NDR-fold,10,1.28333,0.399192,1.12807,1
67,10.29,4,0.08,NDR-fold,11,1.4,0.39803,1.13931,1
67,10.29,4,0.08,NDR-fold,12,1.51667,0.396014,1.15016,1
67,10.29,4,0.08,NDR-fold,13,1.63333,0.393392,1.16064,1
67,10.29,4,0.08,NDR-fold,14,1.75,0.390346,1.17078,1
67,10.29,4,0.08,NDR-fold,15,1.86667,0.387008,1.1806,1
67,10.29,4,0.08,NDR-fold,16,1.98333,0.383473,1.19014,1
67,10.29,4,0.08,NDR-fold,17,2.1,0.379813,1.1994,1
67,10.29,4,0.08,NDR-fold,18,2.21667,0.376082,1.20841,1
67,10.29,4,0.08,NDR-fold,19,2.33333,0.372318,1.21719,1
67,10.29,4,0.08,NDR-fold,20,2.45,0.368551,1.22574,1
67,10.29,4,0.08,NDR-fold,21,2.56667,0.364803,1.23408,1
67,10.29,4,0.08,NDR-fold,22,2.68333,0.361091,1.24223,1
67,10.29,4,0.08,NDR-fold,23,2.8,0.357426,1.2502,1
67,10.29,4,0.08,NDR-fold,24,2.91667,0.353817,1.25799,1
67,10.29,4,0.08,NDR-fold,25,3.03333,0.350271,1.26562,1
67,10.29,4,0.08,NDR-fold,26,3.15,0.346791,1.2731,1
67,10.29,4,0.08,NDR-fold,27,3.26667,0.343381,1.28043,1
67,10.29,4,0.08,NDR-fold,28,3.38333,0.340042,1.28762,1
67,10.29,4,0.08,NDR-fold,29,3.5,0.336775,1.29468,1
67,10.29,4,0.08,NDR-fold,30,3.61667,0.33358,1.30161,1
67,10.29,4,0.08,NDR-fold,31,3.73333,0.330457,1.30843,1
67,10.29,4,0.08,NDR-fold,32,3.85,0.327404,1.31513,1
67,10.29,4,0.08,NDR-fold,33,3.96667,0.324422,1.32172,1
67,10.29,4,0.08,NDR-fold,34,4.08333,0.321508,1.32821,1
67,10.29,4,0.08,NDR-fold,35,4.2,0.318661,1.33459,1
67,10.29,4,0.08,NDR-fold,36,4.31667,0.315879,1.34089,1
67,10.29,4,0.08,NDR-fold,37,4.43333,0.313161,1.34709,1
67,10.29,4,0.08,NDR-fold,38,4.55,0.310505,1.3532,1
67,10.29,4,0.08,NDR-fold,39,4.66667,0.30791,1.35923,1
67,10.29,4,0.08,NDR-fold,40,4.78333,0.305373,1.36518,1
67,10.29,4,0.08,NDR-fold,41,4.9,0.302893,1.37104,1
67,10.29,4,0.08,NDR-fold,42,5.01667,0.300468,1.37684,1
67,10.29,4,0.08,NDR-fold,43,5.13333,0.298097,1.38256,1
67,10.29,4,0.08,NDR-fold,44,5.25,0.295778,1.38821,1
67,10.29,4,0.08,NDR-fold,45,5.36667,0.29351,1.39379,1
67,10.29,4,0.08,NDR-fold,46,5.48333,0.29129,1.39931,1
67,10.29,4,0.08,NDR-fold,47,5.6,0.289117,1.40476,1
67,10.29,4,0.08,NDR-fold,48,5.71667,0.28699,1.41016,1
67,10.29,4,0.08,NDR-fold,49,5.83333,0.284908,1.41549,1
67,10.29,4,0.08,NDR-fold,50,5.95,0.282869,1.42077,1
67,10.29,4,0.08,NDR-fold,51,6.06667,0.280871,1.42599,1
67,10.29,4,0.08,NDR-fold,52,6.18333,0.278914,1.43115,1
67,10.29,4,0.08,NDR-fold,53,6.3,0.276996,1.43627,1
67,10.29,4,0.08,NDR-fold,54,6.41667,0.275116,1.44133,1
67,10.29,4,0.08,NDR-fold,55,6.53333,0.273273,1.44635,1
67,10.29,4,0.08,NDR-fold,56,6.65,0.271466,1.45131,1
67,10.29,4,0.08,NDR-fold,57,6.76667,0.269694,1.45623,1
67,10.29,4,0.08,NDR-fold,58,6.88333,0.267955,1.46111,1
67,10.29,4,0.08,NDR-fold,59,7,0.266249,1.46594,1
68,12.71,4,0.08,NDR-fold,0,0.116667,0.111938,1.00326,1
68,12.71,4,0.08,NDR-fold,1,0.233333,0.201319,1.01174,1
68,12.71,4,0.08,NDR-fold,2,0.35,0.262953,1.02301,1
68,12.71,4,0.08,NDR-fold,3,0.466667,0.302526,1.03529,1
68,12.71,4,0.08,NDR-fold,4,0.583333,0.327018,1.04769,1
68,12.71,4,0.08,NDR-fold,5,0.7,0.341652,1.05979,1
68,12.71,4,0.08,NDR-fold,6,0.816667,0.349873,1.07143,1
68,12.71,4,0.08,NDR-fold,7,0.933333,0.353887,1.08257,1
68,12.71,4,0.08,NDR-fold,8,1.05,0.355109,1.09322,1
68,12.71,4,0.08,NDR-fold,9,1.16667,0.354463,1.10338,1
68,12.71,4,0.08,NDR-fold,10,1.28333,0.352558,1.11311,1
68,12.71,4,0.08,NDR-fold,11,1.4,0.349807,1.12243,1
68,12.71,4,0.08,NDR-fold,12,1.51667,0.346492,1.13138,1
68,12.71,4,0.08,NDR-fold,13,1.63333,0.342808,1.13998,1
68,12.71,4,0.08,NDR-fold,14,1.75,0.338893,1.14827,1
68,12.71,4,0.08,NDR-fold,15,1.86667,0.334844,1.15626,1
68,12.71,4,0.08,NDR-fold,16,1.98333,0.330729,1.16399,1
68,12.71,4,0.08,NDR-fold,17,2.1,0.326599,1.17146,1
68,12.71,4,0.08,NDR-fold,18,2.21667,0.322488,1.17871,1
68,12.71,4,0.08,NDR-fold,19,2.33333,0.318421,1.18575,1
68,12.71,4,0.08,NDR-fold,20,2.45,0.314416,1.19258,1
68,12.71,4,0.08,NDR-fold,21,2.56667,0.310485,1.19923,1
68,12.71,4,0.08,NDR-fold,22,2.68333,0.306636,1.2057,1
68,12.71,4,0.08,NDR-fold,23,2.8,0.302875,1.21201,1
68,12.71,4,0.08,NDR-fold,24,2.91667,0.299203,1.21817,1
68,12.71,4,0.08,NDR-fold,25,3.03333,0.295623,1.22418,1
68,12.71,4,0.08,NDR-fold,26,3.15,0.292135,1.23006,1
68,12.71,4,0.08,NDR-fold,27,3.26667,0.288738,1.2358,1
68,12.71,4,0.08,NDR-fold,28,3.38333,0.285431,1.24143,1
68,12.71,4,0.08,NDR-fold,29,3.5,0.282212,1.24694,1
68,12.71,4,0.08,NDR-fold,30,3.61667,0.279079,1.25233,1
68,12.71,4,0.08,NDR-fold,31,3.73333,0.27603,1.25763,1
68,12.71,4,0.08,NDR-fold,32,3.85,0.273062,1.26282,1
68,12.71,4,0.08,NDR-fold,33,3.96667,0.270172,1.26792,1
68,12.71,4,0.08,NDR-fold,34,4.08333,0.267359,1.27293,1
68,12.71,4,0.08,NDR-fold,35,4.2,0.26462,1.27785,1
68,12.71,4,0.08,NDR-fold,36,4.31667,0.261952,1.28269,1
68,12.71,4,0.08,NDR-fold,37,4.43333,0.259352,1.28745,1
68,12.71,4,0.08,NDR-fold,38,4.55,0.256819,1.29213,1
68,12.71,4,0.08,NDR-fold,39,4.66667,0.25435,1.29674,1
68,12.71,4,0.08,NDR-fold,40,4.78333,0.251942,1.30128,1
68,12.71,4,0.08,NDR-fold,41,4.9,0.249594,1.30575,1
68,12.71,4,0.08,NDR-fold,42,5.01667,0.247303,1.31016,1
68,12.71,4,0.08,NDR-fold,43,5.13333,0.245068,1.3145,1
68,12.71,4,0.08,NDR-fold,44,5.25,0.242885,1.31879,1
68,12.71,4,0.08,NDR-fold,45,5.36667,0.240755,1.32301,1
68,12.71,4,0.08,NDR-fold,46,5.48333,0.238674,1.32718,1
68,12.71,4,0.08,NDR-fold,47,5.6,0.23664,1.3313,1
68,12.71,4,0.08,NDR-fold,48,5.71667,0.234653,1.33536,1
68,12.71,4,0.08,NDR-fold,49,5.83333,0.232711,1.33937,1
68,12.71,4,0.08,NDR-fold,50,5.95,0.230811,1.34333,1
68,12.71,4,0.08,NDR-fold,51,6.06667,0.228954,1.34725,1
68,12.71,4,0.08,NDR-fold,52,6.18333,0.227136,1.35111,1
68,12.71,4,0.08,NDR-fold,53,6.3,0.225357,1.35494,1
68,12.71,4,0.08,NDR-fold,54,6.41667,0.223616,1.35872,1
68,12.71,4,0.08,NDR-fold,55,6.53333,0.221911,1.36246,1
68,12.71,4,0.08,NDR-fold,56,6.65,0.220242,1.36615,1
68,12.71,4,0.08,NDR-fold,57,6.76667,0.218606,1.36981,1
68,12.71,4,0.08,NDR-fold,58,6.88333,0.217004,1.37343,1
68,12.71,4,0.08,NDR-fold,59,7,0.215433,1.37701,1
69,15.14,4,0.08,NDR-fold,0,0.116667,0.111098,1.00324,1
69,15.14,4,0.08,NDR-fold,1,0.233333,0.196533,1.01146,1
69,15.14,4,0.08,NDR-fold,2,0.35,0.252345,1.02208,1
69,15.14,4,0.08,NDR-fold,3,0.466667,0.28613,1.03338,1
69,15.14,4,0.08,NDR-fold,4,0.583333,0.305677,1.04458,1
69,15.14,4,0.08,NDR-fold,5,0.7,0.316328,1.05536,1
69,15.14,4,0.08,NDR-fold,6,0.816667,0.321412,1.06562,1
69,15.14,4,0.08,NDR-fold,7,0.933333,0.322972,1.07536,1
69,15.14,4,0.08,NDR-fold,8,1.05,0.322278,1.0846,1
69,15.14,4,0.08,NDR-fold,9,1.16667,0.320132,1.09337,1
69,15.14,4,0.08,NDR-fold,10,1.28333,0.317055,1.10172,1
69,15.14,4,0.08,NDR-fold,11,1.4,0.313389,1.10969,1
69,15.14,4,0.08,NDR-fold,12,1.51667,0.30936,1.1173,1
69,15.14,4,0.08,NDR-fold,13,1.63333,0.305124,1.12459,1
69,15.14,4,0.08,NDR-fold,14,1.75,0.300786,1.13159,1
69,15.14,4,0.08,NDR-fold,15,1.86667,0.296418,1.13833,1
69,15.14,4,0.08,NDR-fold,16,1.98333,0.292069,1.14482,1
69,15.14,4,0.08,NDR-fold,17,2.1,0.287773,1.15108,1
69,15.14,4,0.08,NDR-fold,18,2.21667,0.283554,1.15714,1
69,15.14,4,0.08,NDR-fold,19,2.33333,0.279425,1.163,1
69,15.14,4,0.08,NDR-fold,20,2.45,0.275397,1.16868,1
69,15.14,4,0.08,NDR-fold,21,2.56667,0.271474,1.1742,1
69,15.14,4,0.08,NDR-fold,22,2.68333,0.267661,1.17956,1
69,15.14,4,0.08,NDR-fold,23,2.8,0.263957,1.18477,1
69,15.14,4,0.08,NDR-fold,24,2.91667,0.260361,1.18985,1
69,15.14,4,0.08,NDR-fold,25,3.03333,0.256873,1.1948,1
69,15.14,4,0.08,NDR-fold,26,3.15,0.253489,1.19962,1
69,15.14,4,0.08,NDR-fold,27,3.26667,0.250207,1.20434,1
69,15.14,4,0.08,NDR-fold,28,3.38333,0.247023,1.20894,1
69,15.14,4,0.08,NDR-fold,29,3.5,0.243936,1.21344,1
69,15.14,4,0.08,NDR-fold,30,3.61667,0.24094,1.21785,1
69,15.14,4,0.08,NDR-fold,31,3.73333,0.238032,1.22216,1
69,15.14,4,0.08,NDR-fold,32,3.85,0.23521,1.22639,1
69,15.14,4,0.08,NDR-fold,33,3.96667,0.23247,1.23053,1
69,15.14,4,0.08,NDR-fold,34,4.08333,0.229808,1.2346,1
69,15.14,4,0.08,NDR-fold,35,4.2,0.227222,1.23858,1
69,15.14,4,0.08,NDR-fold,36,4.31667,0.224709,1.2425,1
69,15.14,4,0.08,NDR-fold,37,4.43333,0.222265,1.24634,1
69,15.14,4,0.08,NDR-fold,38,4.55,0.219888,1.25012,1
69,15.14,4,0.08,NDR-fold,39,4.66667,0.217576,1.25384,1
69,15.14,4,0.08,NDR-fold,40,4.78333,0.215324,1.25749,1
69,15.14,4,0.08,NDR-fold,41,4.9,0.213132,1.26109,1
69,15.14,4,0.08,NDR-fold,42,5.01667,0.210997,1.26463,1
69,15.14,4,0.08,NDR-fold,43,5.13333,0.208917,1.26811,1
69,15.14,4,0.08,NDR-fold,44,5.25,0.206889,1.27154,1
69,15.14,4,0.08,NDR-fold,45,5.36667,0.204911,1.27492,1
69,15.14,4,0.08,NDR-fold,46,5.48333,0.202982,1.27825,1
69,15.14,4,0.08,NDR-fold,47,5.6,0.2011,1.28154,1
69,15.14,4,0.08,NDR-fold,48,5.71667,0.199263,1.28478,1
69,15.14,4,0.08,NDR-fold,49,5.83333,0.197469,1.28798,1
69,15.14,4,0.08,NDR-fold,50,5.95,0.195717,1.29113,1
69,15.14,4,0.08,NDR-fold,51,6.06667,0.194005,1.29424,1
69,15.14,4,0.08,NDR-fold,52,6.18333,0.192332,1.29731,1
69,15.14,4,0.08,NDR-fold,53,6.3,0.190697,1.30035,1
69,15.14,4,0.08,NDR-fold,54,6.41667,0.189098,1.30334,1
69,15.14,4,0.08,NDR-fold,55,6.53333,0.187533,1.3063,1
69,15.14,4,0.08,NDR-fold,56,6.65,0.186002,1.30923,1
69,15.14,4,0.08,NDR-fold,57,6.76667,0.184504,1.31212,1
69,15.14,4,0.08,NDR-fold,58,6.88333,0.183037,1.31498,1
69,15.14,4,0.08,NDR-fold,59,7,0.181601,1.3178,1
70,17.57,4,0.08,NDR-fold,0,0.116667,0.110276,1.00322,1
70,17.57,4,0.08,NDR-fold,1,0.233333,0.192057,1.0112,1
70,17.57,4,0.08,NDR-fold,2,0.35,0.242828,1.02125,1
70,17.57,4,0.08,NDR-fold,3,0.466667,0.271886,1.03172,1
70,17.57,4,0.08,NDR-fold,4,0.583333,0.287579,1.04194,1
70,17.57,4,0.08,NDR-fold,5,0.7,0.295245,1.05167,1
70,17.57,4,0.08,NDR-fold,6,0.816667,0.298058,1.06085,1
70,17.57,4,0.08,NDR-fold,7,0.933333,0.297899,1.06951,1
70,17.57,4,0.08,NDR-fold,8,1.05,0.295908,1.07768,1
70,17.57,4,0.08,NDR-fold,9,1.16667,0.292785,1.0854,1
70,17.57,4,0.08,NDR-fold,10,1.28333,0.288975,1.09271,1
70,17.57,4,0.08,NDR-fold,11,1.4,0.284763,1.09967,1
70,17.57,4,0.08,NDR-fold,12,1.51667,0.280336,1.10629,1
70,17.57,4,0.08,NDR-fold,13,1.63333,0.275814,1.11262,1
70,17.57,4,0.08,NDR-fold,14,1.75,0.271281,1.11869,1
70,17.57,4,0.08,NDR-fold,15,1.86667,0.266788,1.1245,1
70,17.57,4,0.08,NDR-fold,16,1.98333,0.262372,1.13009,1
70,17.57,4,0.08,NDR-fold,17,2.1,0.258055,1.13548,1
70,17.57,4,0.08,NDR-fold,18,2.21667,0.25385,1.14068,1
70,17.57,4,0.08,NDR-fold,19,2.33333,0.249765,1.1457,1
70,17.57,4,0.08,NDR-fold,20,2.45,0.245805,1.15056,1
70,17.57,4,0.08,NDR-fold,21,2.56667,0.24197,1.15526,1
70,17.57,4,0.08,NDR-fold,22,2.68333,0.238259,1.15983,1
70,17.57,4,0.08,NDR-fold,23,2.8,0.234671,1.16427,1
70,17.57,4,0.08,NDR-fold,24,2.91667,0.2312,1.16858,1
70,17.57,4,0.08,NDR-fold,25,3.03333,0.227845,1.17278,1
70,17.57,4,0.08,NDR-fold,26,3.15,0.224602,1.17687,1
70,17.57,4,0.08,NDR-fold,27,3.26667,0.221464,1.18086,1
70,17.57,4,0.08,NDR-fold,28,3.38333,0.21843,1.18476,1
70,17.57,4,0.08,NDR-fold,29,3.5,0.215493,1.18856,1
70,17.57,4,0.08,NDR-fold,30,3.61667,0.212651,1.19227,1
70,17.57,4,0.08,NDR-fold,31,3.73333,0.209898,1.19591,1
70,17.57,4,0.08,NDR-fold,32,3.85,0.207232,1.19946,1
70,17.57,4,0.08,NDR-fold,33,3.96667,0.204648,1.20294,1
70,17.57,4,0.08,NDR-fold,34,4.08333,0.202143,1.20635,1
70,17.57,4,0.08,NDR-fold,35,4.2,0.199712,1.2097,1
70,17.57,4,0.08,NDR-fold,36,4.31667,0.197354,1.21298,1
70,17.57,4,0.08,NDR-fold,37,4.43333,0.195065,1.2162,1
70,17.57,4,0.08,NDR-fold,38,4.55,0.192841,1.21936,1
70,17.57,4,0.08,NDR-fold,39,4.66667,0.19068,1.22246,1
70,17.57,4,0.08,NDR-fold,40,4.78333,0.18858,1.22551,1
70,17.57,4,0.08,NDR-fold,41,4.9,0.186537,1.22851,1
70,17.57,4,0.08,NDR-fold,42,5.01667,0.18455,1.23146,1
70,17.57,4,0.08,NDR-fold,43,5.13333,0.182615,1.23436,1
70,17.57,4,0.08,NDR-fold,44,5.25,0.180732,1.23721,1
70,17.57,4,0.08,NDR-fold,45,5.36667,0.178897,1.24002,1
70,17.57,4,0.08,NDR-fold,46,5.48333,0.177109,1.24279,1
70,17.57,4,0.08,NDR-fold,47,5.6,0.175366,1.24551,1
70,17.57,4,0.08,NDR-fold,48,5.71667,0.173667,1.2482,1
70,17.57,4,0.08,NDR-fold,49,5.83333,0.172009,1.25085,1
70,17.57,4,0.08,NDR-fold,50,5.95,0.170391,1.25346,1
70,17.57,4,0.08,NDR-fold,51,6.06667,0.168812,1.25603,1
70,17.57,4,0.08,NDR-fold,52,6.18333,0.167269,1.25857,1
70,17.57,4,0.08,NDR-fold,53,6.3,0.165763,1.26108,1
70,17.57,4,0.08,NDR-fold,54,6.41667,0.16429,1.26355,1
70,17.57,4,0.08,NDR-fold,55,6.53333,0.162851,1.26599,1
70,17.57,4,0.08,NDR-fold,56,6.65,0.161444,1.2684,1
70,17.57,4,0.08,NDR-fold,57,6.76667,0.160068,1.27078,1
70,17.57,4,0.08,NDR-fold,58,6.88333,0.158721,1.27313,1
70,17.57,4,0.08,NDR-fold,59,7,0.157404,1.27546,1
71,20,4,0.08,NDR-fold,0,0.116667,0.109472,1.00319,1
71,20,4,0.08,NDR-fold,1,0.233333,0.187856,1.01096,1
71,20,4,0.08,NDR-fold,2,0.35,0.234223,1.02049,1
71,20,4,0.08,NDR-fold,3,0.466667,0.25936,1.03026,1
71,20,4,0.08,NDR-fold,4,0.583333,0.271983,1.03966,1
71,20,4,0.08,NDR-fold,5,0.7,0.277351,1.04854,1
71,20,4,0.08,NDR-fold,6,0.816667,0.278471,1.05685,1
71,20,4,0.08,NDR-fold,7,0.933333,0.277072,1.06465,1
71,20,4,0.08,NDR-fold,8,1.05,0.274175,1.07197,1
71,20,4,0.08,NDR-fold,9,1.16667,0.270397,1.07887,1
71,20,4,0.08,NDR-fold,10,1.28333,0.266119,1.08538,1
71,20,4,0.08,NDR-fold,11,1.4,0.261581,1.09155,1
71,20,4,0.08,NDR-fold,12,1.51667,0.256934,1.09742,1
71,20,4,0.08,NDR-fold,13,1.63333,0.252277,1.10301,1
71,20,4,0.08,NDR-fold,14,1.75,0.247672,1.10836,1
71,20,4,0.08,NDR-fold,15,1.86667,0.243158,1.11347,1
71,20,4,0.08,NDR-fold,16,1.98333,0.23876,1.11839,1
71,20,4,0.08,NDR-fold,17,2.1,0.234491,1.12311,1
71,20,4,0.08,NDR-fold,18,2.21667,0.230359,1.12766,1
71,20,4,0.08,NDR-fold,19,2.33333,0.226367,1.13205,1
71,20,4,0.08,NDR-fold,20,2.45,0.222514,1.13629,1
71,20,4,0.08,NDR-fold,21,2.56667,0.218797,1.1404,1
71,20,4,0.08,NDR-fold,22,2.68333,0.215214,1.14437,1
71,20,4,0.08,NDR-fold,23,2.8,0.21176,1.14823,1
71,20,4,0.08,NDR-fold,24,2.91667,0.20843,1.15198,1
71,20,4,0.08,NDR-fold,25,3.03333,0.205219,1.15562,1
71,20,4,0.08,NDR-fold,26,3.15,0.202122,1.15917,1
71,20,4,0.08,NDR-fold,27,3.26667,0.199133,1.16263,1
71,20,4,0.08,NDR-fold,28,3.38333,0.196248,1.16599,1
71,20,4,0.08,NDR-fold,29,3.5,0.193462,1.16928,1
71,20,4,0.08,NDR-fold,30,3.61667,0.190769,1.17249,1
71,20,4,0.08,NDR-fold,31,3.73333,0.188166,1.17562,1
71,20,4,0.08,NDR-fold,32,3.85,0.185649,1.17869,1
71,20,4,0.08,NDR-fold,33,3.96667,0.183213,1.18169,1
71,20,4,0.08,NDR-fold,34,4.08333,0.180854,1.18462,1
71,20,4,0.08,NDR-fold,35,4.2,0.178569,1.1875,1
71,20,4,0.08,NDR-fold,36,4.31667,0.176355,1.19032,1
71,20,4,0.08,NDR-fold,37,4.43333,0.174207,1.19308,1
71,20,4,0.08,NDR-fold,38,4.55,0.172124,1.19579,1
71,20,4,0.08,NDR-fold,39,4.66667,0.170102,1.19845,1
71,20,4,0.08,NDR-fold,40,4.78333,0.168138,1.20106,1
71,20,4,0.08,NDR-fold,41,4.9,0.16623,1.20363,1
71,20,4,0.08,NDR-fold,42,5.01667,0.164375,1.20615,1
71,20,4,0.08,NDR-fold,43,5.13333,0.162572,1.20863,1
71,20,4,0.08,NDR-fold,44,5.25,0.160817,1.21107,1
71,20,4,0.08,NDR-fold,45,5.36667,0.15911,1.21347,1
71,20,4,0.08,NDR-fold,46,5.48333,0.157447,1.21583,1
71,20,4,0.08,NDR-fold,47,5.6,0.155827,1.21816,1
71,20,4,0.08,NDR-fold,48,5.71667,0.154249,1.22045,1
71,20,4,0.08,NDR-fold,49,5.83333,0.152711,1.2227,1
71,20,4,0.08,NDR-fold,50,5.95,0.15121,1.22493,1
71,20,4,0.08,NDR-fold,51,6.06667,0.149747,1.22712,1
71,20,4,0.08,NDR-fold,52,6.18333,0.148318,1.22928,1
71,20,4,0.08,NDR-fold,53,6.3,0.146924,1.23141,1
71,20,4,0.08,NDR-fold,54,6.41667,0.145562,1.23351,1
71,20,4,0.08,NDR-fold,55,6.53333,0.144232,1.23558,1
71,20,4,0.08,NDR-fold,56,6.65,0.142932,1.23762,1
71,20,4,0.08,NDR-fold,57,6.76667,0.141661,1.23964,1
71,20,4,0.08,NDR-fold,58,6.88333,0.140419,1.24164,1
71,20,4,0.08,NDR-fold,59,7,0.139203,1.24361,1
72,3,8,0.08,monotone,0,0.116667,0.116077,1.00169,1
72,3,8,0.08,monotone,1,0.233333,0.22874,1.00667,1
72,3,8,0.08,monotone,2,0.35,0.335151,1.01466,1
72,3,8,0.08,monotone,3,0.466667,0.433392,1.02528,1
72,3,8,0.08,monotone,4,0.583333,0.522515,1.0381,1
72,3,8,0.08,monotone,5,0.7,0.602372,1.05271,1
72,3,8,0.08,monotone,6,0.816667,0.673359,1.06874,1
72,3,8,0.08,monotone,7,0.933333,0.736183,1.08589,1
72,3,8,0.08,monotone,8,1.05,0.791684,1.10391,1
72,3,8,0.08,monotone,9,1.16667,0.840722,1.12261,1
72,3,8,0.08,monotone,10,1.28333,0.884113,1.14183,1
72,3,8,0.08,monotone,11,1.4,0.922599,1.16145,1
72,3,8,0.08,monotone,12,1.51667,0.956835,1.1814,1
72,3,8,0.08,monotone,13,1.63333,0.98739,1.20159,1
72,3,8,0.08,monotone,14,1.75,1.01476,1.22198,1
72,3,8,0.08,monotone,15,1.86667,1.03936,1.24252,1
72,3,8,0.08,monotone,16,1.98333,1.06156,1.26318,1
72,3,8,0.08,monotone,17,2.1,1.08166,1.28394,1
72,3,8,0.08,monotone,18,2.21667,1.09994,1.30477,1
72,3,8,0.08,monotone,19,2.33333,1.11661,1.32568,1
72,3,8,0.08,monotone,20,2.45,1.13186,1.34663,1
72,3,8,0.08,monotone,21,2.56667,1.14588,1.36764,1
72,3,8,0.08,monotone,22,2.68333,1.1588,1.38868,1
72,3,8,0.08,monotone,23,2.8,1.17074,1.40976,1
72,3,8,0.08,monotone,24,2.91667,1.18183,1.43087,1
72,3,8,0.08,monotone,25,3.03333,1.19214,1.45202,1
72,3,8,0.08,monotone,26,3.15,1.20177,1.4732,1
72,3,8,0.08,monotone,27,3.26667,1.21078,1.4944,1
72,3,8,0.08,monotone,28,3.38333,1.21924,1.51564,1
72,3,8,0.08,monotone,29,3.5,1.22721,1.5369,1
72,3,8,0.08,monotone,30,3.61667,1.23473,1.5582,1
72,3,8,0.08,monotone,31,3.73333,1.24185,1.57953,1
72,3,8,0.08,monotone,32,3.85,1.24861,1.60089,1
72,3,8,0.08,monotone,33,3.96667,1.25504,1.62229,1
72,3,8,0.08,monotone,34,4.08333,1.26117,1.64372,1
72,3,8,0.08,monotone,35,4.2,1.26703,1.66519,1
72,3,8,0.08,monotone,36,4.31667,1.27265,1.6867,1
72,3,8,0.08,monotone,37,4.43333,1.27805,1.70825,1
72,3,8,0.08,monotone,38,4.55,1.28324,1.72984,1
72,3,8,0.08,monotone,39,4.66667,1.28825,1.75148,1
72,3,8,0.08,monotone,40,4.78333,1.29309,1.77316,1
72,3,8,0.08,monotone,41,4.9,1.29777,1.79489,1
72,3,8,0.08,monotone,42,5.01667,1.30232,1.81666,1
72,3,8,0.08,monotone,43,5.13333,1.30673,1.83849,1
72,3,8,0.08,monotone,44,5.25,1.31103,1.86036,1
72,3,8,0.08,monotone,45,5.36667,1.31522,1.8823,1
72,3,8,0.08,monotone,46,5.48333,1.31931,1.90428,1
72,3,8,0.08,monotone,47,5.6,1.32331,1.92632,1
72,3,8,0.08,monotone,48,5.71667,1.32723,1.94842,1
72,3,8,0.08,monotone,49,5.83333,1.33107,1.97058,1
72,3,8,0.08,monotone,50,5.95,1.33485,1.99279,1
72,3,8,0.08,monotone,51,6.06667,1.33856,2.01507,1
72,3,8,0.08,monotone,52,6.18333,1.3422,2.03741,1
72,3,8,0.08,monotone,53,6.3,1.3458,2.05982,1
72,3,8,0.08,monotone,54,6.41667,1.34935,2.08229,1
72,3,8,0.08,monotone,55,6.53333,1.35285,2.10483,1
72,3,8,0.08,monotone,56,6.65,1.35631,2.12743,1
72,3,8,0.08,monotone,57,6.76667,1.35973,2.15011,1
72,3,8,0.08,monotone,58,6.88333,1.36312,2.17285,1
72,3,8,0.08,monotone,59,7,1.36648,2.19567,1
73,5.429,8,0.08,NDR-fold,0,0.116667,0.115606,1.00169,1
73,5.429,8,0.08,NDR-fold,1,0.233333,0.225212,1.00657,1
73,5.429,8,0.08,NDR-fold,2,0.35,0.324397,1.01419,1
73,5.429,8,0.08,NDR-fold,3,0.466667,0.41097,1.02397,1
73,5.429,8,0.08,NDR-fold,4,0.583333,0.484666,1.03534,1
73,5.429,8,0.08,NDR-fold,5,0.7,0.546414,1.04781,1
73,5.429,8,0.08,NDR-fold,6,0.816667,0.597683,1.06101,1
73,5.429,8,0.08,NDR-fold,7,0.933333,0.640058,1.07467,1
73,5.429,8,0.08,NDR-fold,8,1.05,0.675017,1.0886,1
73,5.429,8,0.08,NDR-fold,9,1.16667,0.703849,1.10264,1
73,5.429,8,0.08,NDR-fold,10,1.28333,0.727635,1.11672,1
73,5.429,8,0.08,NDR-fold,11,1.4,0.747267,1.13077,1
73,5.429,8,0.08,NDR-fold,12,1.51667,0.763473,1.14474,1
73,5.429,8,0.08,NDR-fold,13,1.63333,0.776845,1.15861,1
73,5.429,8,0.08,NDR-fold,14,1.75,0.787863,1.17234,1
73,5.429,8,0.08,NDR-fold,15,1.86667,0.796918,1.18595,1
73,5.429,8,0.08,NDR-fold,16,1.98333,0.80433,1.19941,1
73,5.429,8,0.08,NDR-fold,17,2.1,0.810362,1.21272,1
73,5.429,8,0.08,NDR-fold,18,2.21667,0.81523,1.22589,1
73,5.429,8,0.08,NDR-fold,19,2.33333,0.819112,1.23891,1
73,5.429,8,0.08,NDR-fold,20,2.45,0.822158,1.25179,1
73,5.429,8,0.08,NDR-fold,21,2.56667,0.824492,1.26452,1
73,5.429,8,0.08,NDR-fold,22,2.68333,0.826216,1.27713,1
73,5.429,8,0.08,NDR-fold,23,2.8,0.82742,1.2896,1
73,5.429,8,0.08,NDR-fold,24,2.91667,0.828178,1.30194,1
73,5.429,8,0.08,NDR-fold,25,3.03333,0.828551,1.31416,1
73,5.429,8,0.08,NDR-fold,26,3.15,0.828595,1.32626,1
73,5.429,8,0.08,NDR-fold,27,3.26667,0.828354,1.33824,1
73,5.429,8,0.08,NDR-fold,28,3.38333,0.827868,1.35012,1
73,5.429,8,0.08,NDR-fold,29,3.5,0.827171,1.36189,1
73,5.429,8,0.08,NDR-fold,30,3.61667,0.826292,1.37355,1
73,5.429,8,0.08,NDR-fold,31,3.73333,0.825256,1.38512,1
73,5.429,8,0.08,NDR-fold,32,3.85,0.824085,1.39659,1
73,5.429,8,0.08,NDR-fold,33,3.96667,0.822798,1.40797,1
73,5.429,8,0.08,NDR-fold,34,4.08333,0.821411,1.41926,1
73,5.429,8,0.08,NDR-fold,35,4.2,0.819939,1.43047,1
73,5.429,8,0.08,NDR-fold,36,4.31667,0.818395,1.44159,1
73,5.429,8,0.08,NDR-fold,37,4.43333,0.816789,1.45264,1
73,5.429,8,0.08,NDR-fold,38,4.55,0.815132,1.46361,1
73,5.429,8,0.08,NDR-fold,39,4.66667,0.813431,1.4745,1
73,5.429,8,0.08,NDR-fold,40,4.78333,0.811694,1.48533,1
73,5.429,8,0.08,NDR-fold,41,4.9,0.809929,1.49608,1
73,5.429,8,0.08,NDR-fold,42,5.01667,0.808139,1.50677,1
73,5.429,8,0.08,NDR-fold,43,5.13333,0.806332,1.5174,1
73,5.429,8,0.08,NDR-fold,44,5.25,0.804511,1.52796,1
73,5.429,8,0.08,NDR-fold,45,5.36667,0.80268,1.53846,1
73,5.429,8,0.08,NDR-fold,46,5.48333,0.800842,1.54891,1
73,5.429,8,0.08,NDR-fold,47,5.6,0.799002,1.5593,1
73,5.429,8,0.08,NDR-fold,48,5.71667,0.797161,1.56964,1
73,5.429,8,0.08,NDR-fold,49,5.83333,0.795322,1.57992,1
73,5.429,8,0.08,NDR-fold,50,5.95,0.793487,1.59016,1
73,5.429,8,0.08,NDR-fold,51,6.06667,0.791658,1.60034,1
73,5.429,8,0.08,NDR-fold,52,6.18333,0.789836,1.61048,1
73,5.429,8,0.08,NDR-fold,53,6.3,0.788024,1.62057,1
73,5.429,8,0.08,NDR-fold,54,6.41667,0.786221,1.63062,1
73,5.429,8,0.08,NDR-fold,55,6.53333,0.784431,1.64062,1
73,5.429,8,0.08,NDR-fold,56,6.65,0.782652,1.65058,1
73,5.429,8,0.08,NDR-fold,57,6.76667,0.780887,1.6605,1
73,5.429,8,0.08,NDR-fold,58,6.88333,0.779136,1.67038,1
73,5.429,8,0.08,NDR-fold,59,7,0.7774,1.68022,1
74,7.857,8,0.08,NDR-fold,0,0.116667,0.11514,1.00168,1
74,7.857,8,0.08,NDR-fold,1,0.233333,0.22184,1.00647,1
74,7.857,8,0.08,NDR-fold,2,0.35,0.314587,1.01376,1
74,7.857,8,0.08,NDR-fold,3,0.466667,0.391566,1.02284,1
74,7.857,8,0.08,NDR-fold,4,0.583333,0.453596,1.03307,1
74,7.857,8,0.08,NDR-fold,5,0.7,0.502716,1.04399,1
74,7.857,8,0.08,NDR-fold,6,0.816667,0.541232,1.05525,1
74,7.857,8,0.08,NDR-fold,7,0.933333,0.571253,1.06665,1
74,7.857,8,0.08,NDR-fold,8,1.05,0.594547,1.07803,1
74,7.857,8,0.08,NDR-fold,9,1.16667,0.612532,1.08933,1
74,7.857,8,0.08,NDR-fold,10,1.28333,0.626322,1.10047,1
74,7.857,8,0.08,NDR-fold,11,1.4,0.636787,1.11144,1
74,7.857,8,0.08,NDR-fold,12,1.51667,0.644606,1.12221,1
74,7.857,8,0.08,NDR-fold,13,1.63333,0.650309,1.13277,1
74,7.857,8,0.08,NDR-fold,14,1.75,0.654311,1.14313,1
74,7.857,8,0.08,NDR-fold,15,1.86667,0.656942,1.15329,1
74,7.857,8,0.08,NDR-fold,16,1.98333,0.658461,1.16324,1
74,7.857,8,0.08,NDR-fold,17,2.1,0.659076,1.17301,1
74,7.857,8,0.08,NDR-fold,18,2.21667,0.658955,1.18259,1
74,7.857,8,0.08,NDR-fold,19,2.33333,0.658233,1.19198,1
74,7.857,8,0.08,NDR-fold,20,2.45,0.657019,1.20121,1
74,7.857,8,0.08,NDR-fold,21,2.56667,0.655403,1.21028,1
74,7.857,8,0.08,NDR-fold,22,2.68333,0.653459,1.21918,1
74,7.857,8,0.08,NDR-fold,23,2.8,0.651247,1.22794,1
74,7.857,8,0.08,NDR-fold,24,2.91667,0.648817,1.23655,1
74,7.857,8,0.08,NDR-fold,25,3.03333,0.64621,1.24502,1
74,7.857,8,0.08,NDR-fold,26,3.15,0.643462,1.25336,1
74,7.857,8,0.08,NDR-fold,27,3.26667,0.640601,1.26158,1
74,7.857,8,0.08,NDR-fold,28,3.38333,0.637651,1.26967,1
74,7.857,8,0.08,NDR-fold,29,3.5,0.634634,1.27765,1
74,7.857,8,0.08,NDR-fold,30,3.61667,0.631565,1.28552,1
74,7.857,8,0.08,NDR-fold,31,3.73333,0.628459,1.29328,1
74,7.857,8,0.08,NDR-fold,32,3.85,0.625329,1.30094,1
74,7.857,8,0.08,NDR-fold,33,3.96667,0.622184,1.3085,1
74,7.857,8,0.08,NDR-fold,34,4.08333,0.619033,1.31596,1
74,7.857,8,0.08,NDR-fold,35,4.2,0.615884,1.32334,1
74,7.857,8,0.08,NDR-fold,36,4.31667,0.612742,1.33063,1
74,7.857,8,0.08,NDR-fold,37,4.43333,0.609614,1.33783,1
74,7.857,8,0.08,NDR-fold,38,4.55,0.606502,1.34495,1
74,7.857,8,0.08,NDR-fold,39,4.66667,0.603411,1.35199,1
74,7.857,8,0.08,NDR-fold,40,4.78333,0.600343,1.35896,1
74,7.857,8,0.08,NDR-fold,41,4.9,0.597302,1.36585,1
74,7.857,8,0.08,NDR-fold,42,5.01667,0.59429,1.37267,1
74,7.857,8,0.08,NDR-fold,43,5.13333,0.591307,1.37942,1
74,7.857,8,0.08,NDR-fold,44,5.25,0.588356,1.38611,1
74,7.857,8,0.08,NDR-fold,45,5.36667,0.585437,1.39273,1
74,7.857,8,0.08,NDR-fold,46,5.48333,0.582551,1.39929,1
74,7.857,8,0.08,NDR-fold,47,5.6,0.5797,1.40579,1
74,7.857,8,0.08,NDR-fold,48,5.71667,0.576882,1.41223,1
74,7.857,8,0.08,NDR-fold,49,5.83333,0.5741,1.41861,1
74,7.857,8,0.08,NDR-fold,50,5.95,0.571353,1.42494,1
74,7.857,8,0.08,NDR-fold,51,6.06667,0.56864,1.43122,1
74,7.857,8,0.08,NDR-fold,52,6.18333,0.565963,1.43744,1
74,7.857,8,0.08,NDR-fold,53,6.3,0.56332,1.44361,1
74,7.857,8,0.08,NDR-fold,54,6.41667,0.560713,1.44974,1
74,7.857,8,0.08,NDR-fold,55,6.53333,0.558139,1.45581,1
74,7.857,8,0.08,NDR-fold,56,6.65,0.5556,1.46184,1
74,7.857,8,0.08,NDR-fold,57,6.76667,0.553095,1.46783,1
74,7.857,8,0.08,NDR-fold,58,6.88333,0.550624,1.47377,1
74,7.857,8,0.08,NDR-fold,59,7,0.548186,1.47966,1
75,10.29,8,0.08,NDR-fold,0,0.116667,0.11468,1.00167,1
75,10.29,8,0.08,NDR-fold,1,0.233333,0.218612,1.00638,1
75,10.29,8,0.08,NDR-fold,2,0.35,0.305587,1.01337,1
75,10.29,8,0.08,NDR-fold,3,0.466667,0.374539,1.02185,1
75,10.29,8,0.08,NDR-fold,4,0.583333,0.427458,1.03117,1
75,10.29,8,0.08,NDR-fold,5,0.7,0.46732,1.04089,1
75,10.29,8,0.08,NDR-fold,6,0.816667,0.496996,1.05074,1
75,10.29,8,0.08,NDR-fold,7,0.933333,0.518872,1.06054,1
75,10.29,8,0.08,NDR-fold,8,1.05,0.534809,1.07019,1
75,10.29,8,0.08,NDR-fold,9,1.16667,0.546221,1.07966,1
75,10.29,8,0.08,NDR-fold,10,1.28333,0.554175,1.0889,1
75,10.29,8,0.08,NDR-fold,11,1.4,0.559469,1.09791,1
75,10.29,8,0.08,NDR-fold,12,1.51667,0.562709,1.10668,1
75,10.29,8,0.08,NDR-fold,13,1.63333,0.564354,1.11522,1
75,10.29,8,0.08,NDR-fold,14,1.75,0.564755,1.12354,1
75,10.29,8,0.08,NDR-fold,15,1.86667,0.564185,1.13164,1
75,10.29,8,0.08,NDR-fold,16,1.98333,0.562852,1.13954,1
75,10.29,8,0.08,NDR-fold,17,2.1,0.560921,1.14724,1
75,10.29,8,0.08,NDR-fold,18,2.21667,0.558523,1.15476,1
75,10.29,8,0.08,NDR-fold,19,2.33333,0.55576,1.1621,1
75,10.29,8,0.08,NDR-fold,20,2.45,0.552713,1.16927,1
75,10.29,8,0.08,NDR-fold,21,2.56667,0.549448,1.17628,1
75,10.29,8,0.08,NDR-fold,22,2.68333,0.546017,1.18314,1
75,10.29,8,0.08,NDR-fold,23,2.8,0.542463,1.18986,1
75,10.29,8,0.08,NDR-fold,24,2.91667,0.53882,1.19644,1
75,10.29,8,0.08,NDR-fold,25,3.03333,0.535115,1.2029,1
75,10.29,8,0.08,NDR-fold,26,3.15,0.531372,1.20923,1
75,10.29,8,0.08,NDR-fold,27,3.26667,0.527608,1.21544,1
75,10.29,8,0.08,NDR-fold,28,3.38333,0.523839,1.22154,1
75,10.29,8,0.08,NDR-fold,29,3.5,0.520077,1.22753,1
75,10.29,8,0.08,NDR-fold,30,3.61667,0.51633,1.23342,1
75,10.29,8,0.08,NDR-fold,31,3.73333,0.512609,1.23922,1
75,10.29,8,0.08,NDR-fold,32,3.85,0.508917,1.24492,1
75,10.29,8,0.08,NDR-fold,33,3.96667,0.505262,1.25053,1
75,10.29,8,0.08,NDR-fold,34,4.08333,0.501647,1.25605,1
75,10.29,8,0.08,NDR-fold,35,4.2,0.498075,1.26149,1
75,10.29,8,0.08,NDR-fold,36,4.31667,0.494549,1.26685,1
75,10.29,8,0.08,NDR-fold,37,4.43333,0.491071,1.27213,1
75,10.29,8,0.08,NDR-fold,38,4.55,0.487641,1.27735,1
75,10.29,8,0.08,NDR-fold,39,4.66667,0.484261,1.28249,1
75,10.29,8,0.08,NDR-fold,40,4.78333,0.480932,1.28756,1
75,10.29,8,0.08,NDR-fold,41,4.9,0.477654,1.29256,1
75,10.29,8,0.08,NDR-fold,42,5.01667,0.474427,1.29751,1
75,10.29,8,0.08,NDR-fold,43,5.13333,0.471251,1.30239,1
75,10.29,8,0.08,NDR-fold,44,5.25,0.468125,1.30721,1
75,10.29,8,0.08,NDR-fold,45,5.36667,0.46505,1.31197,1
75,10.29,8,0.08,NDR-fold,46,5.48333,0.462024,1.31668,1
75,10.29,8,0.08,NDR-fold,47,5.6,0.459047,1.32133,1
75,10.29,8,0.08,NDR-fold,48,5.71667,0.456119,1.32594,1
75,10.29,8,0.08,NDR-fold,49,5.83333,0.453239,1.33049,1
75,10.29,8,0.08,NDR-fold,50,5.95,0.450406,1.33499,1
75,10.29,8,0.08,NDR-fold,51,6.06667,0.447619,1.33944,1
75,10.29,8,0.08,NDR-fold,52,6.18333,0.444877,1.34385,1
75,10.29,8,0.08,NDR-fold,53,6.3,0.44218,1.34822,1
75,10.29,8,0.08,NDR-fold,54,6.41667,0.439526,1.35254,1
75,10.29,8,0.08,NDR-fold,55,6.53333,0.436916,1.35681,1
75,10.29,8,0.08,NDR-fold,56,6.65,0.434347,1.36105,1
75,10.29,8,0.08,NDR-fold,57,6.76667,0.431819,1.36525,1
75,10.29,8,0.08,NDR-fold,58,6.88333,0.429332,1.3694,1
75,10.29,8,0.08,NDR-fold,59,7,0.426884,1.37352,1
76,12.71,8,0.08,NDR-fold,0,0.116667,0.114226,1.00167,1
76,12.71,8,0.08,NDR-fold,1,0.233333,0.215518,1.00629,1
76,12.71,8,0.08,NDR-fold,2,0.35,0.297285,1.01301,1
76,12.71,8,0.08,NDR-fold,3,0.466667,0.359428,1.02097,1
76,12.71,8,0.08,NDR-fold,4,0.583333,0.405052,1.02954,1
76,12.71,8,0.08,NDR-fold,5,0.7,0.437871,1.03831,1
76,12.71,8,0.08,NDR-fold,6,0.816667,0.461115,1.04707,1
76,12.71,8,0.08,NDR-fold,7,0.933333,0.47729,1.05568,1
76,12.71,8,0.08,NDR-fold,8,1.05,0.488255,1.06408,1
76,12.71,8,0.08,NDR-fold,9,1.16667,0.495366,1.07224,1
76,12.71,8,0.08,NDR-fold,10,1.28333,0.49961,1.08015,1
76,12.71,8,0.08,NDR-fold,11,1.4,0.50171,1.0878,1
76,12.71,8,0.08,NDR-fold,12,1.51667,0.502198,1.09521,1
76,12.71,8,0.08,NDR-fold,13,1.63333,0.50147,1.10238,1
76,12.71,8,0.08,NDR-fold,14,1.75,0.499822,1.10934,1
76,12.71,8,0.08,NDR-fold,15,1.86667,0.497479,1.11608,1
76,12.71,8,0.08,NDR-fold,16,1.98333,0.494611,1.12262,1
76,12.71,8,0.08,NDR-fold,17,2.1,0.49135,1.12898,1
76,12.71,8,0.08,NDR-fold,18,2.21667,0.487798,1.13516,1
76,12.71,8,0.08,NDR-fold,19,2.33333,0.484033,1.14118,1
76,12.71,8,0.08,NDR-fold,20,2.45,0.480117,1.14704,1
76,12.71,8,0.08,NDR-fold,21,2.56667,0.476098,1.15275,1
76,12.71,8,0.08,NDR-fold,22,2.68333,0.472013,1.15832,1
76,12.71,8,0.08,NDR-fold,23,2.8,0.467894,1.16376,1
76,12.71,8,0.08,NDR-fold,24,2.91667,0.463763,1.16908,1
76,12.71,8,0.08,NDR-fold,25,3.03333,0.459638,1.17428,1
76,12.71,8,0.08,NDR-fold,26,3.15,0.455535,1.17937,1
76,12.71,8,0.08,NDR-fold,27,3.26667,0.451465,1.18435,1
76,12.71,8,0.08,NDR-fold,28,3.38333,0.447437,1.18923,1
76,12.71,8,0.08,NDR-fold,29,3.5,0.443457,1.19401,1
76,12.71,8,0.08,NDR-fold,30,3.61667,0.439531,1.1987,1
76,12.71,8,0.08,NDR-fold,31,3.73333,0.435663,1.20331,1
76,12.71,8,0.08,NDR-fold,32,3.85,0.431856,1.20783,1
76,12.71,8,0.08,NDR-fold,33,3.96667,0.428111,1.21227,1
76,12.71,8,0.08,NDR-fold,34,4.08333,0.424429,1.21664,1
76,12.71,8,0.08,NDR-fold,35,4.2,0.420813,1.22093,1
76,12.71,8,0.08,NDR-fold,36,4.31667,0.417262,1.22515,1
76,12.71,8,0.08,NDR-fold,37,4.43333,0.413775,1.2293,1
76,12.71,8,0.08,NDR-fold,38,4.55,0.410353,1.23339,1
76,12.71,8,0.08,NDR-fold,39,4.66667,0.406995,1.23741,1
76,12.71,8,0.08,NDR-fold,40,4.78333,0.4037,1.24138,1
76,12.71,8,0.08,NDR-fold,41,4.9,0.400468,1.24529,1
76,12.71,8,0.08,NDR-fold,42,5.01667,0.397296,1.24914,1
76,12.71,8,0.08,NDR-fold,43,5.13333,0.394185,1.25294,1
76,12.71,8,0.08,NDR-fold,44,5.25,0.391133,1.25668,1
76,12.71,8,0.08,NDR-fold,45,5.36667,0.388139,1.26038,1
76,12.71,8,0.08,NDR-fold,46,5.48333,0.385201,1.26402,1
76,12.71,8,0.08,NDR-fold,47,5.6,0.382319,1.26762,1
76,12.71,8,0.08,NDR-fold,48,5.71667,0.379491,1.27118,1
76,12.71,8,0.08,NDR-fold,49,5.83333,0.376715,1.27469,1
76,12.71,8,0.08,NDR-fold,50,5.95,0.373991,1.27816,1
76,12.71,8,0.08,NDR-fold,51,6.06667,0.371317,1.28158,1
76,12.71,8,0.08,NDR-fold,52,6.18333,0.368692,1.28497,1
76,12.71,8,0.08,NDR-fold,53,6.3,0.366114,1.28831,1
76,12.71,8,0.08,NDR-fold,54,6.41667,0.363584,1.29162,1
76,12.71,8,0.08,NDR-fold,55,6.53333,0.361098,1.2949,1
76,12.71,8,0.08,NDR-fold,56,6.65,0.358657,1.29813,1
76,12.71,8,0.08,NDR-fold,57,6.76667,0.356259,1.30134,1
76,12.71,8,0.08,NDR-fold,58,6.88333,0.353903,1.3045,1
76,12.71,8,0.08,NDR-fold,59,7,0.351588,1.30764,1
77,15.14,8,0.08,NDR-fold,0,0.116667,0.113777,1.00166,1
77,15.14,8,0.08,NDR-fold,1,0.233333,0.212549,1.0062,1
77,15.14,8,0.08,NDR-fold,2,0.35,0.289593,1.01267,1
77,15.14,8,0.08,NDR-fold,3,0.466667,0.34589,1.02018,1
77,15.14,8,0.08,NDR-fold,4,0.583333,0.385555,1.02811,1
77,15.14,8,0.08,NDR-fold,5,0.7,0.412861,1.03613,1
77,15.14,8,0.08,NDR-fold,6,0.816667,0.431253,1.04402,1
77,15.14,8,0.08,NDR-fold,7,0.933333,0.443265,1.05171,1
77,15.14,8,0.08,NDR-fold,8,1.05,0.450702,1.05915,1
77,15.14,8,0.08,NDR-fold,9,1.16667,0.454841,1.06633,1
77,15.14,8,0.08,NDR-fold,10,1.28333,0.456588,1.07324,1
77,15.14,8,0.08,NDR-fold,11,1.4,0.456591,1.0799,1
77,15.14,8,0.08,NDR-fold,12,1.51667,0.455318,1.08632,1
77,15.14,8,0.08,NDR-fold,13,1.63333,0.45311,1.09251,1
77,15.14,8,0.08,NDR-fold,14,1.75,0.450218,1.09849,1
77,15.14,8,0.08,NDR-fold,15,1.86667,0.446829,1.10426,1
77,15.14,8,0.08,NDR-fold,16,1.98333,0.443084,1.10985,1
77,15.14,8,0.08,NDR-fold,17,2.1,0.439088,1.11526,1
77,15.14,8,0.08,NDR-fold,18,2.21667,0.434921,1.12051,1
77,15.14,8,0.08,NDR-fold,19,2.33333,0.430644,1.1256,1
77,15.14,8,0.08,NDR-fold,20,2.45,0.426305,1.13056,1
77,15.14,8,0.08,NDR-fold,21,2.56667,0.421939,1.13537,1
77,15.14,8,0.08,NDR-fold,22,2.68333,0.417572,1.14006,1
77,15.14,8,0.08,NDR-fold,23,2.8,0.413228,1.14463,1
77,15.14,8,0.08,NDR-fold,24,2.91667,0.40892,1.14909,1
77,15.14,8,0.08,NDR-fold,25,3.03333,0.404662,1.15343,1
77,15.14,8,0.08,NDR-fold,26,3.15,0.400463,1.15768,1
77,15.14,8,0.08,NDR-fold,27,3.26667,0.396329,1.16183,1
77,15.14,8,0.08,NDR-fold,28,3.38333,0.392265,1.1659,1
77,15.14,8,0.08,NDR-fold,29,3.5,0.388274,1.16987,1
77,15.14,8,0.08,NDR-fold,30,3.61667,0.384359,1.17376,1
77,15.14,8,0.08,NDR-fold,31,3.73333,0.380521,1.17758,1
77,15.14,8,0.08,NDR-fold,32,3.85,0.37676,1.18132,1
77,15.14,8,0.08,NDR-fold,33,3.96667,0.373076,1.18498,1
77,15.14,8,0.08,NDR-fold,34,4.08333,0.369469,1.18858,1
77,15.14,8,0.08,NDR-fold,35,4.2,0.365939,1.19212,1
77,15.14,8,0.08,NDR-fold,36,4.31667,0.362483,1.19559,1
77,15.14,8,0.08,NDR-fold,37,4.43333,0.359101,1.199,1
77,15.14,8,0.08,NDR-fold,38,4.55,0.355791,1.20236,1
77,15.14,8,0.08,NDR-fold,39,4.66667,0.352552,1.20566,1
77,15.14,8,0.08,NDR-fold,40,4.78333,0.349382,1.2089,1
77,15.14,8,0.08,NDR-fold,41,4.9,0.34628,1.2121,1
77,15.14,8,0.08,NDR-fold,42,5.01667,0.343243,1.21524,1
77,15.14,8,0.08,NDR-fold,43,5.13333,0.34027,1.21834,1
77,15.14,8,0.08,NDR-fold,44,5.25,0.33736,1.22139,1
77,15.14,8,0.08,NDR-fold,45,5.36667,0.334511,1.2244,1
77,15.14,8,0.08,NDR-fold,46,5.48333,0.33172,1.22737,1
77,15.14,8,0.08,NDR-fold,47,5.6,0.328987,1.23029,1
77,15.14,8,0.08,NDR-fold,48,5.71667,0.32631,1.23318,1
77,15.14,8,0.08,NDR-fold,49,5.83333,0.323687,1.23602,1
77,15.14,8,0.08,NDR-fold,50,5.95,0.321116,1.23883,1
77,15.14,8,0.08,NDR-fold,51,6.06667,0.318597,1.2416,1
77,15.14,8,0.08,NDR-fold,52,6.18333,0.316127,1.24434,1
77,15.14,8,0.08,NDR-fold,53,6.3,0.313706,1.24704,1
77,15.14,8,0.08,NDR-fold,54,6.41667,0.311331,1.24971,1
77,15.14,8,0.08,NDR-fold,55,6.53333,0.309002,1.25235,1
77,15.14,8,0.08,NDR-fold,56,6.65,0.306718,1.25496,1
77,15.14,8,0.08,NDR-fold,57,6.76667,0.304476,1.25754,1
77,15.14,8,0.08,NDR-fold,58,6.88333,0.302277,1.26008,1
77,15.14,8,0.08,NDR-fold,59,7,0.300117,1.2626,1
78,17.57,8,0.08,NDR-fold,0,0.116667,0.113333,1.00165,1
78,17.57,8,0.08,NDR-fold,1,0.233333,0.209695,1.00612,1
78,17.57,8,0.08,NDR-fold,2,0.35,0.282438,1.01236,1
78,17.57,8,0.08,NDR-fold,3,0.466667,0.333665,1.01946,1
78,17.57,8,0.08,NDR-fold,4,0.583333,0.368381,1.02686,1
78,17.57,8,0.08,NDR-fold,5,0.7,0.391275,1.03424,1
78,17.57,8,0.08,NDR-fold,6,0.816667,0.405902,1.04144,1
78,17.57,8,0.08,NDR-fold,7,0.933333,0.414771,1.04839,1
78,17.57,8,0.08,NDR-fold,8,1.05,0.419612,1.05507,1
78,17.57,8,0.08,NDR-fold,9,1.16667,0.421616,1.06149,1
78,17.57,8,0.08,NDR-fold,10,1.28333,0.421611,1.06763,1
78,17.57,8,0.08,NDR-fold,11,1.4,0.420178,1.07353,1
78,17.57,8,0.08,NDR-fold,12,1.51667,0.417728,1.07919,1
78,17.57,8,0.08,NDR-fold,13,1.63333,0.414557,1.08464,1
78,17.57,8,0.08,NDR-fold,14,1.75,0.410879,1.08988,1
78,17.57,8,0.08,NDR-fold,15,1.86667,0.406851,1.09493,1
78,17.57,8,0.08,NDR-fold,16,1.98333,0.402588,1.09981,1
78,17.57,8,0.08,NDR-fold,17,2.1,0.398177,1.10452,1
78,17.57,8,0.08,NDR-fold,18,2.21667,0.393681,1.10908,1
78,17.57,8,0.08,NDR-fold,19,2.33333,0.389148,1.1135,1
78,17.57,8,0.08,NDR-fold,20,2.45,0.384613,1.11779,1
78,17.57,8,0.08,NDR-fold,21,2.56667,0.380104,1.12195,1
78,17.57,8,0.08,NDR-fold,22,2.68333,0.375638,1.126,1
78,17.57,8,0.08,NDR-fold,23,2.8,0.371232,1.12993,1
78,17.57,8,0.08,NDR-fold,24,2.91667,0.366896,1.13376,1
78,17.57,8,0.08,NDR-fold,25,3.03333,0.362637,1.1375,1
78,17.57,8,0.08,NDR-fold,26,3.15,0.35846,1.14114,1
78,17.57,8,0.08,NDR-fold,27,3.26667,0.354369,1.1447,1
78,17.57,8,0.08,NDR-fold,28,3.38333,0.350365,1.14818,1
78,17.57,8,0.08,NDR-fold,29,3.5,0.34645,1.15157,1
78,17.57,8,0.08,NDR-fold,30,3.61667,0.342623,1.15489,1
78,17.57,8,0.08,NDR-fold,31,3.73333,0.338884,1.15815,1
78,17.57,8,0.08,NDR-fold,32,3.85,0.335233,1.16133,1
78,17.57,8,0.08,NDR-fold,33,3.96667,0.331667,1.16445,1
78,17.57,8,0.08,NDR-fold,34,4.08333,0.328184,1.16751,1
78,17.57,8,0.08,NDR-fold,35,4.2,0.324784,1.17051,1
78,17.57,8,0.08,NDR-fold,36,4.31667,0.321464,1.17346,1
78,17.57,8,0.08,NDR-fold,37,4.43333,0.318222,1.17635,1
78,17.57,8,0.08,NDR-fold,38,4.55,0.315056,1.17919,1
78,17.57,8,0.08,NDR-fold,39,4.66667,0.311963,1.18198,1
78,17.57,8,0.08,NDR-fold,40,4.78333,0.308943,1.18472,1
78,17.57,8,0.08,NDR-fold,41,4.9,0.305991,1.18742,1
78,17.57,8,0.08,NDR-fold,42,5.01667,0.303107,1.19007,1
78,17.57,8,0.08,NDR-fold,43,5.13333,0.300289,1.19269,1
78,17.57,8,0.08,NDR-fold,44,5.25,0.297533,1.19526,1
78,17.57,8,0.08,NDR-fold,45,5.36667,0.294839,1.19779,1
78,17.57,8,0.08,NDR-fold,46,5.48333,0.292205,1.20028,1
78,17.57,8,0.08,NDR-fold,47,5.6,0.289628,1.20274,1
78,17.57,8,0.08,NDR-fold,48,5.71667,0.287107,1.20516,1
78,17.57,8,0.08,NDR-fold,49,5.83333,0.28464,1.20755,1
78,17.57,8,0.08,NDR-fold,50,5.95,0.282225,1.2099,1
78,17.57,8,0.08,NDR-fold,51,6.06667,0.279861,1.21223,1
78,17.57,8,0.08,NDR-fold,52,6.18333,0.277546,1.21452,1
78,17.57,8,0.08,NDR-fold,53,6.3,0.275278,1.21678,1
78,17.57,8,0.08,NDR-fold,54,6.41667,0.273057,1.21901,1
78,17.57,8,0.08,NDR-fold,55,6.53333,0.27088,1.22122,1
78,17.57,8,0.08,NDR-fold,56,6.65,0.268747,1.2234,1
78,17.57,8,0.08,NDR-fold,57,6.76667,0.266656,1.22555,1
78,17.57,8,0.08,NDR-fold,58,6.88333,0.264606,1.22767,1
78,17.57,8,0.08,NDR-fold,59,7,0.262595,1.22977,1
79,20,8,0.08,NDR-fold,0,0.116667,0.112894,1.00165,1
79,20,8,0.08,NDR-fold,1,0.233333,0.206949,1.00604,1
79,20,8,0.08,NDR-fold,2,0.35,0.275757,1.01206,1
79,20,8,0.08,NDR-fold,3,0.466667,0.32255,1.01882,1
79,20,8,0.08,NDR-fold,4,0.583333,0.353099,1.02575,1
79,20,8,0.08,NDR-fold,5,0.7,0.372395,1.03258,1
79,20,8,0.08,NDR-fold,6,0.816667,0.384036,1.0392,1
79,20,8,0.08,NDR-fold,7,0.933333,0.390472,1.04556,1
79,20,8,0.08,NDR-fold,8,1.05,0.393348,1.05163,1
79,20,8,0.08,NDR-fold,9,1.16667,0.393773,1.05743,1
79,20,8,0.08,NDR-fold,10,1.28333,0.3925,1.06296,1
79,20,8,0.08,NDR-fold,11,1.4,0.390052,1.06826,1
79,20,8,0.08,NDR-fold,12,1.51667,0.386791,1.07333,1
79,20,8,0.08,NDR-fold,13,1.63333,0.382975,1.07819,1
79,20,8,0.08,NDR-fold,14,1.75,0.378789,1.08286,1
79,20,8,0.08,NDR-fold,15,1.86667,0.374363,1.08735,1
79,20,8,0.08,NDR-fold,16,1.98333,0.369795,1.09168,1
79,20,8,0.08,NDR-fold,17,2.1,0.365154,1.09585,1
79,20,8,0.08,NDR-fold,18,2.21667,0.36049,1.09989,1
79,20,8,0.08,NDR-fold,19,2.33333,0.355842,1.10379,1
79,20,8,0.08,NDR-fold,20,2.45,0.351236,1.10757,1
79,20,8,0.08,NDR-fold,21,2.56667,0.346691,1.11123,1
79,20,8,0.08,NDR-fold,22,2.68333,0.342222,1.11479,1
79,20,8,0.08,NDR-fold,23,2.8,0.337838,1.11824,1
79,20,8,0.08,NDR-fold,24,2.91667,0.333546,1.12161,1
79,20,8,0.08,NDR-fold,25,3.03333,0.329349,1.12488,1
79,20,8,0.08,NDR-fold,26,3.15,0.32525,1.12807,1
79,20,8,0.08,NDR-fold,27,3.26667,0.32125,1.13118,1
79,20,8,0.08,NDR-fold,28,3.38333,0.317349,1.13421,1
79,20,8,0.08,NDR-fold,29,3.5,0.313545,1.13718,1
79,20,8,0.08,NDR-fold,30,3.61667,0.309838,1.14007,1
79,20,8,0.08,NDR-fold,31,3.73333,0.306225,1.14291,1
79,20,8,0.08,NDR-fold,32,3.85,0.302705,1.14568,1
79,20,8,0.08,NDR-fold,33,3.96667,0.299275,1.14839,1
79,20,8,0.08,NDR-fold,34,4.08333,0.295932,1.15105,1
79,20,8,0.08,NDR-fold,35,4.2,0.292674,1.15365,1
79,20,8,0.08,NDR-fold,36,4.31667,0.289499,1.15621,1
79,20,8,0.08,NDR-fold,37,4.43333,0.286404,1.15872,1
79,20,8,0.08,NDR-fold,38,4.55,0.283385,1.16118,1
79,20,8,0.08,NDR-fold,39,4.66667,0.280442,1.16359,1
79,20,8,0.08,NDR-fold,40,4.78333,0.277571,1.16596,1
79,20,8,0.08,NDR-fold,41,4.9,0.27477,1.1683,1
79,20,8,0.08,NDR-fold,42,5.01667,0.272036,1.17059,1
79,20,8,0.08,NDR-fold,43,5.13333,0.269367,1.17284,1
79,20,8,0.08,NDR-fold,44,5.25,0.266762,1.17506,1
79,20,8,0.08,NDR-fold,45,5.36667,0.264217,1.17725,1
79,20,8,0.08,NDR-fold,46,5.48333,0.261731,1.17939,1
79,20,8,0.08,NDR-fold,47,5.6,0.259302,1.18151,1
79,20,8,0.08,NDR-fold,48,5.71667,0.256928,1.1836,1
79,20,8,0.08,NDR-fold,49,5.83333,0.254607,1.18565,1
79,20,8,0.08,NDR-fold,50,5.95,0.252337,1.18768,1
79,20,8,0.08,NDR-fold,51,6.06667,0.250116,1.18967,1
79,20,8,0.08,NDR-fold,52,6.18333,0.247944,1.19164,1
79,20,8,0.08,NDR-fold,53,6.3,0.245818,1.19358,1
79,20,8,0.08,NDR-fold,54,6.41667,0.243737,1.1955,1
79,20,8,0.08,NDR-fold,55,6.53333,0.2417,1.19739,1
79,20,8,0.08,NDR-fold,56,6.65,0.239704,1.19925,1
79,20,8,0.08,NDR-fold,57,6.76667,0.237749,1.2011,1
79,20,8,0.08,NDR-fold,58,6.88333,0.235834,1.20292,1
79,20,8,0.08,NDR-fold,59,7,0.233957,1.20471,1
